base_origin,feature,r_mean,r_std,slope_mean,slope_std,p_value,bootstrap_p,n_samples,mean_calculated_std,p_adj,neg_log10_padj,bootstrap_p_adj,neg_log10_bootstrap_padj
Os_LEA_or6,nardini_Frac A_raw,0.4048935389784283,0.12057467465512708,1.3140303827387934,0.3952755657855633,0.0017508154384241208,0.002,55,0.16094136420000002,0.014356686595077791,1.8429457801156661,0.014577777777777776,1.8363086743996835
Os_LEA_or6,nardini_Frac C_raw,0.02233838458496636,0.1062537041025012,1.309763569587403,5.772170024993554,0.8961807640088382,0.825938566552901,32,0.1419104105625,0.9507408329044544,0.021937853387538515,0.9111250554798818,0.04042201031845977
Os_LEA_or6,nardini_Frac D_raw,0.05295124684829136,0.13665831571766376,1.1305044699986362,0.9560210772396177,0.6845291083572971,0.674,59,0.1759120037457627,0.8451026080931456,0.07309055800499653,0.8342339622641509,0.07871213368980896
Os_LEA_or6,nardini_Frac E_raw,0.07681911907819197,0.13800750482334165,0.12578788674863584,1.0173104839161786,0.5560668583492641,0.584,60,0.1788607767166667,0.7535605351621939,0.12288185412452705,0.7734266487213997,0.11158086821683433
Os_LEA_or6,nardini_Frac F_raw,-0.36800006506865124,0.14264360526992623,-9.079708715493977,3.9408712762213947,0.00983022170225771,0.02,46,0.1511802628478261,0.05145179869692333,1.2885994381902957,0.08556521739130435,1.0677027419222702
Os_LEA_or6,nardini_Frac G_raw,0.0858929111592105,0.17699389863218004,0.6928849646772908,2.0475676466760535,0.6250366516263679,0.614,34,0.14587513152941178,0.8039687126801909,0.09476085196639625,0.7949684210526315,0.09965012270828218
Os_LEA_or6,nardini_Frac H_raw,-0.1340934261264121,0.10821970541909663,-5.694162021894197,6.506884849489127,0.4947213814099076,0.20437956204379562,28,0.13681466035714288,0.7096295033634826,0.1489683366915549,0.4371945414154237,0.3593252690644201
Os_LEA_or6,nardini_Frac I_raw,-0.05410068765823786,0.21243542252915346,-0.47763042284169377,1.5849819809256365,0.7723820344158112,0.778,23,0.155009898,0.8930950903233351,0.049102298105726055,0.8891428571428571,0.05102845603262432
Os_LEA_or6,nardini_Frac K_raw,0.2753949189557585,0.12272891645275891,1.1269158739679923,0.6171033616769389,0.028477436625233565,0.038,64,0.16653335648437498,0.1120871905569193,0.9504440162035183,0.14326436781609195,0.8438618122901294
Os_LEA_or6,nardini_Frac L_raw,-0.24589994295048492,0.1251124021278455,-3.1101394352166354,1.9054531903138052,0.06384861110232144,0.06,57,0.15639631650877195,0.20531710236824935,0.6875748735480366,0.2035862068965517,0.691251649083971
Os_LEA_or6,nardini_Frac M_raw,-0.36045426451538626,0.12711424564266274,-6.214904726298264,2.283268731572835,0.005341820523888303,0.006,56,0.15224561875,0.03244661355250673,1.4888306237389917,0.03493491124260355,1.4567403557986884
Os_LEA_or6,nardini_Frac N_raw,-0.08300882184278369,0.21703314935066523,0.061465789291100026,0.9072926894129878,0.6709683465332332,0.704,24,0.12032700295833333,0.8373406938298973,0.07709780204822357,0.8510270270270269,0.07005664731574755
Os_LEA_or6,nardini_Frac P_raw,0.31880189244416113,0.2125455542992596,5.127534631140224,3.2834227386431323,0.11072014491099108,0.17,24,0.16126839479166669,0.30517821454458044,0.5154464721613536,0.3963981042654029,0.40186843115205834
Os_LEA_or6,nardini_Frac Q_raw,-0.16574562082699898,0.12592869532938003,-0.6609447929428613,0.7697319126010731,0.19501814317981087,0.198,55,0.14003413261818182,0.4226824953500747,0.3739857373384364,0.43104424778761063,0.3654781461185095
Os_LEA_or6,nardini_Frac R_raw,-0.38254400753889184,0.10605780007579473,-2.4288556819073612,0.6182814850082736,0.0013804694560633028,0.004,64,0.16719271318749998,0.011812016911011218,1.927675939936421,0.026066225165562916,1.5839218575338654
Os_LEA_or6,nardini_Frac S_raw,0.06408980764670848,0.16548365396033335,0.5882604077340057,0.7150041137054255,0.6280361267408328,0.696,42,0.1395279271904762,0.8060858543064692,0.0936187000486911,0.8465562422744128,0.07234418357036869
Os_LEA_or6,nardini_Frac T_raw,-0.26500005854385916,0.13015559044706404,-4.136813222076287,1.5312680834193828,0.05448194878831265,0.046,51,0.12503832756862748,0.18943546857844398,0.7225387034438421,0.1658021978021978,0.7804097169278404
Os_LEA_or6,nardini_Frac V_raw,0.019554184459782884,0.15576558496738827,-0.6926224995290686,2.089392662399816,0.9061234611129785,0.918,54,0.1551387754814815,0.954557823920594,0.020197758366174386,0.9548752642706131,0.02005335676920882
Os_LEA_or6,nardini_Frac Y_raw,-0.05130798465507706,0.04630949273166767,-5.262708962265044,3.8230170881627377,0.761985213959768,0.2153846153846154,45,0.15435518693333333,0.8880333266256921,0.05157073546233488,0.451894374282434,0.3449630652483593
Os_LEA_or6,nardini_Frac K+R_raw,-0.2225180683091061,0.22984891995476128,-0.557426312115475,0.6081017833037581,0.2921876003629233,0.348,22,0.2191715612727273,0.5315439385449294,0.27446082995744137,0.5843549488054607,0.23332327364016828
Os_LEA_or6,nardini_Frac D+E_raw,0.06933540871760341,0.24661519587318295,0.39864381546869304,0.7426515810632314,0.784840293841672,0.776,22,0.2191715612727273,0.90009656076947,0.04571089771637633,0.8878883720930233,0.05164163155403775
Os_LEA_or6,nardini_Frac Polar_raw,-0.36297786284018,0.14479794091346113,-0.6048817545121069,0.35875522286444816,0.010785163550034314,0.022,45,0.14184662762222225,0.05527396319392586,1.2574793949885945,0.09290987124463519,1.0319381417724711
Os_LEA_or6,nardini_Frac Aliphatic_raw,0.3313142944405083,0.1925795483900803,1.7844473908473082,2.2554227499635484,0.05242531646951546,0.118,32,0.1419104105625,0.18358189112456658,0.7361701606759007,0.32075138121546964,0.4938314647956988
Os_LEA_or6,nardini_Frac Aromatic_raw,-0.16106143548627044,0.0811810120023496,-6.677765838252049,2.2201458009120802,0.5062810336806334,0.028616852146263912,28,0.14145204071428572,0.716806528261501,0.14459804802361584,0.11354428432227295,0.9448347227368376
Os_LEA_or6,nardini_R/K Ratio_raw,-0.17973717276373763,0.10255038774502184,-0.10481285390270598,0.049400922283759585,0.04880794514006779,0.094,113,0.17504662634513277,0.17332744078828385,0.761132675373128,0.2802909090909091,0.5523909878468473
Os_LEA_or6,nardini_E/D Ratio_raw,-0.07339856161793173,0.13320806251984385,-0.18604206785117913,0.13716126999890035,0.598111302895471,0.572,60,0.17489508851666669,0.7846223441736023,0.1053393283590139,0.7616346414073072,0.11825331117046001
Os_LEA_or6,nardini_Frac Chain Expanding_raw,0.3370949759997191,0.22302823853275283,0.6743158560701201,0.44924518869753244,0.1574926277193639,0.13,19,0.20091625589473686,0.37082776746757623,0.4308277534745827,0.33574803149606297,0.47398652493744103
Os_LEA_or6,nardini_FCR_raw,-0.008684926539608078,0.3116403616649757,0.14333770960878497,0.4285327917088629,0.9760465703261729,0.98,14,0.18877385900000002,0.989453539146293,0.004604593742693238,0.9920821355236139,0.0034523706603243674
Os_LEA_or6,nardini_NCPR_raw,-0.24343575007913454,0.33771730434445774,-0.4704431335578411,0.5843661904369574,0.4094281948783638,0.484,12,0.26170493824999996,0.6394878472385872,0.19416770439466466,0.7076612184249628,0.1501746041482229
Os_LEA_or6,nardini_Disorder Promoting_raw,0.40874959574028147,0.1394059504294475,0.8618647655775253,0.28153060280981157,0.0071756817087960615,0.001,42,0.16139235742857144,0.04057971724974325,1.39169098335748,0.008707964601769912,2.060083345052078
Os_LEA_or6,nardini_Iso point_raw,-0.2889511538604079,0.3795720333705811,-0.02006828890447597,0.03705829835987928,0.34659350708733405,0.446,10,0.26341868049999995,0.5714105337454277,0.2430517578186138,0.6731042944785276,0.1719176385884368
Os_LEA_or6,nardini_PPII_raw,0.26539322054098363,0.2320819295774373,4.891263007841906,3.8365663511364057,0.22058596724778387,0.244,20,0.14820233565,0.44163331729982147,0.3549381703928691,0.4840645161290323,0.3150967517201265
Os_LEA_or6,nardini_A Patch_raw,0.30790312785222385,0.10191487405505194,0.6578271176880441,0.19763175047684103,0.004084114996791615,0.008,82,0.16925914469512196,0.02609590361586331,1.5834276603494772,0.04349171270718232,1.3615934894458994
Os_LEA_or6,nardini_E Patch_raw,0.04177471970615585,0.23053497275080706,0.5040891504967588,0.9489712454774547,0.8399727767985905,0.824,25,0.21025300396,0.9239907696834384,0.03433236719501389,0.9100067340067339,0.04095539390841752
Os_LEA_or6,nardini_K Patch_raw,-0.15712050543366496,0.16296244712780802,-1.4554365815521269,1.5567775956425947,0.3398304990009201,0.364,38,0.16056707452631577,0.5667681542659413,0.2465945600038302,0.5989565217391305,0.2226047019080133
Os_LEA_or6,nardini_R Patch_raw,0.07337396026713913,0.40210738610126806,-0.34607681173903854,3.371070795993064,0.7997653782045621,0.862,10,0.2155811521,0.9088370344076105,0.041513984107572906,0.9270032786885245,0.032918729810394
Os_LEA_or6,nardini_S Patch_raw,0.3354243654384072,0.339348096314194,1.2971994358990087,1.5192383144430592,0.32027446078743294,0.34,10,0.0809301825,0.5537350018265692,0.25669802368024397,0.5788235294117647,0.23745382294693237
Os_LEA_or6,nardini_Frac A_zscore,0.3610754425911299,0.1339895922073526,0.06032561038098996,0.024071313237089807,0.007284991118040103,0.014,52,0.15470712315384613,0.04096246434372264,1.387613923646339,0.06591387559808612,1.1810231520014745
Os_LEA_or6,nardini_Frac D_zscore,0.02563366844756648,0.09939655545406485,0.006054677190712997,0.03922837072989817,0.8162459475910454,0.794,108,0.17764812558333337,0.9151611863728162,0.038502407368316824,0.8970103329506315,0.04720255414922541
Os_LEA_or6,nardini_Frac E_zscore,0.09140726713908891,0.13539280459360734,0.0028079585647503434,0.07149012472089654,0.46321648933135495,0.518,60,0.17417895339999998,0.6833658553254172,0.16534672470936074,0.732344827586207,0.1352843814339875
Os_LEA_or6,nardini_Frac F_zscore,-0.06223998395563507,0.11726566695649775,-0.042793014131063005,0.14161442059246626,0.5205750886622205,0.584,85,0.18680195468235297,0.727081903181893,0.1384166646616653,0.7734266487213997,0.11158086821683433
Os_LEA_or6,nardini_Frac G_zscore,-0.0392637784713226,0.1824677507829809,-0.044444041091624434,0.09559930769332024,0.8359224316670762,0.854,30,0.13255466589999998,0.9221386465923801,0.03520377642670374,0.9247228915662651,0.03398839125425197
Os_LEA_or6,nardini_Frac K_zscore,0.38655817064784265,0.11156002497213367,0.11545046914792083,0.03675349163587874,0.0017839845483843442,0.002,61,0.16548813845901642,0.014448244797299866,1.8401849086961377,0.014577777777777776,1.8363086743996835
Os_LEA_or6,nardini_Frac L_zscore,-0.13809250136393283,0.12144609096800962,-0.05417717800438541,0.05898726395948384,0.21196232781853266,0.256,86,0.18866280750000006,0.4354299176898458,0.3610817345938817,0.4910409356725146,0.3088823013686252
Os_LEA_or6,nardini_Frac M_zscore,-0.3634175145931574,0.127746877000043,-0.12207808458915642,0.04432935849376188,0.005341820523888303,0.006,56,0.15224561875,0.03244661355250673,1.4888306237389917,0.03493491124260355,1.4567403557986884
Os_LEA_or6,nardini_Frac P_zscore,0.1085989279036331,0.09806568003731393,0.3421191518503906,0.14651553951282,0.2535706583350625,0.276,112,0.1742907971875,0.4854348789916371,0.3138690223810957,0.5173028571428572,0.28625512290939764
Os_LEA_or6,nardini_Frac Q_zscore,-0.1563914000760372,0.12494146798271576,-0.03543438014604377,0.0454131228695802,0.1785720940055357,0.21,72,0.19354402684722222,0.3998280709055324,0.3981267184434799,0.44534482758620686,0.35130358738962014
Os_LEA_or6,nardini_Frac R_zscore,-0.18534321200760365,0.18447072049087102,-0.0787841511390146,0.05388052804781986,0.2987147469188345,0.306,32,0.17824359715625,0.5363783046863744,0.2705287967144373,0.5450368994672792,0.2635740946177591
Os_LEA_or6,nardini_Frac S_zscore,0.049953822577387265,0.09748700137345145,0.037076604237329704,0.03889458990877121,0.6321390430215207,0.596,108,0.1734480496666667,0.8078244393937356,0.09268301210526562,0.782995994659546,0.10624045952788859
Os_LEA_or6,nardini_Frac T_zscore,-0.17192872383162694,0.10344632385299449,-0.2149791545893258,0.09443770484763775,0.0958551789089021,0.106,92,0.18368948055434786,0.27870087394698295,0.5548616694289381,0.3023304347826087,0.5195181313771624
Os_LEA_or6,nardini_Frac V_zscore,-0.04134643763663636,0.15367263383842275,-0.04229749440462623,0.052268836059006195,0.8057811243789081,0.776,53,0.1579706876226415,0.9103198925245071,0.04080596685989849,0.8878883720930233,0.05164163155403775
Os_LEA_or6,nardini_Frac Y_zscore,-0.013743506651672515,0.03187611996024083,-3.195275186828594,5.602403675664557,0.9208916330340161,0.6119162640901772,69,0.18697316746376816,0.9619504956533672,0.0168472772530094,0.7933143660931942,0.10055468102390883
Os_LEA_or6,nardini_Frac K+R_zscore,0.0752067291996423,0.24088308222197855,0.02280713228694782,0.06154855165700449,0.7257430805741629,0.748,21,0.20481794447619045,0.8719550565140126,0.05950589948369767,0.8733727810650888,0.05880034712665078
Os_LEA_or6,nardini_Frac D+E_zscore,0.19137551558269175,0.235395224649073,0.07263994897482391,0.08430831798479803,0.4073604547740354,0.414,21,0.2096281568095238,0.6391219158851573,0.19441628997014265,0.6483049026769216,0.18822069411901085
Os_LEA_or6,nardini_Frac Polar_zscore,-0.2825715535829205,0.09094174203970193,-0.079590177941365,0.04739248485260981,0.002941851358037122,0.001,113,0.17504662634513277,0.02053036692417396,1.687603288733645,0.008707964601769912,2.060083345052078
Os_LEA_or6,nardini_Frac Aliphatic_zscore,0.4029058499717853,0.16252657862701533,0.10176332707273193,0.09250254263567848,0.011618437524312842,0.018,35,0.14854500274285717,0.05803321078133927,1.236323400725438,0.08014479638009049,1.0961246701504632
Os_LEA_or6,nardini_Frac Aromatic_zscore,-0.006946616280084795,0.024835947674323174,-1.81070954586601,3.449892824907901,0.9522431548343107,0.7238095238095238,86,0.18472645147674419,0.9799117933061965,0.00881301553655177,0.8604057971014493,0.06529667215639173
Os_LEA_or6,nardini_R/K Ratio_zscore,-0.39501098146717245,0.1033921421578323,-0.07702058261876751,0.020794712497119915,0.0014329709269639973,0.004,60,0.16411399191666667,0.012155546483901493,1.915225511554682,0.026066225165562916,1.5839218575338654
Os_LEA_or6,nardini_E/D Ratio_zscore,-0.08498763830001847,0.13676387705110982,-0.06135277962030028,0.044259175239143474,0.518982242173432,0.514,57,0.17598879650877192,0.727081903181893,0.1384166646616653,0.7308901734104046,0.13614787703014056
Os_LEA_or6,nardini_Frac Chain Expanding_zscore,0.3772502008169491,0.1611027659044227,0.06371075634617479,0.04614088839402623,0.01907837381218953,0.03,38,0.16054710192105268,0.08162226013562825,1.0881913837009283,0.11807999999999999,0.9278236555210337
Os_LEA_or6,nardini_FCR_zscore,0.35390965392415713,0.2529423579112658,0.08148301266680062,0.056831227251424865,0.2022938097496995,0.186,14,0.17082148985714282,0.4261067392740389,0.37048159697443117,0.41691116173120724,0.3799564775928636
Os_LEA_or6,nardini_Hydrophobicity_zscore,0.1309558620942287,0.13839939156147743,0.09039366272523242,0.2486679741098081,0.3225560851274826,0.362,56,0.17768223085714285,0.5541707550191162,0.2563563967583078,0.5976644295302013,0.22354259077572927
Os_LEA_or6,nardini_Disorder Promoting_zscore,0.37459551558334786,0.10656321086782923,0.06328214620339025,0.02013136864013585,0.0014683743855242884,0.001,67,0.15598778200000002,0.012349405088511964,1.9083539632949684,0.008707964601769912,2.060083345052078
Os_LEA_or6,nardini_Iso point_zscore,-0.08876949932836581,0.11828739103042958,-0.06697423800766067,0.15305551892965816,0.34564350173914726,0.47,113,0.17504662634513277,0.5714105337454277,0.2430517578186138,0.6944144144144143,0.15838127280324216
Os_LEA_or6,nardini_PPII_zscore,0.3129474978614178,0.09591615210028787,0.16450338471707215,0.05995678785254806,0.0007401380472751027,0.002,113,0.17504662634513277,0.007220912499037057,2.141407917630375,0.014577777777777776,1.8363086743996835
Os_LEA_or6,nardini_A Patch_zscore,0.3900166090627929,0.10849718201759699,0.02908539114232055,0.008837339386196552,0.0018855024915770695,0.006,58,0.16327467548275862,0.01484267561369469,1.8284878039409058,0.03493491124260355,1.4567403557986884
Os_LEA_or6,cider_kappa,-0.022304379881494852,0.135216706618233,-0.026335382162441228,0.15362848484297506,0.8193668751976129,0.866,68,0.20633107664705883,0.9151611863728162,0.038502407368316824,0.9282614379084967,0.0323296907525543
Os_LEA_or6,cider_omega,-0.07205788246509608,0.11969974995711308,-0.08149291694177543,0.17104035871327186,0.4981087510918736,0.556,82,0.19391430800000004,0.7119924995749689,0.14752458137769453,0.7521534246575343,0.12369356275153559
Os_LEA_or6,cider_delta,0.05128355665576947,0.1277222702098403,0.19925282532391453,0.5952863693776451,0.6510602342072007,0.672,67,0.19974354592537316,0.8202858776695077,0.08603476535138199,0.8338562421185373,0.07890881583243702
Os_LEA_or6,cider_mean_net_charge,-0.15777514703671847,0.34991039597187623,-0.2386671262119271,1.0299731755065438,0.5758312401599606,0.626,12,0.26170493824999996,0.7671036707561901,0.11514593905644832,0.802535064935065,0.0955359830039442
Os_LEA_or6,cider_fraction_neutral,0.005964411265575466,0.29703117078602415,-0.14622701478455138,0.44360849177989853,0.9760465703261729,0.958,14,0.18877385900000002,0.989453539146293,0.004604593742693238,0.9799085239085239,0.008814464527927033
Os_LEA_or6,sparrow_SCD,-0.08689229751766392,0.09844419818303328,-0.00469636089501072,0.006175989997149741,0.3791390317371026,0.372,113,0.17504662634513277,0.611622448738785,0.21351658280115057,0.604039603960396,0.2189345858530472
Os_LEA_or6,sparrow_SHD,0.033873819667723216,0.3276169534783136,0.010389913746910534,0.5895654553891357,0.9346189946036425,0.934,14,0.1741510902142857,0.9701108551582113,0.013178635803149832,0.966410094637224,0.014838542275979022
Os_LEA_or6,sparrow_complexity,-0.2819980972631065,0.17117701563698925,-1.8208772035460796,1.0783702429526323,0.08279230236865626,0.098,38,0.14977270336842108,0.24762196209956766,0.6062108394755564,0.28785671641791044,0.5408236329130088
Os_LEA_or6,sparrow_scaled_rg,-0.06601634334223834,0.2449483323821427,-0.0012499422475122082,0.01914268715733348,0.8056609740932285,0.768,21,0.22973619123809527,0.9103198925245071,0.04080596685989849,0.8838736842105264,0.0536097962653191
Os_LEA_or6,sparrow_scaled_re,0.015910369613555648,0.2669573260996573,0.0007148114344535319,0.004831598326883773,0.8600949015145793,0.994,20,0.2188634648,0.9341428069429868,0.029586725990029275,0.998,0.0008694587126288914
Os_LEA_or6,sparrow_prefactor,-0.04211598797176752,0.33052387420084295,-0.000694893476850128,0.01970236558222091,0.8755025376321142,0.854,14,0.19653222478571425,0.9399749921692063,0.026883700557100175,0.9247228915662651,0.03398839125425197
Os_LEA_or6,sparrow_scaling_exponent,-0.05945996610177445,0.34586286135949357,-0.09981900156109606,0.39878926021631883,0.8866190227890784,0.842,13,0.20719891376923075,0.9441916866065512,0.024939827752248882,0.9195649278579356,0.03641760104807194
Os_LEA_or6,sparrow_asphericity,-0.11509602547823872,0.3407811845376229,-0.452118575706146,1.395962829281502,0.6695823965448444,0.682,14,0.1941059987142857,0.8371906965694116,0.07717560648124556,0.83886,0.07631051390412312
Os_LEA_or6,avg_helix_prob,-0.35448634983444083,0.09100596878197803,-0.6803621205804976,0.20392247056078708,0.0002118663277483087,0.001,103,0.17187401836893204,0.0028172495473558884,2.5501746822156597,0.008707964601769912,2.060083345052078
Os_LEA_or6,avg_beta_prob,-0.14875366879661261,0.0992974604353849,-1.316995580711967,0.9433857174116252,0.13832192775543467,0.144,104,0.17938261097115385,0.34545374850595867,0.46161009044102047,0.35691687657430726,0.4474329162365239
Os_LEA_or6,avg_coil_prob,0.36450078790247364,0.09175945793818963,0.6824598748126205,0.19672836143982367,0.00015513469606668261,0.001,103,0.17187401836893204,0.002212355665646604,2.6551450531308953,0.008707964601769912,2.060083345052078
Os_LEA_or6,avg_mito_targeting,-0.3350603002729361,0.5309285892188199,-1.224200926744622,3.703322209670702,0.4992532181146331,0.4864321608040201,6,0.2060221263333333,0.7119924995749689,0.14752458137769453,0.7101620863963736,0.14864251720529129
Os_LEA_or6,avg_nes,-0.11806740921886037,0.10304125555696982,-4.138762918784377,2.43139157298932,0.25443803349168387,0.26,99,0.17387788788888892,0.4861495630210038,0.31323010028062065,0.4948549323017408,0.30552209669178304
Os_LEA_or6,avg_nis,0.05092259003277793,0.10231616965959542,-0.33584605420731894,0.8916993754248804,0.5768869068694926,0.63,113,0.17504662634513277,0.7671036707561901,0.11514593905644832,0.8030051813471503,0.09528165245081292
syn_LEA_1,nardini_Frac A_raw,0.41770141595337507,0.11989789821461748,1.372403911890949,0.3147046803325352,0.0010762949873423591,0.002,59,0.2888721638305085,0.009456020245936442,2.0242916066099155,0.014577777777777776,1.8363086743996835
syn_LEA_1,nardini_Frac C_raw,0.15510766949308483,0.24671596385583494,1.7935709913931022,1.889134331512221,0.5491498198872613,0.506,15,0.46832167866666663,0.7484257933089544,0.12585125364300712,0.7235605183453393,0.1405251387892246
syn_LEA_1,nardini_Frac D_raw,0.0631677745934173,0.12703349528227928,0.6654060473773359,1.078236294624833,0.6450258666492954,0.628,57,0.278760113754386,0.8179193979161169,0.08728949188490459,0.802535064935065,0.0955359830039442
syn_LEA_1,nardini_Frac E_raw,-0.11847920784008933,0.11461268602325,-0.8214110966206472,0.768779604327657,0.3373317851020906,0.306,63,0.2650753787936508,0.5645144158851313,0.2483249631111586,0.5450368994672792,0.2635740946177591
syn_LEA_1,nardini_Frac F_raw,-0.044440788707597906,0.2997404227493052,0.17456879628774108,8.210182582164556,0.8952684034275189,0.858,15,0.4751881134,0.9507408329044544,0.021937853387538515,0.9247228915662651,0.03398839125425197
syn_LEA_1,nardini_Frac G_raw,-0.09414340144071279,0.1932329357293515,-0.3942814924443786,2.1658433265663612,0.6432512897573959,0.626,26,0.34812519496153843,0.8175622103383033,0.08747919086498761,0.802535064935065,0.0955359830039442
syn_LEA_1,nardini_Frac H_raw,-0.3909554632713496,0.20017294823486817,-7.210778068000534,8.350266645943202,0.034248287225620296,0.072,29,0.3262825724482758,0.13011704490351494,0.8856658085677919,0.22854193548387094,0.6410340989716627
syn_LEA_1,nardini_Frac I_raw,-0.5119432141340907,0.09473959112528868,-2.4555662030191416,1.270536306919252,3.400175545377396e-05,0.001,57,0.29792771885964914,0.0006434178339714149,3.191506905684537,0.008707964601769912,2.060083345052078
syn_LEA_1,nardini_Frac K_raw,0.3298530415353413,0.10153694001266658,1.3627187993502987,0.5697733166899877,0.008588817477086588,0.002,60,0.2987863412500001,0.04643624394205056,1.3331429160052057,0.014577777777777776,1.8363086743996835
syn_LEA_1,nardini_Frac L_raw,-0.6340845585300895,0.07233371932998942,-6.693470300292208,1.0352388016917475,3.0558340777286544e-09,0.001,69,0.28155787773913055,5.311758896939996e-07,6.274761646009185,0.008707964601769912,2.060083345052078
syn_LEA_1,nardini_Frac M_raw,-0.5100922438594307,0.11385386943545049,-4.661334534019752,1.811214218253163,0.00010175338508981499,0.001,52,0.3072689894423077,0.001591893846426947,2.798085896050676,0.008707964601769912,2.060083345052078
syn_LEA_1,nardini_Frac N_raw,-0.33954112615839177,0.11447039651675697,-2.740628146729653,1.6605372311531923,0.009753975489433266,0.004,55,0.313293305,0.051325731987178255,1.2896648481780142,0.026066225165562916,1.5839218575338654
syn_LEA_1,nardini_Frac P_raw,-0.4032246690388727,0.17150699114813114,-5.686139899742302,2.1796669343777935,0.039340741733568274,0.036,26,0.4011596573461539,0.14553116490913978,0.8370439943154674,0.13677220077220079,0.864002164882623
syn_LEA_1,nardini_Frac Q_raw,-0.24561963693311406,0.11395590004274232,-1.146852418368026,0.9918464790324968,0.07229777357367033,0.036,55,0.22412137349090908,0.22656372355570575,0.6448096263384563,0.13677220077220079,0.864002164882623
syn_LEA_1,nardini_Frac R_raw,-0.3670308635567326,0.12222718045881407,-2.2797931826864306,1.5410083909281327,0.005588284225654082,0.006,54,0.30535814651851856,0.03332649501844616,1.477210359132466,0.03493491124260355,1.4567403557986884
syn_LEA_1,nardini_Frac S_raw,0.4849088383874689,0.1004518157787113,3.5108889671949233,0.9978647712016775,0.00045616245305977245,0.001,46,0.2533246895869565,0.005100725611486547,2.292368038284619,0.008707964601769912,2.060083345052078
syn_LEA_1,nardini_Frac T_raw,-0.536555485039532,0.1342503377153676,-3.685013734281741,1.9059423946421905,0.0001045072589167643,0.001,47,0.25208501968085106,0.0016067991058452509,2.7940384186173524,0.008707964601769912,2.060083345052078
syn_LEA_1,nardini_Frac V_raw,-0.020729170222949816,0.1293367599843854,0.11807855751909622,1.6949444011199915,0.8938909966003732,0.842,56,0.2508096338035714,0.9507408329044544,0.021937853387538515,0.9195649278579356,0.03641760104807194
syn_LEA_1,nardini_Frac W_raw,-0.490652797737027,0.4417004996323195,-14.142844664490864,12.634648337474461,0.2945837414624608,0.23493360572012256,6,0.3796051594999999,0.5343531969768905,0.2721715879292518,0.4786225010944112,0.3200068881057156
syn_LEA_1,nardini_Frac Y_raw,0.2936231268593994,0.4305914478093341,10.878905381001786,11.052467862013636,0.4910161978992569,0.5066394279877426,7,0.294044788,0.7053896677073571,0.1515709060103833,0.7235605183453393,0.1405251387892246
syn_LEA_1,nardini_Frac K+R_raw,0.1324744371769748,0.20211819984297089,0.3162345759985352,0.4678617379106634,0.4744602991017579,0.518,28,0.20266162653571426,0.6916576804683404,0.16010879610292217,0.732344827586207,0.1352843814339875
syn_LEA_1,nardini_Frac D+E_raw,-0.21908652281947733,0.17933901096758514,-0.5428526279124312,0.41377490901088554,0.2734746270209142,0.238,28,0.20625170246428567,0.5120477060995967,0.29068957509714793,0.48088706365503076,0.3179569057267809
syn_LEA_1,nardini_Frac Polar_raw,-0.296795976722907,0.1381539965674595,-0.9306829967635171,0.46359455245272285,0.04863823916457014,0.046,42,0.2990156422380953,0.17332744078828385,0.761132675373128,0.1658021978021978,0.7804097169278404
syn_LEA_1,nardini_Frac Aliphatic_raw,0.44360728008201383,0.1494186369016781,1.451490922525767,0.5813899191715686,0.007383587106927406,0.006,34,0.32462385670588234,0.041280964279639586,1.3842501666028582,0.03493491124260355,1.4567403557986884
syn_LEA_1,nardini_Frac Aromatic_raw,-0.06509693571033906,0.2743149600499003,-3.3451275867754924,6.010613278472142,0.7347722977939817,0.814,19,0.46628177189473685,0.8795814367752773,0.05572394483095446,0.9040361173814898,0.043814218566508016
syn_LEA_1,nardini_R/K Ratio_raw,-0.2882402729148945,0.09005512467488487,-0.2474851082708841,0.1267194903555108,0.0020178631187812578,0.002,114,0.24650919291228074,0.01527367160677506,1.8160565512284232,0.014577777777777776,1.8363086743996835
syn_LEA_1,nardini_E/D Ratio_raw,-0.1608242557437236,0.1260392187410639,-0.15610415159350044,0.17021917786813665,0.19944915539428051,0.198,63,0.2650753787936508,0.4261067392740389,0.37048159697443117,0.43104424778761063,0.3654781461185095
syn_LEA_1,nardini_Frac Chain Expanding_raw,0.0028913366835127104,0.17700225298587607,-0.2977186410655323,0.44825358892910633,0.9975896512052419,0.962,32,0.34021442406249996,0.9996214020223606,0.000164454145516701,0.9819585062240664,0.007906863433676274
syn_LEA_1,nardini_FCR_raw,-0.0022938237079746598,0.29295625530377567,-0.07536746710928924,0.32640706686936893,0.9625838309699731,0.944,17,0.16895713917647057,0.9825544498697651,0.007643373143130235,0.9726659685863873,0.012036278854335905
syn_LEA_1,nardini_NCPR_raw,0.1683285518312353,0.18415646622569778,0.43967187623912546,0.41592461249667495,0.42813765662451797,0.358,23,0.26351945204347826,0.6562109877235602,0.1829565019783774,0.595054054054054,0.22544358164770395
syn_LEA_1,nardini_Hydrophobicity_raw,-0.3014328073309358,0.3385382714484304,-0.3462157223767626,0.5134212347340087,0.30790987618065263,0.414,12,0.4703161245833332,0.5459158885797517,0.2628742656095994,0.6483049026769216,0.18822069411901085
syn_LEA_1,nardini_Disorder Promoting_raw,0.6289534070293384,0.09061522187362629,1.3893797480760588,0.3588911627880605,1.2996574271995867e-06,0.001,46,0.22789383247826087,3.996446588638729e-05,4.398325986876382,0.008707964601769912,2.060083345052078
syn_LEA_1,nardini_Iso point_raw,0.2737979026720646,0.15281564448852106,0.02843208358545856,0.018789728207032324,0.12196837664759998,0.09,30,0.3273519135666667,0.32004502032330234,0.494788925734043,0.27,0.5686362358410126
syn_LEA_1,nardini_PPII_raw,-0.2595032197524276,0.41297051336395096,-2.2251808357788527,11.620972984506778,0.5334005612725947,0.604,10,0.1506110643,0.7351066558714751,0.13364964500285692,0.7903404255319149,0.10218580353916892
syn_LEA_1,nardini_A Patch_raw,0.6242069768478818,0.07984785090652004,1.0682077602658433,0.16547949744066864,4.2380241231513386e-05,0.001,34,0.18884602973529413,0.0007868331579586636,3.1041173467508547,0.008707964601769912,2.060083345052078
syn_LEA_1,nardini_E Patch_raw,0.23246412607959654,0.2759864903411634,0.6387026611414404,0.9891222836659062,0.3800470027822134,0.376,14,0.22088314964285716,0.6120560568538428,0.21320879996652675,0.6095288303130149,0.215005747716255
syn_LEA_1,nardini_I Patch_raw,0.19453235870324923,0.46519417815966985,0.5541200977269702,3.6070341768374186,0.7809085271647663,0.6104417670682731,6,0.17952865433333332,0.8987298137194504,0.04637085114447919,0.7924468321836158,0.10102986635167578
syn_LEA_1,nardini_K Patch_raw,0.17949779462346052,0.20003321787394043,0.7767436017626348,0.5994866883212455,0.33193190774996806,0.36,27,0.3422444693703703,0.560241847728934,0.2516244543147186,0.5963636363636363,0.2244888457825648
syn_LEA_1,nardini_Q Patch_raw,0.20483661759133268,0.5490947336817166,0.5254554676948843,1.8210989085229732,0.6583735712609271,0.6086086086086087,6,0.16008587083333334,0.8248246219077522,0.08363838337067477,0.7921572366016811,0.10118860602311233
syn_LEA_1,nardini_Frac A_zscore,0.3475491979504747,0.13251628547014205,0.04355978633297249,0.010762862046981589,0.00661224459372481,0.016,57,0.2540277483859649,0.03827322753073655,1.4171049127510509,0.07426415094339622,1.129220779841485
syn_LEA_1,nardini_Frac D_zscore,0.13144293918232233,0.09638366202870255,0.10203513411433207,0.07534975336145776,0.1630592411868302,0.2,109,0.25135439690825695,0.3784205031317003,0.42202534120330226,0.43252747252747253,0.3639863025617897
syn_LEA_1,nardini_Frac E_zscore,-0.12790320557683402,0.11869644439417343,-0.06666394682614253,0.06217416560253131,0.31807583298233505,0.268,60,0.26941207673333334,0.5513599939479362,0.2585647489991468,0.506165067178503,0.29570783083939406
syn_LEA_1,nardini_Frac G_zscore,0.2879619237432295,0.09708416269342234,0.1999311156096762,0.06802761523683896,0.00232683580240336,0.01,112,0.24858037842857142,0.016960047626406714,1.7705729325122892,0.05151832460732985,1.288038268816386
syn_LEA_1,nardini_Frac H_zscore,0.17211843914163394,0.4966496844962561,0.20730305551613498,0.2906126604809742,0.6283385792508973,0.6840521564694082,7,0.294044788,0.8060858543064692,0.0936187000486911,0.8403337352882618,0.07554820130807292
syn_LEA_1,nardini_Frac I_zscore,-0.05960979860777294,0.23145574594402415,0.02462562011156593,0.05017653691904691,0.762589594510884,0.79,29,0.24906617303448275,0.8880333266256921,0.05157073546233488,0.8945454545454545,0.04839758672688353
syn_LEA_1,nardini_Frac K_zscore,0.39019151887848214,0.10156835125049393,0.14938830434623207,0.05786493512425622,0.0028445337823856925,0.001,56,0.30984100023214284,0.019993008870482297,1.6991218413239568,0.008707964601769912,2.060083345052078
syn_LEA_1,nardini_Frac L_zscore,-0.29903352511369824,0.1469217826976238,-0.07217954953520242,0.07323309182696598,0.03469699962944418,0.048,50,0.3290241132200001,0.13131479859758874,0.8816863280832953,0.16989928057553957,0.7698084601111476
syn_LEA_1,nardini_Frac M_zscore,-0.5066104628386339,0.11154543381786747,-0.09105038066512827,0.03285282795441907,0.00010175338508981499,0.001,52,0.3072689894423077,0.001591893846426947,2.798085896050676,0.008707964601769912,2.060083345052078
syn_LEA_1,nardini_Frac N_zscore,0.08354221648014137,0.1270407350254133,-0.007049342714218152,0.0840008828797921,0.464162997421966,0.498,80,0.224512258,0.683737109974872,0.16511084803628626,0.7227610619469027,0.14100525267600428
syn_LEA_1,nardini_Frac P_zscore,-0.21333470277584352,0.10781677789370701,-0.23758294768550914,0.13617041172522704,0.021989008343544628,0.058,111,0.2501481847477478,0.09129613590737516,1.0395476035129936,0.19955244755244755,0.6999429411347642
syn_LEA_1,nardini_Frac Q_zscore,0.1139420288070191,0.11850945141997399,0.04406850740488004,0.045298851220255676,0.35465491928360504,0.346,76,0.276251449631579,0.5806662904743218,0.23607338541135744,0.5839862778730702,0.23359735753489602
syn_LEA_1,nardini_Frac R_zscore,0.004900451200189663,0.11747355703346696,-0.0045411995036898556,0.060664503488545365,0.9796689537510118,0.992,83,0.23510777991566265,0.9907443478838599,0.004038396601496789,0.9970663942798774,0.0012759212176176543
syn_LEA_1,nardini_Frac S_zscore,0.43300248762294463,0.08923954775730338,0.3140557842375302,0.06444767806904628,1.7335695880775213e-06,0.001,111,0.2449292285765766,5.01715433725965e-05,4.299542539038173,0.008707964601769912,2.060083345052078
syn_LEA_1,nardini_Frac T_zscore,-0.10204748127123645,0.11979023291890674,-0.026972940769013732,0.12944721636992693,0.35061066995529977,0.386,91,0.26646188451648356,0.5769245806622324,0.2388809569362084,0.6186058631921824,0.20858596803807125
syn_LEA_1,nardini_Frac V_zscore,0.05293739337056633,0.13400620431783972,0.013623357399171756,0.04850654830970991,0.7182483290042405,0.712,49,0.24321576691836738,0.8661229849757018,0.06242043603804278,0.8543999999999999,0.06833876031551883
syn_LEA_1,nardini_Frac K+R_zscore,0.21820694406011995,0.19455711768975611,0.059982961296440096,0.053303905139219614,0.2723210371081147,0.258,25,0.21044584583999995,0.5113814895312689,0.29125499617655715,0.492,0.30803489723263966
syn_LEA_1,nardini_Frac D+E_zscore,-0.14222068609116748,0.181918121211455,-0.04882679786538863,0.05779324023446971,0.4395966160613506,0.464,32,0.31528407546875004,0.6622034982403658,0.1790085293186615,0.6928315629742035,0.1593723356077874
syn_LEA_1,nardini_Frac Polar_zscore,-0.16391492730902327,0.10207052838729438,-0.03917871737597238,0.05396664320489089,0.08230370226797305,0.124,114,0.24650919291228074,0.24762196209956766,0.6062108394755564,0.33337704918032784,0.4770643018008341
syn_LEA_1,nardini_Frac Aliphatic_zscore,0.427563703177565,0.13904573194910363,0.07635286806214607,0.030406222561325965,0.007859055357563921,0.006,35,0.3300046610857143,0.04344556444855561,1.3620545560127197,0.03493491124260355,1.4567403557986884
syn_LEA_1,nardini_R/K Ratio_zscore,-0.31195938971383497,0.09566566118625956,-0.10383158823106495,0.05500332918320286,0.0008091767671409519,0.004,111,0.2494474648198199,0.007587507430656458,2.1199008705998468,0.026066225165562916,1.5839218575338654
syn_LEA_1,nardini_E/D Ratio_zscore,-0.21099849673306245,0.13570157941498226,-0.05386496994846792,0.05867676157152018,0.13717560889037386,0.136,49,0.2844355386938776,0.34465907514348065,0.4626102817052736,0.34579844961240314,0.46117695821735233
syn_LEA_1,nardini_Frac Chain Expanding_zscore,-0.14944857065687878,0.14915335726105364,-0.04595574736593067,0.049654204128490934,0.32695017078545674,0.312,43,0.3139067976511628,0.5569339069902831,0.2541963407913153,0.5521726618705036,0.25792509913227313
syn_LEA_1,nardini_FCR_zscore,0.14497212303787405,0.22680573973411342,0.019752198383547713,0.08232761856596213,0.4824478735479095,0.504,25,0.41140768968,0.698030367597229,0.15612568311749697,0.7235605183453393,0.1405251387892246
syn_LEA_1,nardini_NCPR_zscore,0.25969890527061934,0.2401949500331821,0.050886785240727525,0.047028859308941365,0.3207611291068541,0.262,15,0.24058494919999998,0.5537350018265692,0.25669802368024397,0.4967398843930636,0.30387096809737085
syn_LEA_1,nardini_Hydrophobicity_zscore,-0.030616585850008354,0.22127637723112023,0.06247699207185611,0.08676459910375553,0.9529546100262531,0.876,27,0.3009006801481481,0.9799117933061965,0.00881301553655177,0.9308682505399568,0.03111178208251208
syn_LEA_1,nardini_Disorder Promoting_zscore,0.2688513100384988,0.10285264622908587,0.09110474869788754,0.017765824329585015,0.003336816343993392,0.014,114,0.24650919291228074,0.022801578350621514,1.6420350896118083,0.06591387559808612,1.1810231520014745
syn_LEA_1,nardini_Iso point_zscore,0.15222742403209777,0.12660517319140507,0.07412998299799235,0.06154894808001362,0.2754490308630761,0.24,50,0.2916473216,0.5133368302448236,0.2895975754075023,0.48195918367346935,0.31698973988556617
syn_LEA_1,nardini_PPII_zscore,-0.18035208544555265,0.1289953865269749,-0.1932643421434216,0.12113326316904714,0.1345373719292919,0.172,68,0.22777453376470586,0.34032075572859444,0.4681115630302215,0.3982305882352941,0.39986538471142113
syn_LEA_1,cider_kappa,-0.03819141244976976,0.13386085921805993,-0.03412390120700407,0.10262728692931453,0.803987757165286,0.78,57,0.282937155877193,0.9103198925245071,0.04080596685989849,0.8903944315545245,0.05041756470289083
syn_LEA_1,cider_omega,0.0761471694553762,0.1069174193917203,0.18980252452073157,0.11871119855441847,0.4777952201823453,0.476,82,0.250578341695122,0.6954889003837689,0.15770979671513605,0.7001255605381165,0.15482406661598852
syn_LEA_1,cider_delta,-0.028010886730276418,0.127471269350191,0.19331476981057677,0.4739727079456782,0.830988828973595,0.822,63,0.26474151355555553,0.920675225393074,0.035893543195688056,0.9093143774363678,0.04128594210097549
syn_LEA_1,cider_mean_net_charge,0.16821554269737213,0.21222680558852045,0.8723969772005616,0.6817517782974156,0.45479465686401277,0.434,22,0.2647917795909091,0.6770316828353836,0.16939100729916964,0.665153488372093,0.17707812693534025
syn_LEA_1,cider_fraction_neutral,0.008081377206426989,0.28925832939780155,0.08816423794766592,0.3246120416471457,0.9625838309699731,0.986,17,0.16895713917647057,0.9825544498697651,0.007643373143130235,0.9940819672131148,0.00257780429413906
syn_LEA_1,sparrow_SCD,0.1684372930164946,0.0766204580002004,0.0010330017571783872,0.007199142434628885,0.07730298852298013,0.034,114,0.24650919291228074,0.23920170033525928,0.6212357375448478,0.13068749999999998,0.883765949838253
syn_LEA_1,sparrow_SHD,-0.3909965982565428,0.25007628334649346,-0.6731267170639803,0.5862576572897104,0.17966487658001123,0.142,11,0.3801626943636363,0.399977915282197,0.39796398751169165,0.3564489795918367,0.4480026242060593
syn_LEA_1,sparrow_complexity,-0.6297167674143964,0.14673316366336073,-1.747586347893592,0.25025461122017906,0.00019697851211898735,0.001,29,0.15778786620689658,0.0026920396656261608,2.569918545326348,0.008707964601769912,2.060083345052078
syn_LEA_1,sparrow_scaled_rg,0.014454743747465455,0.40848890978054325,0.016880313906217536,0.04885525821644568,0.9660548039946861,0.982,9,0.2620563178888889,0.9838966071342138,0.007050537046617687,0.9920821355236139,0.0034523706603243674
syn_LEA_1,sparrow_scaled_re,-0.25792032978253965,0.24343549636753192,0.0010427819030529141,0.009809850854742327,0.3181928710258003,0.3,14,0.24658441707142856,0.5513599939479362,0.2585647489991468,0.541651376146789,0.26628014912563847
syn_LEA_1,sparrow_prefactor,0.17246995314878463,0.25506667166522873,0.014675952248569693,0.08646705460616225,0.49926303323854526,0.47,15,0.42170299380000004,0.7119924995749689,0.14752458137769453,0.6944144144144143,0.15838127280324216
syn_LEA_1,sparrow_scaling_exponent,-0.029274791750035466,0.2898663151360053,0.9383333898735385,1.9575466870361702,0.8866190227890784,0.938,13,0.28200347084615385,0.9441916866065512,0.024939827752248882,0.9685120671563483,0.013894963827920465
syn_LEA_1,sparrow_asphericity,0.0314097225602494,0.29985473697606674,0.5217843713263298,2.0862594991208883,0.9140933424107598,0.896,12,0.22599438941666664,0.959944342510339,0.017753946586848805,0.9399402985074627,0.02689973028559772
syn_LEA_1,avg_helix_prob,-0.0023744774596044975,0.10136531700085004,0.1909394490409776,0.2830612199899273,0.9944728934991405,0.966,105,0.24881375965714286,0.9979389139390376,0.0008960420304050075,0.984,0.007004901568658489
syn_LEA_1,avg_beta_prob,-0.3433023776692305,0.09336540827910791,-0.819271452685187,0.5770936739928072,0.0001953270009630236,0.001,112,0.2477010010089286,0.0026920396656261608,2.569918545326348,0.008707964601769912,2.060083345052078
syn_LEA_1,avg_coil_prob,0.12106863779921805,0.12215296810581604,0.09745196002249074,0.29525487731601513,0.27669462792176786,0.306,86,0.21770078093023265,0.5146833910680899,0.2884598462900728,0.5450368994672792,0.2635740946177591
syn_LEA_1,avg_mito_targeting,0.3507334153469849,0.2817498437875006,0.42922816063985,0.46176616571961454,0.2914682712989584,0.246,10,0.1582965749,0.5315439385449294,0.27446082995744137,0.48412799999999995,0.31503979880129823
syn_LEA_1,avg_nes,-0.020472367940424077,0.09707442620651144,0.6669595126361655,0.8940729407476499,0.8442170354641567,0.832,107,0.23487330157009348,0.9239907696834384,0.03433236719501389,0.9137142857142857,0.039189584940059745
syn_LEA_1,avg_nis,0.17924045296308203,0.09088474854560782,0.5594033614163761,0.7120696110117597,0.05619277671911876,0.058,112,0.24830475200892857,0.19012086208833012,0.7209702250981089,0.19955244755244755,0.6999429411347642
Asyn_isoform_5,nardini_Frac A_raw,-0.015458345382672161,0.1253409180796242,-0.12686270811616532,0.5309305545475387,0.9037935121477827,0.924,62,0.1900459573870968,0.9542197596066718,0.02035159448502552,0.9590886075949367,0.018141267686618022
Asyn_isoform_5,nardini_Frac C_raw,-0.15442674987190735,0.17300845825307587,-7.014806500677387,10.255381994333339,0.38744925191925716,0.384,35,0.2054496716857143,0.6179093417966759,0.2090752389008467,0.6174117647058823,0.2094250993466889
Asyn_isoform_5,nardini_Frac D_raw,0.021318008047827228,0.1263861021911833,-0.4933139516817131,1.1130512656871148,0.8572575531776108,0.832,61,0.26149016740983605,0.9322299904410436,0.030476929644640438,0.9137142857142857,0.039189584940059745
Asyn_isoform_5,nardini_Frac E_raw,0.053349791518012835,0.12364075003869797,0.22334705115624545,0.8750510874460887,0.6476554753755641,0.692,64,0.24760061618749998,0.8191426578014847,0.08664045709093456,0.8448238213399504,0.07323384891699132
Asyn_isoform_5,nardini_Frac F_raw,0.06134922702207463,0.14780454027343307,0.43259875449616836,1.3886445669872947,0.6879341352465544,0.67,44,0.18314396572727273,0.8451026080931456,0.07309055800499653,0.8334766118836916,0.07910658236550856
Asyn_isoform_5,nardini_Frac G_raw,0.19318869799186023,0.2032950950145562,0.7919990474609481,1.683779093006014,0.25870562284246673,0.358,33,0.17183199687878786,0.4904938976435207,0.3093663914160032,0.595054054054054,0.22544358164770395
Asyn_isoform_5,nardini_Frac H_raw,-0.18738721936623715,0.19054053686502065,-3.5489802802840837,2.5680016499333123,0.33629410120944125,0.332,27,0.20435162933333334,0.5637366194039015,0.24892375320802232,0.5731368421052633,0.24174167353711348
Asyn_isoform_5,nardini_Frac I_raw,-0.051628606723118524,0.13459171184436203,0.5183609634158296,2.029354841685194,0.698243046962573,0.686,58,0.23782455062068963,0.8535045443617041,0.06879416220483306,0.8406276463262765,0.0753963311405877
Asyn_isoform_5,nardini_Frac K_raw,0.042794431418367224,0.1204071997779647,0.5808547939359455,0.7556224101762075,0.727071595082146,0.75,67,0.26755495053731343,0.8724859140985752,0.05924157580562232,0.8733727810650888,0.05880034712665078
Asyn_isoform_5,nardini_Frac L_raw,-0.02012279508586518,0.12451287382938661,-0.78295700546477,2.061106830846209,0.8966336310318432,0.88,60,0.19668680286666665,0.9507408329044544,0.021937853387538515,0.9320990312163617,0.030537943412131598
Asyn_isoform_5,nardini_Frac M_raw,-0.11888051260317985,0.11519750070225984,-1.0349116980131412,2.059451040089605,0.31474109926728644,0.304,76,0.23931262755263158,0.5499865693071975,0.259647915863922,0.5448743169398906,0.2637036624099967
Asyn_isoform_5,nardini_Frac N_raw,-0.06427275083802587,0.1277175313624492,-0.4723222203527554,0.6651045357614658,0.5941053033115795,0.64,61,0.22203916529508194,0.7836456011509306,0.10588029989528336,0.8115463917525774,0.09068664884295972
Asyn_isoform_5,nardini_Frac P_raw,0.14898719631728347,0.18837286660619895,1.6393713869517068,1.3595772434386129,0.4399556147103528,0.444,31,0.17862223180645162,0.6622034982403658,0.1790085293186615,0.6711152073732719,0.1732029200222306
Asyn_isoform_5,nardini_Frac Q_raw,-0.15875919564718835,0.1189634366624963,-0.29451395098805355,0.7131430236176983,0.20309355764179293,0.17,64,0.242905382609375,0.4261067392740389,0.37048159697443117,0.3963981042654029,0.40186843115205834
Asyn_isoform_5,nardini_Frac R_raw,-0.1890721737805295,0.1266844504113022,-1.0437202383734943,0.7063400902137371,0.1139496318643932,0.144,65,0.23461263138461538,0.31094974490127597,0.5073097951392942,0.35691687657430726,0.4474329162365239
Asyn_isoform_5,nardini_Frac S_raw,0.024742748245475257,0.13902046466645826,0.04563707265511803,0.6418682991886853,0.8699695672994183,0.874,53,0.2420046544339623,0.9399749921692063,0.026883700557100175,0.9307532467532468,0.031165440154362137
Asyn_isoform_5,nardini_Frac T_raw,-0.029373036709737052,0.1435931429616734,-0.6861832320128843,0.9154438001530736,0.841605912714001,0.816,55,0.27967225438181814,0.9239907696834384,0.03433236719501389,0.9042162162162162,0.043727708593398376
Asyn_isoform_5,nardini_Frac V_raw,0.18261827261689273,0.14815744404197512,0.9883677759890527,1.6923275203008752,0.20931085780972605,0.208,47,0.19779302521276598,0.43360396649425353,0.36290675364059266,0.4420561555075594,0.3545225576238501
Asyn_isoform_5,nardini_Frac W_raw,-0.06760812891361657,0.16578347755845585,-0.1828120951333894,2.613434733772781,0.6505684413608703,0.668,45,0.1859254694222222,0.8202858776695077,0.08603476535138199,0.8334766118836916,0.07910658236550856
Asyn_isoform_5,nardini_Frac Y_raw,0.032027279846023125,0.15170354102950395,1.3138924651133812,2.7072720374088948,0.8357861123938566,0.872,52,0.17730043225000003,0.9221386465923801,0.03520377642670374,0.9307532467532468,0.031165440154362137
Asyn_isoform_5,nardini_Frac K+R_raw,-0.04711134234178949,0.17983442875561784,0.021539851142080173,0.7955532888507848,0.7531701270833793,0.784,26,0.38420683542307693,0.8854473178614638,0.05283727325729331,0.892888888888889,0.0492025813631133
Asyn_isoform_5,nardini_Frac D+E_raw,0.04142108408588473,0.18399745183562513,-0.10784691352815413,0.6982388605632212,0.8119897986813133,0.838,26,0.38420683542307693,0.9141853111011582,0.038965761124748116,0.9182538975501113,0.03703721960568636
Asyn_isoform_5,nardini_Frac Polar_raw,-0.17206869827434423,0.15217398141818408,-0.4870044455652532,0.29957688842405855,0.26698458891886045,0.27,38,0.21130436978947367,0.5042472850214179,0.29735643144616564,0.5079923518164436,0.2941428262769454
Asyn_isoform_5,nardini_Frac Aliphatic_raw,0.26337369786365344,0.2294466636080112,2.355912376707079,1.510527697783819,0.23173400941873107,0.258,23,0.20075213304347825,0.45696646346298875,0.3401156714124304,0.492,0.30803489723263966
Asyn_isoform_5,nardini_Frac Aromatic_raw,-0.13675757855898366,0.1855606937469934,-1.3285706903701833,2.5984693971855277,0.4545909739524546,0.476,32,0.204521056625,0.6770316828353836,0.16939100729916964,0.7001255605381165,0.15482406661598852
Asyn_isoform_5,nardini_R/K Ratio_raw,-0.13008287812324296,0.1343365226959928,-0.07775004266940264,0.056807724737585566,0.2857418783973943,0.35,69,0.26172490871014503,0.5245709110877538,0.28019579591176963,0.5857142857142857,0.2323141832945213
Asyn_isoform_5,nardini_E/D Ratio_raw,0.020610290694312285,0.1305621559886849,0.11209213359268676,0.1796952200550258,0.9174332174851678,0.916,63,0.2587260037142857,0.959983664342518,0.017736157112790286,0.9548135593220339,0.020081422198877052
Asyn_isoform_5,nardini_Frac Chain Expanding_raw,0.0470991349794166,0.16131957760788393,0.06352656997757951,0.3724469022349945,0.7983060839232745,0.738,33,0.21587410306060606,0.9088370344076105,0.041513984107572906,0.8686507177033492,0.06115481718463334
Asyn_isoform_5,nardini_FCR_raw,0.036449576752094946,0.24346353569827206,-0.06559060680694884,0.4882016951961454,0.8749288845840075,0.888,16,0.2797417050625,0.9399749921692063,0.026883700557100175,0.9355374732334047,0.028938812020150802
Asyn_isoform_5,nardini_NCPR_raw,0.0014442005047179123,0.08995340153723955,0.20114651425540717,0.5982255342122734,0.9616765295804406,0.976,128,0.22060596971875,0.9825544498697651,0.007643373143130235,0.9890669412976313,0.00477431380997154
Asyn_isoform_5,nardini_Hydrophobicity_raw,0.5502697056695206,0.20809694693579348,0.46852186960617387,0.5882949935829714,0.04785597684206057,0.048,12,0.27011695458333335,0.17186234019192556,0.7648192788607749,0.16989928057553957,0.7698084601111476
Asyn_isoform_5,nardini_Disorder Promoting_raw,-0.0017636730898714051,0.13789616075397865,-0.12631994840028687,0.4241616800099911,0.9773870325713382,0.998,55,0.1944539402181818,0.989453539146293,0.004604593742693238,0.998,0.0008694587126288914
Asyn_isoform_5,nardini_Iso point_raw,-0.001266747860983987,0.22842590141949598,0.013997464781524744,0.02290245883415361,0.9773775688638388,0.998,20,0.3559270972,0.989453539146293,0.004604593742693238,0.998,0.0008694587126288914
Asyn_isoform_5,nardini_PPII_raw,0.15733777919500633,0.21672651134739299,0.8700208338767563,1.3862419986288923,0.4609431837520659,0.5,21,0.15017035509523807,0.6820572824241096,0.16617914968954967,0.7235605183453393,0.1405251387892246
Asyn_isoform_5,nardini_A Patch_raw,0.07602613609754025,0.22961144103681025,-0.6395303785311803,1.615432279591516,0.7117979879837475,0.696,17,0.16608986964705882,0.8615119559360487,0.06473869109927005,0.8465562422744128,0.07234418357036869
Asyn_isoform_5,nardini_D Patch_raw,-0.2740876879817661,0.4942501762297969,5.835476882880878,99.95526899226645,0.5204537217168191,0.646403242147923,9,0.17766991677777777,0.727081903181893,0.1384166646616653,0.8154625516327644,0.08859597820761331
Asyn_isoform_5,nardini_E Patch_raw,0.1319374325684027,0.2558055879523225,0.5117645067639404,1.798312697197909,0.6072103907630988,0.608,20,0.23212295270000002,0.7913841384250188,0.10161265847171162,0.7921572366016811,0.10118860602311233
Asyn_isoform_5,nardini_G Patch_raw,0.18176228880480857,0.309704784302271,1.1649527676261286,6.076521400636932,0.560375584963329,0.49,8,0.1919096255,0.7563917360821889,0.12125322466241535,0.714311111111111,0.1461125943711698
Asyn_isoform_5,nardini_P Patch_raw,-0.041146707948552276,0.5269504616494886,0.27731447557012984,2.9804969659846745,0.8191508555699912,0.912,7,0.11236729857142856,0.9151611863728162,0.038502407368316824,0.9526624203821656,0.021060966033119657
Asyn_isoform_5,nardini_R Patch_raw,-0.0659899327303772,0.40550449680470596,-1.063538347105367,2.759140930854415,0.8617305256525065,0.858,11,0.15995008845454545,0.93488736189864,0.029240711108932723,0.9247228915662651,0.03398839125425197
Asyn_isoform_5,nardini_S Patch_raw,0.06866809391707088,0.10686736241102344,0.2143116205331168,0.5363234093178922,0.5675575223409124,0.518,87,0.2083446086896552,0.7619053233062181,0.11809899207282204,0.732344827586207,0.1352843814339875
Asyn_isoform_5,nardini_Frac A_zscore,-0.0032941032073745317,0.12476976013312692,0.00212710382490135,0.02187467126422382,0.9530239697093801,0.972,60,0.18862280656666672,0.9799117933061965,0.00881301553655177,0.9890669412976313,0.00477431380997154
Asyn_isoform_5,nardini_Frac C_zscore,0.2685192644032478,0.14833737563111882,0.20042221817299252,0.06882362435395459,0.44674159662419666,0.04354587869362364,13,0.20825184669230773,0.6680755791462151,0.17517440316903987,0.16230736603986992,0.7896617700204924
Asyn_isoform_5,nardini_Frac D_zscore,0.12798480348072702,0.09614718612623781,0.016350207583229064,0.07769458627591513,0.1636301479108111,0.192,125,0.20024402648800002,0.3788519189276191,0.4215305086585395,0.4255135135135135,0.3710866429797287
Asyn_isoform_5,nardini_Frac E_zscore,0.04739418254801379,0.1305699397941286,0.01710933113887676,0.07765063588057554,0.7103889267005377,0.718,61,0.20720292824590167,0.8609291289922318,0.06503259785460629,0.8563781818181818,0.06733440587628323
Asyn_isoform_5,nardini_Frac F_zscore,0.1623758761484034,0.0896797186151761,0.04269035866871583,0.025760660521603942,0.10013633307359825,0.064,103,0.22344450495145632,0.2864364876291299,0.5429716603632988,0.20852980132450333,0.680831870541922
Asyn_isoform_5,nardini_Frac G_zscore,0.19387841537386666,0.2000991397100774,0.034217499503750776,0.0689049469857674,0.25870562284246673,0.348,33,0.17183199687878786,0.4904938976435207,0.3093663914160032,0.5843549488054607,0.23332327364016828
Asyn_isoform_5,nardini_Frac H_zscore,0.04339000914264993,0.09659199854628105,-0.07330785112088403,0.08237001192735083,0.6379197560999263,0.64,111,0.22595068341441443,0.8132215892567929,0.08979110031113254,0.8115463917525774,0.09068664884295972
Asyn_isoform_5,nardini_Frac I_zscore,0.08629154618189624,0.0993667183721816,0.060772249444360486,0.05645923126906067,0.38626337956806844,0.372,98,0.2353104937142857,0.617018125803538,0.20970207774823207,0.604039603960396,0.2189345858530472
Asyn_isoform_5,nardini_Frac K_zscore,0.31944939407608186,0.09461834619471625,0.10873519639131114,0.03793860513273167,0.0002905089429534259,0.001,121,0.21511749190909094,0.0036184911375464687,2.4414724867160755,0.008707964601769912,2.060083345052078
Asyn_isoform_5,nardini_Frac L_zscore,-0.20887944792366658,0.10853970458673527,-0.08411736833859146,0.05485021824780178,0.05793266208782984,0.054,82,0.2756186182317073,0.19332200138953645,0.7137187174234293,0.18775971731448762,0.7263975772699802
Asyn_isoform_5,nardini_Frac M_zscore,-0.1167994048378888,0.11580706098196646,-0.019757830191244274,0.04006622311214755,0.31474109926728644,0.336,76,0.23931262755263158,0.5499865693071975,0.259647915863922,0.576,0.239577516576788
Asyn_isoform_5,nardini_Frac N_zscore,-0.0733368256132897,0.11081598278288646,-0.04514364251809945,0.05984549870431184,0.43919881887421175,0.482,106,0.22287261940566036,0.6622034982403658,0.1790085293186615,0.7068375558867362,0.15068038349880095
Asyn_isoform_5,nardini_Frac P_zscore,0.13358447735540732,0.18538045613176105,0.07477454917158773,0.06463991524057584,0.4399556147103528,0.422,31,0.17862223180645162,0.6622034982403658,0.1790085293186615,0.6529056603773584,0.18514956625539855
Asyn_isoform_5,nardini_Frac Q_zscore,0.10351595373141964,0.10062386546533106,0.06502447875792816,0.055057854168638495,0.2965008592981527,0.29,109,0.22959451695412844,0.5343531969768905,0.2721715879292518,0.5320888888888888,0.27401580994320873
Asyn_isoform_5,nardini_Frac R_zscore,0.04817960602277431,0.18115917839801324,0.015846542496485667,0.05768940161801193,0.8173133901591488,0.776,34,0.2743850629411765,0.9151611863728162,0.038502407368316824,0.8878883720930233,0.05164163155403775
Asyn_isoform_5,nardini_Frac S_zscore,0.12727523530505544,0.08744774005464104,0.06434383309781584,0.0507668112415077,0.1524880253501095,0.136,126,0.22078346581746033,0.36776523760908764,0.43442932411382823,0.34579844961240314,0.46117695821735233
Asyn_isoform_5,nardini_Frac T_zscore,0.09213269812905785,0.09402853404667588,0.01127098207008848,0.050120311843145894,0.32954581437119146,0.348,127,0.21672242101574807,0.5581292277818458,0.2532652340108325,0.5843549488054607,0.23332327364016828
Asyn_isoform_5,nardini_Frac V_zscore,-0.04613784194065035,0.08639128595814126,-0.017236515521975145,0.057245633772487245,0.5919956376115809,0.57,118,0.21908948797457628,0.7819110166574438,0.10684266787815111,0.7610312075983717,0.11859753375521859
Asyn_isoform_5,nardini_Frac W_zscore,-0.3149613343874854,0.3616424754019827,-0.03257284064370311,0.05245036007304631,0.4627290357186038,0.30184804928131415,7,0.1378693294285714,0.6833658553254172,0.16534672470936074,0.5432687385740402,0.2649852849449386
Asyn_isoform_5,nardini_Frac Y_zscore,0.09930449504294557,0.2888069361506047,0.03963331256263559,0.09022489951252505,0.7465494570067885,0.748,14,0.21372400307142855,0.8850826696261236,0.05301616287769207,0.8733727810650888,0.05880034712665078
Asyn_isoform_5,nardini_Frac K+R_zscore,0.0985647654038307,0.09542513928404131,0.035214467804266104,0.07711490125444895,0.2922411288138281,0.322,125,0.21971924160000003,0.5315439385449294,0.27446082995744137,0.5637864768683274,0.24888534544188867
Asyn_isoform_5,nardini_Frac D+E_zscore,0.008414354784780649,0.20287866597478912,-0.021631935225734495,0.09923783856969484,0.9469819844588167,0.984,26,0.2763945493461538,0.9767612921462009,0.01021155928061739,0.993083076923077,0.0030144188358537665
Asyn_isoform_5,nardini_Frac Polar_zscore,0.08298893361584221,0.09365462011798313,-0.01642510147257727,0.04892237064770111,0.3227030920995463,0.368,128,0.22060596971875,0.5541707550191162,0.2563563967583078,0.6015149501661129,0.22075357415296543
Asyn_isoform_5,nardini_Frac Aliphatic_zscore,-0.030621102840362468,0.1061123750581022,0.020509984095527727,0.07595336423806698,0.7693024391636851,0.804,98,0.25563349954081627,0.8905807060436073,0.05032671786138791,0.8983864406779661,0.046536811491897735
Asyn_isoform_5,nardini_Frac Aromatic_zscore,-0.19359472944437045,0.3085074725747881,-0.028190422668276875,0.09790290830565036,0.4830880897700335,0.536,15,0.20117013,0.698030367597229,0.15612568311749697,0.7418059071729959,0.1297097126056547
Asyn_isoform_5,nardini_R/K Ratio_zscore,-0.17644402989591562,0.14012595784358323,-0.027514328744446415,0.02094506622840672,0.17821266479152453,0.206,61,0.24868949285245903,0.3998280709055324,0.3981267184434799,0.43875324675324673,0.3577796567556306
Asyn_isoform_5,nardini_E/D Ratio_zscore,0.04512804254428515,0.13430466753417983,0.04204771850447393,0.05720376331401352,0.7525525111938017,0.752,55,0.21211487954545455,0.8854473178614638,0.05283727325729331,0.8746666666666667,0.05815742401603975
Asyn_isoform_5,nardini_Frac Chain Expanding_zscore,0.13556754118934214,0.11068014116088865,0.026975326320105675,0.0536438897186429,0.17015948777402282,0.228,98,0.25563349954081627,0.3871401205362019,0.4121318190592573,0.4693556485355649,0.32849795118032354
Asyn_isoform_5,nardini_FCR_zscore,0.01754142720619373,0.10677042083265005,-0.0006094523435333658,0.10571419958219569,0.823099772173312,0.852,96,0.2542823414791667,0.9151753399079536,0.038495690786834146,0.9247228915662651,0.03398839125425197
Asyn_isoform_5,nardini_NCPR_zscore,0.0004886948985958335,0.09403599640597106,0.03108488540341546,0.0878265903478071,0.9912318399579483,0.996,125,0.22028389161600004,0.9962943110506856,0.0016123495437901205,0.998,0.0008694587126288914
Asyn_isoform_5,nardini_Hydrophobicity_zscore,0.04515203789972252,0.10208107245556651,0.07442307131297088,0.0831640183645716,0.7053693175744105,0.664,92,0.23547670010869567,0.8578808385993135,0.0665730323526664,0.8312671755725191,0.0802593682400489
Asyn_isoform_5,nardini_Disorder Promoting_zscore,0.22379883749891388,0.09374520011741662,0.034089466077100665,0.02234594026122418,0.010019779901961684,0.02,128,0.22060596971875,0.05174774606193554,1.2861085617006418,0.08556521739130435,1.0677027419222702
Asyn_isoform_5,nardini_Iso point_zscore,-0.05963007252103891,0.09901572738806182,-0.02385829297460245,0.04569629724833262,0.5306112607935063,0.546,128,0.22060596971875,0.7334487350565316,0.13463023609490102,0.7472378303198888,0.12654114924680385
Asyn_isoform_5,nardini_PPII_zscore,0.18978354243243512,0.09336495346375732,0.10745582643367019,0.04789250715517005,0.031036255684119683,0.046,128,0.22060596971875,0.12071018021017299,0.9182561017115652,0.1658021978021978,0.7804097169278404
Asyn_isoform_5,nardini_S Patch_zscore,-0.08740453724584381,0.135228199034939,-0.06765437485049884,0.11352735924766781,0.4732509103557113,0.53,69,0.2106410040869565,0.6912534928008831,0.16036266125640616,0.7389123961761479,0.13140704754904425
Asyn_isoform_5,cider_kappa,0.14763255824378052,0.15196481407759144,0.041979470122510576,0.17616781093639192,0.29597304316583306,0.33,47,0.2644798841702128,0.5343531969768905,0.2721715879292518,0.5726984126984128,0.2420740205836775
Asyn_isoform_5,cider_omega,-0.007129284276030188,0.10830162604191161,0.12565088924234247,0.1331936509726263,0.9180331586852738,0.954,93,0.19889435232258065,0.959983664342518,0.017736157112790286,0.9788696558915536,0.009275134035227006
Asyn_isoform_5,cider_delta,0.21536952483287786,0.12792695548544944,1.6336680956986738,0.6308872980546721,0.104105966658103,0.102,59,0.26374936027118645,0.2952169198604419,0.5298587552790585,0.29694674556213013,0.5273214300843957
Asyn_isoform_5,cider_mean_net_charge,-0.3417138081440364,0.19227270721829448,-1.4232085269503076,0.9417673906722727,0.09558007310954789,0.082,23,0.37036504217391303,0.27870087394698295,0.5548616694289381,0.25215000000000004,0.5983410275048477
Asyn_isoform_5,cider_fraction_neutral,-0.08305726877638574,0.26218501546292494,0.037843826704032864,0.5024281362586966,0.7868855391820393,0.732,14,0.30910319364285715,0.9013915838825689,0.04508650116899367,0.8646914765906363,0.0631388219170542
Asyn_isoform_5,sparrow_SCD,-0.3691219853441898,0.0791387383714377,-0.020110477918672456,0.008543682664744107,1.3998613612974748e-05,0.001,128,0.22060596971875,0.00030610301767038117,3.5141323889549856,0.008707964601769912,2.060083345052078
Asyn_isoform_5,sparrow_SHD,0.262770691419385,0.24413654532731152,0.2442389465081638,0.2136219653761442,0.2999421284923735,0.282,16,0.21496622912500002,0.5370604563216409,0.2699768234828782,0.5235622641509434,0.2810316628500864
Asyn_isoform_5,sparrow_complexity,-0.054995918425736014,0.1391890040105062,-0.1082343640279102,0.7794503357703558,0.6582825317229157,0.672,50,0.18896069104000002,0.8248246219077522,0.08363838337067477,0.8338562421185373,0.07890881583243702
Asyn_isoform_5,sparrow_scaled_rg,0.17288490964451778,0.14953797554851064,0.023952673860700293,0.020431220280012874,0.22553011678949886,0.254,44,0.271600458340909,0.4456257729334676,0.35102969952394986,0.49103339882121805,0.3088889672854792
Asyn_isoform_5,sparrow_scaled_re,0.01912222380643067,0.11792704935647357,-0.0006949539915153394,0.003040195908269698,0.8702903717285289,0.856,81,0.24335016188888894,0.9399749921692063,0.026883700557100175,0.9247228915662651,0.03398839125425197
Asyn_isoform_5,sparrow_prefactor,0.3118366641366409,0.09246412929206835,0.017312007598516744,0.014962760693322398,0.0021527921597456283,0.004,91,0.2344913789230769,0.016048087009012866,1.7945767296731259,0.026066225165562916,1.5839218575338654
Asyn_isoform_5,sparrow_scaling_exponent,-0.17279598811385227,0.10384822939613586,-0.6266854690893956,0.3909945580090246,0.1129895832404908,0.096,87,0.23783303716091958,0.3105635472308462,0.5078495214521558,0.28367567567567564,0.54717790203541
Asyn_isoform_5,sparrow_asphericity,-0.30574008149913506,0.11508476606118122,-2.5451762465644507,1.2384309192503455,0.013481048603478497,0.01,66,0.2626876338939394,0.06439491177583903,1.1911484474690344,0.05151832460732985,1.288038268816386
Asyn_isoform_5,avg_helix_prob,-0.18202431539637434,0.09040407200260549,-0.4538224048944069,0.4980048238138476,0.05234021352454195,0.06,114,0.23156519201754383,0.18358189112456658,0.7361701606759007,0.2035862068965517,0.691251649083971
Asyn_isoform_5,avg_beta_prob,-0.22375019894508943,0.09314931025167747,-2.41674312850092,2.3901553981438126,0.015823374545441953,0.014,118,0.22879427393220345,0.07208426181812445,1.1421595445958832,0.06591387559808612,1.1810231520014745
Asyn_isoform_5,avg_coil_prob,0.1748111436972993,0.2889386014061873,0.16306670726315345,1.545185379059508,0.4910487016052232,0.53,15,0.23432627873333337,0.7053896677073571,0.1515709060103833,0.7389123961761479,0.13140704754904425
Asyn_isoform_5,avg_mito_targeting,0.03355729638993299,0.0871103779469074,0.06365859955653823,0.1387083600522133,0.7251779302235737,0.73,117,0.2300468496837607,0.8719550565140126,0.05950589948369767,0.8633653846153846,0.06380536773892653
Asyn_isoform_5,avg_nes,0.07845646590288828,0.10252604122216323,1.8890693671014402,2.688998345534533,0.40704001634429254,0.466,118,0.22413536392372885,0.6391219158851573,0.19441628997014265,0.6944144144144143,0.15838127280324216
Asyn_isoform_5,avg_nis,0.30425891138703864,0.08620215541624804,1.5994302964482618,0.5494623588392411,0.0006527249046454646,0.001,120,0.22540563224999996,0.006553890879297318,2.1835007937918416,0.008707964601769912,2.060083345052078
A0A4D6M434,nardini_Frac A_raw,0.42628561043997376,0.0758733486463148,1.0425809399052095,0.18256422063942268,3.8979851130525004e-07,0.001,129,0.24012745571317828,1.534246940497464e-05,4.814104734086979,0.008707964601769912,2.060083345052078
A0A4D6M434,nardini_Frac C_raw,-0.06837898415955722,0.21475443074536843,-0.2761980705164458,1.1378903761693204,0.7413061112880757,0.75,24,0.36847477325,0.8815225762788553,0.05476656070127274,0.8733727810650888,0.05880034712665078
A0A4D6M434,nardini_Frac D_raw,0.047866212422194424,0.08150017519209038,-0.07989315416815827,0.6032853901898959,0.5970927104785817,0.552,143,0.264906145006993,0.7846223441736023,0.1053393283590139,0.7491972413793104,0.12540383041045322
A0A4D6M434,nardini_Frac E_raw,0.11729666755452434,0.08624715507193699,0.8285156316981028,0.4448339772641512,0.15685897047207817,0.18,148,0.26186067650000006,0.37082776746757623,0.4308277534745827,0.41,0.38721614328026455
A0A4D6M434,nardini_Frac F_raw,0.13759030937273195,0.21542511410943754,0.4799449824871967,6.124224677641812,0.4571779293676941,0.546,28,0.38085073657142854,0.6785265196045414,0.16843317365960214,0.7472378303198888,0.12654114924680385
A0A4D6M434,nardini_Frac G_raw,-0.25118580516097483,0.10651382495655458,-2.5513090227324264,0.9650736436841088,0.03192299873198075,0.018,70,0.2332285635857143,0.12367019981208291,0.9077349375280188,0.08014479638009049,1.0961246701504632
A0A4D6M434,nardini_Frac H_raw,-0.4330466325911473,0.13309777521306962,-6.578624601637324,1.8263243856344906,0.00031040080844956013,0.008,62,0.2508517353387097,0.0037248097013947217,2.428895910229866,0.04349171270718232,1.3615934894458994
A0A4D6M434,nardini_Frac I_raw,-0.12850552650622957,0.08738740318898906,-0.971657399148302,0.9088260646049783,0.1279738545969449,0.132,131,0.25115751854198476,0.3279330024046713,0.48421487475787967,0.3391331592689295,0.46962974433143134
A0A4D6M434,nardini_Frac K_raw,0.027079624366633512,0.09317144026700847,0.025692511616093042,0.3272624420131722,0.7819035994948392,0.758,137,0.24424894881751827,0.8988237639052825,0.046325453835797295,0.8774964705882353,0.05675462165089767
A0A4D6M434,nardini_Frac L_raw,-0.05446005728456328,0.09356318977905975,0.9070286160899329,1.3577796431229598,0.519039502785591,0.54,119,0.24231702704201685,0.727081903181893,0.1384166646616653,0.744201680672269,0.12830935352186432
A0A4D6M434,nardini_Frac M_raw,-0.057539682577598984,0.07743139127286815,0.15739866797083976,0.8945087790700477,0.44012305675731633,0.452,176,0.22625948853977276,0.6622034982403658,0.1790085293186615,0.6790351145038168,0.16810776674905942
A0A4D6M434,nardini_Frac N_raw,-0.07438395849588983,0.08824186641839098,-0.23742710121770103,0.36713373932876026,0.4066726062883449,0.4,131,0.2283364852061069,0.6391219158851573,0.19441628997014265,0.6348387096774194,0.19733659973894993
A0A4D6M434,nardini_Frac P_raw,-0.5207368320845469,0.09862441685141612,-5.046354384880548,1.1650383879492894,5.916531814475768e-06,0.001,66,0.24632272689393941,0.0001455466826361039,3.8369976887428834,0.008707964601769912,2.060083345052078
A0A4D6M434,nardini_Frac Q_raw,-0.134283022896268,0.09089426509583479,-0.420264401732902,0.4802987030421504,0.11460979689510743,0.152,139,0.23896713341726622,0.3115360224994081,0.5064917292031637,0.36748894348894345,0.434755722849106
A0A4D6M434,nardini_Frac R_raw,-0.1625686749473233,0.09116914026953363,-0.11350223116620797,0.5636505049337098,0.057957307327147614,0.084,137,0.24996737450364961,0.19332200138953645,0.7137187174234293,0.2566956521739131,0.5905814872026076
A0A4D6M434,nardini_Frac S_raw,-0.13959667058722647,0.09532350166782025,-1.430834976104448,0.690670574946818,0.12525122626575372,0.156,114,0.2351280132631579,0.3226366666112609,0.49128627798225616,0.3734890510948905,0.4277221250902661
A0A4D6M434,nardini_Frac T_raw,-0.36827774015200876,0.09636230265518658,-2.7800421114067393,0.7636147315461074,6.359307709164943e-05,0.002,106,0.23618615783962263,0.0010978173308453165,2.9594699174503076,0.014577777777777776,1.8363086743996835
A0A4D6M434,nardini_Frac V_raw,0.1468605524512381,0.09085647286806278,1.2361389791486221,1.1793598381233592,0.09835363340459685,0.116,126,0.23962540101587304,0.28381224419391,0.5469688721937545,0.31973109243697484,0.4952151284539331
A0A4D6M434,nardini_Frac W_raw,-0.1551028381227064,0.2630020212854134,-4.287560597260242,4.678375393584874,0.5209275830723928,0.532,19,0.19453314005263156,0.727081903181893,0.1384166646616653,0.7389123961761479,0.13140704754904425
A0A4D6M434,nardini_Frac Y_raw,-0.7182184128015774,0.12816820864363027,-34.15517207420554,11.744741649501492,0.0015278632503867085,0.001,15,0.2028909064,0.012740825748987468,1.8948024239153314,0.008707964601769912,2.060083345052078
A0A4D6M434,nardini_Frac K+R_raw,-0.08626356212641922,0.12435672706689163,-0.06300628615475244,0.41471953013532675,0.5120196794967247,0.506,62,0.2908455841612904,0.7207830681327283,0.1421954238920526,0.7235605183453393,0.1405251387892246
A0A4D6M434,nardini_Frac D+E_raw,0.1370313088031061,0.12686294426547412,0.49537313907399616,0.3854752263762502,0.28367650716545906,0.296,64,0.27359365748437503,0.521752678599648,0.28253531265434306,0.5383807763401108,0.2689104556162894
A0A4D6M434,nardini_Frac Polar_raw,-0.3659245553562128,0.10156698060269459,-0.7460745968403112,0.23548265528947754,0.00020613784502222237,0.001,98,0.2203846448571429,0.0027786251986557098,2.5561700300967654,0.008707964601769912,2.060083345052078
A0A4D6M434,nardini_Frac Aliphatic_raw,0.6726208569818952,0.09641125896583755,1.6551833179647155,0.24744898412281274,1.348328725243108e-07,0.001,47,0.27322119946808515,7.804443915524814e-06,5.107658035974109,0.008707964601769912,2.060083345052078
A0A4D6M434,nardini_Frac Aromatic_raw,-0.1021206076480159,0.1836918108401001,-1.3472594318289546,2.3777111893194327,0.5721724351402301,0.54,34,0.34061287508823535,0.7660104437795734,0.11576530915992986,0.744201680672269,0.12830935352186432
A0A4D6M434,nardini_R/K Ratio_raw,-0.03740382545475469,0.06427524121007623,0.00046151788619999836,0.038369953380835604,0.5549919394130454,0.586,249,0.23380055873493977,0.753258025355085,0.12305623257347444,0.775032258064516,0.11068022109644658
A0A4D6M434,nardini_E/D Ratio_raw,0.05636661575923033,0.07938459062434017,0.11087358764102963,0.08885211324819928,0.47348054283312524,0.484,143,0.2623368052307693,0.6912534928008831,0.16036266125640616,0.7076612184249628,0.1501746041482229
A0A4D6M434,nardini_Frac Chain Expanding_raw,-0.18485171945661216,0.13286275884141305,-0.22506461672292624,0.195495190902458,0.17911610855720414,0.166,53,0.19204675773584903,0.3998280709055324,0.3981267184434799,0.39171223021582735,0.40703286850236087
A0A4D6M434,nardini_FCR_raw,0.03420998653930626,0.145446136073536,-0.024748617312827185,0.26092459376784466,0.7922333429740634,0.816,45,0.24947576797777782,0.9064623366121842,0.04265023607074399,0.9042162162162162,0.043727708593398376
A0A4D6M434,nardini_NCPR_raw,-0.1950813568764172,0.1450291585361799,-0.29308094627066134,0.3454290406599515,0.15421089993965034,0.182,50,0.30110652134,0.3683095280112037,0.43378704598580076,0.41169655172413794,0.385422770538221
A0A4D6M434,nardini_Hydrophobicity_raw,0.46607353988855116,0.18644422915580164,0.6834717165124226,0.20998876046535725,0.019822625417352625,0.03,24,0.30417838683333337,0.08443923554404754,1.0734557071562412,0.11807999999999999,0.9278236555210337
A0A4D6M434,nardini_Disorder Promoting_raw,0.30067543608349834,0.08640676897571836,0.4126974018999117,0.19527534596115934,0.0008096425611980976,0.001,115,0.24511101126956522,0.007587507430656458,2.1199008705998468,0.008707964601769912,2.060083345052078
A0A4D6M434,nardini_Iso point_raw,-0.0335611925629017,0.13800505791025525,-0.00248363877332729,0.016601912866756986,0.8245002071431554,0.784,53,0.3634566033962265,0.9156977469851749,0.03824785436526494,0.892888888888889,0.0492025813631133
A0A4D6M434,nardini_PPII_raw,0.0611212675568144,0.20853523645192684,-1.9887811837658584,2.6624164332162787,0.7613505160913926,0.758,30,0.1740742863333333,0.8880333266256921,0.05157073546233488,0.8774964705882353,0.05675462165089767
A0A4D6M434,nardini_A Patch_raw,0.07858988022101182,0.07963117070069145,0.02383542304029558,0.1733764720622406,0.3466789518760369,0.334,146,0.23221507845890413,0.5714105337454277,0.2430517578186138,0.5735706806282723,0.24141305672448393
A0A4D6M434,nardini_D Patch_raw,-0.5289980010859171,0.13165111793116938,-60.48347085574983,84.26717058076498,0.030431179541831072,0.001,17,0.27301188264705883,0.11882651059191181,0.9250866559933411,0.008707964601769912,2.060083345052078
A0A4D6M434,nardini_E Patch_raw,0.1411317120961689,0.07078307950120324,0.5868157595905921,0.31203665884892295,0.05615282263599461,0.054,188,0.2526916390957447,0.19012086208833012,0.7209702250981089,0.18775971731448762,0.7263975772699802
A0A4D6M434,nardini_K Patch_raw,0.08234481576296594,0.1635949632780425,-0.13706047092392468,0.9413668443372438,0.5895294611759899,0.618,43,0.24576656376744185,0.7799828822666306,0.10791492835916101,0.7970013106159896,0.09854096443472309
A0A4D6M434,nardini_N Patch_raw,-0.3994101935913847,0.510221664586316,-3.7495876210172785,3.862600593065079,0.3541642984362307,0.43373493975903615,6,0.24537323083333332,0.5806662904743218,0.23607338541135744,0.665153488372093,0.17707812693534025
A0A4D6M434,nardini_Q Patch_raw,-0.5322383773216032,0.4726481553848527,-2.3610594856822043,2.631865126747369,0.20799999999999982,0.246,6,0.29832850316666665,0.43360396649425353,0.36290675364059266,0.48412799999999995,0.31503979880129823
A0A4D6M434,nardini_R Patch_raw,-0.07142366353668876,0.2889356014768009,-1.4778255443805288,2.2467040060661643,0.80346773092446,0.794,15,0.48202295046666666,0.9103198925245071,0.04080596685989849,0.8970103329506315,0.04720255414922541
A0A4D6M434,nardini_Frac A_zscore,0.35484615498835365,0.07481641983383802,0.041272633145009556,0.007968872746629023,9.931672935340608e-06,0.001,145,0.23099914786896553,0.00022727363182267808,3.643450947988997,0.008707964601769912,2.060083345052078
A0A4D6M434,nardini_Frac D_zscore,-0.0800076228909345,0.06326269723224948,-0.0442841746499776,0.02621937802920716,0.2210780753889904,0.202,237,0.2294798302236287,0.44163331729982147,0.3549381703928691,0.43399126637554586,0.3625190101259039
A0A4D6M434,nardini_Frac E_zscore,0.15003285466795577,0.0833234781791548,0.06778206708187809,0.03160396768908473,0.07382179645964793,0.082,142,0.26042064351408456,0.2303717588559776,0.637570761901425,0.25215000000000004,0.5983410275048477
A0A4D6M434,nardini_Frac G_zscore,-0.10199518700636302,0.06993470690147904,-0.17118269586960702,0.054363477908463506,0.11774888560870021,0.156,228,0.24642135700877194,0.31596543443205755,0.5003604251553393,0.3734890510948905,0.4277221250902661
A0A4D6M434,nardini_Frac H_zscore,-0.026437416306813625,0.07961250204182244,-0.24993971753155503,0.07233303781740795,0.6825464937014605,0.718,202,0.23995761646039607,0.8437509419626095,0.07378572931477337,0.8563781818181818,0.06733440587628323
A0A4D6M434,nardini_Frac I_zscore,0.04083890160284446,0.13959287420364952,-0.012122339166947766,0.030226662942146702,0.7396548216371712,0.764,60,0.28420873273333336,0.8812739228000218,0.05488908061158126,0.8813317702227433,0.054860574160491546
A0A4D6M434,nardini_Frac K_zscore,0.08990733901949194,0.09619130743332054,0.015801467484600852,0.023523647456967726,0.310785340106934,0.338,130,0.250917677623077,0.5485715522610654,0.2607667177237977,0.5784208695652174,0.2377560459806342
A0A4D6M434,nardini_Frac L_zscore,0.21364984029624748,0.07239845178911192,0.12070456895560991,0.05769117360196204,0.0034300430633648522,0.002,189,0.25298641023280427,0.023117550509253525,1.636058184813437,0.014577777777777776,1.8363086743996835
A0A4D6M434,nardini_Frac M_zscore,-0.06016023092970487,0.07553900698581598,0.0023662251986940105,0.01736610475750297,0.44012305675731633,0.438,176,0.22625948853977276,0.6622034982403658,0.1790085293186615,0.6671702786377709,0.17576330905964305
A0A4D6M434,nardini_Frac N_zscore,0.04746868516639742,0.079548552169899,-0.023672477494836686,0.02585394818284257,0.5307068082929376,0.558,175,0.24680180672571428,0.7334487350565316,0.13463023609490102,0.7521534246575343,0.12369356275153559
A0A4D6M434,nardini_Frac Q_zscore,0.0992322400881386,0.07776249718221419,-0.03032840770350052,0.033660137559171306,0.18681790840595286,0.224,167,0.24371242754491018,0.40860844272221697,0.3886926641602755,0.46501265822784815,0.3325352249085807
A0A4D6M434,nardini_Frac R_zscore,0.043497957078284785,0.11351783273524729,0.042770202210189436,0.03927651436832187,0.7127623563118538,0.722,84,0.2872832627619048,0.861619359472806,0.06468455156504666,0.8601065375302662,0.06544775131940164
A0A4D6M434,nardini_Frac S_zscore,0.020345431999149285,0.0640504055428912,-0.07614219936698842,0.04274817907704893,0.7417689971126953,0.754,227,0.2369722193964758,0.8815225762788553,0.05476656070127274,0.8759574970484062,0.05751696602959131
A0A4D6M434,nardini_Frac T_zscore,-0.08748497931508849,0.07753703556791734,-0.16185289460680757,0.05829436955572079,0.2124532189860635,0.25,198,0.2540199678838384,0.4355290989214302,0.36098282325373793,0.4871287128712872,0.31235627101528224
A0A4D6M434,nardini_Frac V_zscore,0.12536392816803113,0.09941721516314472,0.013724601284486073,0.030660689435852925,0.1922223555187061,0.212,111,0.22394663069369375,0.41846636688143096,0.37833944152920246,0.447656652360515,0.34905495732990727
A0A4D6M434,nardini_Frac K+R_zscore,-0.049332732309372185,0.1253352722198054,0.0023698062795751876,0.04413536093805349,0.6906755949201109,0.676,59,0.29641914745762726,0.8462710273885425,0.07249052721036318,0.8346097867001255,0.07851652702313487
A0A4D6M434,nardini_Frac D+E_zscore,0.18452866710230464,0.06989923898655273,0.08128644671677242,0.0466864572682994,0.006833308783147009,0.012,209,0.24205237472727276,0.03909288280591079,1.4079023024371307,0.060244897959183676,1.2200797268775097
A0A4D6M434,nardini_Frac Polar_zscore,-0.15981944054104655,0.06263012388968342,-0.09192585305867232,0.02768635345660679,0.01107112294654791,0.01,249,0.23380055873493977,0.056445518027995564,1.2483705368742979,0.05151832460732985,1.288038268816386
A0A4D6M434,nardini_Frac Aliphatic_zscore,0.6558717303828824,0.09241644952748382,0.07366819990402164,0.012091898242339711,4.228173513467189e-09,0.001,62,0.2404886745322581,5.943603910359592e-07,6.2259501402429125,0.008707964601769912,2.060083345052078
A0A4D6M434,nardini_R/K Ratio_zscore,-0.03097024771927179,0.06638118042327883,0.0017216374862585595,0.014690179994843781,0.615179301949818,0.618,239,0.2396286085523012,0.7954486637564007,0.09938784337973068,0.7970013106159896,0.09854096443472309
A0A4D6M434,nardini_E/D Ratio_zscore,0.09980344607384245,0.08577577155516612,0.03946990880490942,0.02585066425750315,0.30021526469709736,0.244,114,0.25465110335964913,0.5370604563216409,0.2699768234828782,0.4840645161290323,0.3150967517201265
A0A4D6M434,nardini_Frac Chain Expanding_zscore,-0.0024312059260357993,0.0700068958853883,-0.008166548900561779,0.030827334608424715,0.9457128112011075,0.982,212,0.2494780534009434,0.9764757672842495,0.01033852991357385,0.9920821355236139,0.0034523706603243674
A0A4D6M434,nardini_FCR_zscore,0.1266924653553372,0.14644123399378414,0.03104417352575568,0.04285267140553177,0.4179026618829723,0.38,42,0.2543584865952381,0.6455513646669463,0.1900691964588645,0.6119803600654664,0.2132625151944026
A0A4D6M434,nardini_NCPR_zscore,-0.219754776860098,0.14905618344519117,-0.04034971362905114,0.04461195384437997,0.14500916217713203,0.152,45,0.3212773766444445,0.35664764993055553,0.4477606333439973,0.36748894348894345,0.434755722849106
A0A4D6M434,nardini_Hydrophobicity_zscore,0.23096408495368748,0.08364157664324347,0.1344305743299491,0.03517233976957055,0.003795898790721502,0.01,154,0.23070427407142857,0.02457345006624972,1.6095338651093722,0.05151832460732985,1.288038268816386
A0A4D6M434,nardini_Disorder Promoting_zscore,0.14626439501096114,0.06520157308261612,0.022321020393970898,0.013498428423387677,0.029899822020476027,0.028,222,0.24660392233333334,0.11721683214401758,0.9310100198675815,0.11154655870445343,0.952543823486105
A0A4D6M434,nardini_Iso point_zscore,-0.021907843858113927,0.1003183236511465,-0.01032774037326106,0.051915640929287556,0.8182236202208925,0.808,125,0.25425588919200004,0.9151611863728162,0.038502407368316824,0.8983864406779661,0.046536811491897735
A0A4D6M434,nardini_PPII_zscore,-0.07689796409560799,0.07971687840187364,-0.05698461694842695,0.04664169885730779,0.366128758494324,0.31,164,0.2500218398231708,0.5936099436859168,0.22649883270922933,0.5496216216216216,0.25993619085706204
A0A4D6M434,nardini_E Patch_zscore,0.22576544758155206,0.1401866396359109,0.04365238040435791,0.04139181389308125,0.12948937037790523,0.118,46,0.19803569793478262,0.33095465052430845,0.4802315118930314,0.32075138121546964,0.4938314647956988
A0A4D6M434,cider_kappa,-0.1462418540466472,0.08075119982075886,-0.08384999015314995,0.09977374291206254,0.07831971768872274,0.064,139,0.24789457951079139,0.24008287291496316,0.6196388206336441,0.20852980132450333,0.680831870541922
A0A4D6M434,cider_omega,0.11077837621265282,0.07605357807109038,0.003883548061145082,0.07876680688464426,0.1457036130813855,0.128,167,0.2455477346407186,0.35664764993055553,0.4477606333439973,0.3340901856763926,0.47613628212658293
A0A4D6M434,cider_delta,-0.06516995870714493,0.08156986573365807,-0.17185971736628056,0.43926338820593486,0.43304384867685297,0.412,144,0.2665279221875,0.6586014638300206,0.18137730834534715,0.6483049026769216,0.18822069411901085
A0A4D6M434,cider_mean_net_charge,0.18851912098820275,0.14931154571409352,0.8656072515507692,0.43600213958597317,0.19897941042311035,0.198,49,0.30465684959183675,0.4261067392740389,0.37048159697443117,0.43104424778761063,0.3654781461185095
A0A4D6M434,cider_fraction_neutral,0.061749556302186794,0.15356722978240728,0.08771686074728674,0.2747820297604401,0.6788658004091068,0.686,41,0.255811069902439,0.8413147954692206,0.07504147345912048,0.8406276463262765,0.0753963311405877
A0A4D6M434,sparrow_SCD,0.12433454801553492,0.06311411796806082,0.006699323102924227,0.0049843741657902025,0.04400672817822184,0.05,249,0.23380055873493977,0.16038007602729737,0.7948495849848478,0.17571428571428574,0.7551929285748589
A0A4D6M434,sparrow_SHD,-0.1632371891190437,0.17798418384196846,-0.183658701526196,0.19342606763989573,0.32642067465654,0.358,38,0.21797919318421055,0.5569339069902831,0.2541963407913153,0.595054054054054,0.22544358164770395
A0A4D6M434,sparrow_complexity,-0.335619714364216,0.08665335333729624,-0.9329462507844937,0.2134447604053706,0.00033300051353057463,0.001,110,0.2023545520818182,0.0039478615098082585,2.403638090698704,0.008707964601769912,2.060083345052078
A0A4D6M434,sparrow_scaled_rg,0.18446500532116067,0.15479709333118605,0.01796185610838347,0.020033446292013247,0.3308765430478787,0.242,29,0.3218147596206896,0.5594201346376506,0.2522619065653828,0.4830182555780933,0.31603645486545723
A0A4D6M434,sparrow_scaled_re,0.14502996272707538,0.13466733264798916,0.0026589359265843486,0.004565402388394797,0.36618011770056047,0.298,45,0.29430033448888887,0.5936099436859168,0.22649883270922933,0.5400220994475138,0.2675884670812502
A0A4D6M434,sparrow_prefactor,-0.0047906219834815845,0.15346488715397538,0.005882211490284947,0.01139409939724222,0.9456307359091315,0.976,49,0.2529419905918367,0.9764757672842495,0.01033852991357385,0.9890669412976313,0.00477431380997154
A0A4D6M434,sparrow_scaling_exponent,0.09356833649514416,0.14855754335438853,-0.13320293195942629,0.3264937197894567,0.5370893297925794,0.568,42,0.1900896817380952,0.7391551056166407,0.13126441891871257,0.7604244897959183,0.11894390494183457
A0A4D6M434,sparrow_asphericity,0.23133530390745807,0.14896518808890574,0.8504682204438985,0.8389952732224648,0.12251184401090612,0.128,42,0.25579232985714284,0.3206161024115202,0.4940146697147031,0.3340901856763926,0.47613628212658293
A0A4D6M434,avg_helix_prob,0.11709126426473195,0.07883797009498741,0.27185369358373584,0.10341547335135334,0.10657465262929322,0.128,181,0.23950750514364644,0.29889050996358385,0.5244878739733592,0.3340901856763926,0.47613628212658293
A0A4D6M434,avg_beta_prob,-0.23006629279898028,0.06073591338970834,-2.7845649462062005,1.1465130561313484,0.0005002011702878057,0.001,227,0.23571215092511016,0.005468866128480009,2.262102707522053,0.008707964601769912,2.060083345052078
A0A4D6M434,avg_coil_prob,-0.18163827948589492,0.06787887248430559,-0.26076115188818116,0.08112411153744899,0.005263035693226465,0.006,230,0.22651586628695655,0.03236766951334276,1.4898885688683867,0.03493491124260355,1.4567403557986884
A0A4D6M434,avg_mito_targeting,-0.1693942806785837,0.24691070468151524,-1.1541460033971807,0.8589033543030914,0.39725914407855945,0.468,24,0.175318073625,0.6294734263660265,0.20102259919582666,0.6944144144144143,0.15838127280324216
A0A4D6M434,avg_nes,0.08266086635623575,0.07272801383474566,-0.21747944817842693,0.7790264625217298,0.22358108911156171,0.25,219,0.24325420210502283,0.44445210441571054,0.3521750331385459,0.4871287128712872,0.31235627101528224
A0A4D6M434,avg_nis,-0.01122959249525032,0.06649471066160274,-0.07707557793293322,0.25250294358517017,0.8455785049564959,0.856,240,0.23770219452500002,0.9239907696834384,0.03433236719501389,0.9247228915662651,0.03398839125425197
A0A1U8F7A1,nardini_Frac A_raw,0.39816270496533407,0.08336148373399646,1.3914286095666841,0.4332403844018146,2.6724666239510667e-05,0.001,103,0.18086585256310683,0.0005364538064304238,3.2704676688072296,0.008707964601769912,2.060083345052078
A0A1U8F7A1,nardini_Frac C_raw,0.016222689674271977,0.03867780197226744,-4.158087418337611,3.224908501889173,0.9270678352295658,0.6453576864535768,56,0.15673489405357147,0.9653277776358654,0.015325196658327227,0.8151886565729392,0.08874187220827111
A0A1U8F7A1,nardini_Frac D_raw,-0.13027563900764352,0.09362754998768984,-1.279488835923184,0.8656566523956851,0.15660673228967906,0.17,123,0.2098289201300813,0.37082776746757623,0.4308277534745827,0.3963981042654029,0.40186843115205834
A0A1U8F7A1,nardini_Frac E_raw,-0.11301941569278692,0.08556140723568881,-1.0586079583369843,0.5371693185378844,0.21446732452133388,0.198,123,0.21002402038211385,0.43783370815143685,0.3586908058091507,0.43104424778761063,0.3654781461185095
A0A1U8F7A1,nardini_Frac G_raw,-0.1363490951090053,0.142077460006109,-1.3930781668993482,1.432677554313606,0.34157660508047716,0.328,49,0.13988102828571428,0.5684103116512501,0.24533805204538392,0.5702332155477032,0.2439474890452508
A0A1U8F7A1,nardini_Frac I_raw,-0.2645838516255384,0.09302445658100784,-1.6988748010863683,1.2241508885831953,0.004707715061629386,0.008,110,0.18586571838181817,0.02942133195480524,1.531337669897819,0.04349171270718232,1.3615934894458994
A0A1U8F7A1,nardini_Frac K_raw,0.13407968924063765,0.09075148556544206,0.17009397499137782,0.5028211036764767,0.14906014496089162,0.13,123,0.2069709843170732,0.361817201049614,0.4415107903138079,0.33574803149606297,0.47398652493744103
A0A1U8F7A1,nardini_Frac L_raw,-0.317755960733114,0.08617340149566,-4.249913251743003,1.121171182350702,0.0006404376448710971,0.001,109,0.18955048733944957,0.006496810747970717,2.1872997840440984,0.008707964601769912,2.060083345052078
A0A1U8F7A1,nardini_Frac M_raw,-0.17638253902138465,0.07783365970901239,-2.0971691945163045,0.8445068019395733,0.022606934518908512,0.024,170,0.19691004382352945,0.09307624923266099,1.0311611261414217,0.09964556962025317,1.0015420058671562
A0A1U8F7A1,nardini_Frac N_raw,-0.13894060908835246,0.10523275198938445,0.7366058629040252,0.6711458789952373,0.12180369035497678,0.186,115,0.21123773355652176,0.32004502032330234,0.494788925734043,0.41691116173120724,0.3799564775928636
A0A1U8F7A1,nardini_Frac P_raw,0.24004115861938183,0.14528452124209887,3.915341384268568,2.322048170632327,0.09916160786457139,0.11,46,0.15425252849999999,0.2853070822770124,0.544687447566023,0.30925714285714284,0.509680260760709
A0A1U8F7A1,nardini_Frac Q_raw,-0.14260103338757163,0.09400602096075435,0.5367409813325205,0.7084799131492333,0.11603793389155645,0.138,116,0.21887514138793102,0.3145491100531448,0.5023115392170298,0.34818461538461537,0.4581904221939212
A0A1U8F7A1,nardini_Frac R_raw,-0.33415633508262443,0.08094189110506263,-1.4971870374537046,0.9284232659033843,0.00016456996679643345,0.001,122,0.2132540206557377,0.002313383533252722,2.6357523600667805,0.008707964601769912,2.060083345052078
A0A1U8F7A1,nardini_Frac S_raw,0.09186830530864377,0.09569535263303211,0.30903807615681594,0.49344531486830606,0.3617890727341033,0.316,96,0.20047624054166668,0.5894047145204597,0.22958639464484537,0.5572473118279571,0.25395201788783334
A0A1U8F7A1,nardini_Frac T_raw,-0.3178272343599135,0.08730598489031818,-2.5408824785866813,0.6409238882175976,0.0010707132659481693,0.001,99,0.19606433294949493,0.009456020245936442,2.0242916066099155,0.008707964601769912,2.060083345052078
A0A1U8F7A1,nardini_Frac V_raw,-0.07043392732553,0.08954981807877832,-0.9798157451551638,1.2586801977169269,0.4819338232584318,0.428,110,0.1888799627727273,0.698030367597229,0.15612568311749697,0.6590798122065727,0.18106199071388662
A0A1U8F7A1,nardini_Frac K+R_raw,-0.09514170194429113,0.15338960451756442,-0.3958979795954382,0.40214589021506125,0.5076044740062908,0.526,43,0.2304742769767442,0.7176477046295836,0.14408869988484113,0.7389123961761479,0.13140704754904425
A0A1U8F7A1,nardini_Frac D+E_raw,-0.2731749108661385,0.15108567913020643,-0.758612624242955,0.41791748220333547,0.06301990765392425,0.086,45,0.22536022526666666,0.20398549056401796,0.6904007227313785,0.26038153846153844,0.5843898113039652
A0A1U8F7A1,nardini_Frac Polar_raw,-0.06324166648692499,0.13125614685613637,0.1803500841547419,0.3348309830306302,0.6017025168355292,0.632,65,0.19434385615384614,0.7852457248888074,0.1049944193513036,0.8045122897800777,0.09446731720459832
A0A1U8F7A1,nardini_Frac Aliphatic_raw,0.668736234819474,0.13748852422661986,7.1803253720205475,1.3942346150526321,0.0006278413807104777,0.001,21,0.106777478,0.006476714733731659,2.1886452309829334,0.008707964601769912,2.060083345052078
A0A1U8F7A1,nardini_Frac Aromatic_raw,-0.007056941894899687,0.23578721772975406,3.008890770146943,10.676075922963568,1.0,0.8064992614475628,9,0.08933721677777778,1.0,-0.0,0.8983864406779661,0.046536811491897735
A0A1U8F7A1,nardini_R/K Ratio_raw,-0.2238781303091547,0.06337180051733605,-0.1350942450623682,0.0692064783654319,0.0005420743124330287,0.001,243,0.18269643515226336,0.005797838298196742,2.2367339012921916,0.008707964601769912,2.060083345052078
A0A1U8F7A1,nardini_E/D Ratio_raw,-0.018273248821650257,0.09005528401161864,-0.023004969106251515,0.14155836396245633,0.8573863225092931,0.876,122,0.21083294471311478,0.9322299904410436,0.030476929644640438,0.9308682505399568,0.03111178208251208
A0A1U8F7A1,nardini_Frac Chain Expanding_raw,-0.19893437461091798,0.1492557351521528,-0.31581485618260713,0.3406855878968,0.20920227833369476,0.176,42,0.23644435116666665,0.43360396649425353,0.36290675364059266,0.4046355140186916,0.3929360027676807
A0A1U8F7A1,nardini_FCR_raw,-0.25496390836925154,0.19383168981671503,-0.4047036802340024,0.3281746853468114,0.21150162939058192,0.202,25,0.29675047328,0.4353924755655494,0.361119080689041,0.43399126637554586,0.3625190101259039
A0A1U8F7A1,nardini_NCPR_raw,0.08789191912057709,0.22969420629639567,0.11200865045877796,0.20414443411629912,0.6439133262318955,0.694,25,0.12091848532,0.8175622103383033,0.08747919086498761,0.8462156133828996,0.07251896583587399
A0A1U8F7A1,nardini_Hydrophobicity_raw,-0.3252596898198054,0.4330088380398125,-0.5939285502911825,0.9054025385380935,0.4316113520383278,0.436,7,0.21646727542857144,0.6582714029394676,0.18159501140549525,0.665153488372093,0.17707812693534025
A0A1U8F7A1,nardini_Disorder Promoting_raw,0.21535988437073814,0.11749488036561342,0.020369044253831802,0.4024964848924059,0.04447010358463484,0.06,84,0.1942418548690477,0.16147078201948592,0.791906051386688,0.2035862068965517,0.691251649083971
A0A1U8F7A1,nardini_Iso point_raw,0.07978310490365616,0.21980300502999364,-0.002911822075684987,0.011705038815033477,0.6876255705208487,0.71,26,0.12270735723076924,0.8451026080931456,0.07309055800499653,0.853040293040293,0.06903045461000167
A0A1U8F7A1,nardini_PPII_raw,0.11377181159409756,0.19724630126467255,1.7245256892173049,2.147445582434491,0.5624462437016788,0.566,27,0.16632918707407407,0.7581467175376055,0.12024674100234224,0.7598144611186903,0.11929244502151498
A0A1U8F7A1,nardini_A Patch_raw,0.14145597857063386,0.0729737643846158,0.5063839929766724,0.1822612124992001,0.05488894410423003,0.062,186,0.18794412757526882,0.19012086208833012,0.7209702250981089,0.2054141414141414,0.687369661387617
A0A1U8F7A1,nardini_D Patch_raw,-0.29281445539897644,0.3558015380218653,-0.7364745205883598,3.5324281164106806,0.4316113520383278,0.342,7,0.21699330714285714,0.6582714029394676,0.18159501140549525,0.5812227979274612,0.2356573592399596
A0A1U8F7A1,nardini_E Patch_raw,-0.04519509082532116,0.18970350003859052,0.3013735317344256,0.9325319030607393,0.8007069369266688,0.828,32,0.15266792762499998,0.9088370344076105,0.041513984107572906,0.9123762597984323,0.03982602367232475
A0A1U8F7A1,nardini_K Patch_raw,0.05211447396396964,0.08056025010045614,0.09056290060862827,0.2958355215929272,0.5221266327476276,0.504,144,0.20130761461805557,0.7277232388437189,0.13803375625836672,0.7235605183453393,0.1405251387892246
A0A1U8F7A1,nardini_N Patch_raw,0.1504522151767103,0.3809744987538572,0.7289822397218787,4.410084825705359,0.7556330131047917,0.6526526526526526,7,0.33653043871428573,0.8872826788724523,0.05193799649699369,0.8222922025738927,0.08497382794002094
A0A1U8F7A1,nardini_Q Patch_raw,-0.3821686279429288,0.4876664609771421,-1.5904087055542349,3.2463953178475244,0.3552689437660521,0.378,7,0.15594158214285714,0.5807053831657729,0.23604414801807205,0.6097573770491804,0.21484293674220012
A0A1U8F7A1,nardini_R Patch_raw,0.12144394292464462,0.4298277490796775,-0.1098068605764291,2.8795562772134295,0.7740575031656567,0.6279306829765545,6,0.20307993700000002,0.8939819050645612,0.048671271595740626,0.802535064935065,0.0955359830039442
A0A1U8F7A1,nardini_S Patch_raw,-0.0551281579497349,0.24552590429203527,-0.24397033994922326,1.2446036893292554,0.8678883170473918,0.808,21,0.11151021442857142,0.9394962639984966,0.027104942575763583,0.8983864406779661,0.046536811491897735
A0A1U8F7A1,nardini_T Patch_raw,0.22621863732386285,0.3723426070607588,2.176692542653726,3.1975315375535747,0.4820335850552644,0.504,11,0.18789614936363633,0.698030367597229,0.15612568311749697,0.7235605183453393,0.1405251387892246
A0A1U8F7A1,nardini_Frac A_zscore,0.35533954104130094,0.08282837029102477,0.06251185851332025,0.01717240083550718,5.868223020855137e-05,0.001,120,0.18721306579166666,0.0010311306165216884,2.9866863177992853,0.008707964601769912,2.060083345052078
A0A1U8F7A1,nardini_Frac D_zscore,-0.05020995890086303,0.07013017333066036,-0.04432807771318038,0.041918862516213115,0.45958402330763715,0.442,235,0.18506967213191491,0.6810702996004743,0.16680805820053124,0.6701510015408321,0.1738273290199358
A0A1U8F7A1,nardini_Frac E_zscore,-0.0589390443029228,0.0944057739179236,-0.0598488210798649,0.04525048099942577,0.573117961779215,0.546,117,0.2152627877948718,0.7662337967265592,0.11563869624729424,0.7472378303198888,0.12654114924680385
A0A1U8F7A1,nardini_Frac G_zscore,0.09438423819388098,0.06579092942291312,0.06403939700084571,0.04980581667974312,0.14664219695200315,0.144,241,0.18336835192531123,0.358054396527968,0.44605098922952524,0.35691687657430726,0.4474329162365239
A0A1U8F7A1,nardini_Frac I_zscore,0.11797509042115548,0.140705690271421,0.02712613941618271,0.0332551519861119,0.4052539711044104,0.42,53,0.2121730622264151,0.6390543390492626,0.1944622120358165,0.6518611987381704,0.18584486905249067
A0A1U8F7A1,nardini_Frac K_zscore,0.22176594973602676,0.09810888581286138,0.03358429679917966,0.048913064330628066,0.01525680365135289,0.018,120,0.2152975425416667,0.07110896294414178,1.1480756550810216,0.08014479638009049,1.0961246701504632
A0A1U8F7A1,nardini_Frac L_zscore,0.03906586992192608,0.07474743067358545,-0.06836910929876487,0.07234123346762861,0.5597124234291798,0.61,193,0.18700367020725392,0.7563917360821889,0.12125322466241535,0.7924468321836158,0.10102986635167578
A0A1U8F7A1,nardini_Frac M_zscore,-0.17257101298727906,0.0764867777430832,-0.0403187489922281,0.016132930021789667,0.022606934518908512,0.028,170,0.19691004382352945,0.09307624923266099,1.0311611261414217,0.11154655870445343,0.952543823486105
A0A1U8F7A1,nardini_Frac N_zscore,0.2443406310668161,0.07757518466882456,0.1465129041060436,0.0466878440016019,0.0009968848839191392,0.001,179,0.18784491607821227,0.008999401153912229,2.0457863888056003,0.008707964601769912,2.060083345052078
A0A1U8F7A1,nardini_Frac P_zscore,0.2464169484083099,0.0631032955820368,0.32580705114583736,0.08411260308723147,0.00012954921207683427,0.001,239,0.18375107365690377,0.00193146098005462,2.7141140611759753,0.008707964601769912,2.060083345052078
A0A1U8F7A1,nardini_Frac Q_zscore,0.0828100706076482,0.07775396481656205,0.11623181823690387,0.04414840876699866,0.2779127705848135,0.284,180,0.1835775385722222,0.5159738985952009,0.28737226733167803,0.5262824858757061,0.2787810826030899
A0A1U8F7A1,nardini_Frac R_zscore,-0.09170111762349677,0.08053826015670536,-0.0030347255448051713,0.05290059981474948,0.19597572408889066,0.25,189,0.1911961557460317,0.42326490233152203,0.373387742288341,0.4871287128712872,0.31235627101528224
A0A1U8F7A1,nardini_Frac S_zscore,0.09757275674196174,0.06521533618557586,0.04624291602622472,0.03775096720838686,0.12464471546596974,0.126,239,0.18162681547280332,0.3226366666112609,0.49128627798225616,0.3340901856763926,0.47613628212658293
A0A1U8F7A1,nardini_Frac T_zscore,-0.26019975646168236,0.09689875087137684,-0.14509062286643645,0.04611934127337515,0.021811700795458636,0.008,77,0.20525916264935065,0.09094370162174278,1.0412273729681647,0.04349171270718232,1.3615934894458994
A0A1U8F7A1,nardini_Frac K+R_zscore,-0.018661773262169702,0.18234207138502687,-0.03653718611166647,0.04960075565363961,0.8852359212198619,0.906,39,0.24450197917948713,0.9441916866065512,0.024939827752248882,0.9484085106382979,0.02300455749154406
A0A1U8F7A1,nardini_Frac D+E_zscore,-0.19300524116981166,0.17974069075166826,-0.078795314896722,0.05862750185041074,0.23433866907322284,0.274,39,0.24343594364102558,0.4611785007361025,0.3361309468875492,0.5145343511450382,0.28858562573199714
A0A1U8F7A1,nardini_Frac Polar_zscore,-0.09692363575461828,0.0699325545926999,0.035143246820752864,0.04280753274818319,0.12460781747860605,0.174,243,0.18269643515226336,0.3226366666112609,0.49128627798225616,0.4019154929577465,0.3958652523887777
A0A1U8F7A1,nardini_Frac Aliphatic_zscore,0.6316321917059198,0.11495330235825235,0.29927208307939546,0.07599670033124158,2.1873683472672984e-05,0.001,37,0.13117719397297298,0.00044841051118979617,3.3483242156617594,0.008707964601769912,2.060083345052078
A0A1U8F7A1,nardini_R/K Ratio_zscore,-0.25719452174540147,0.0693719732976246,-0.057503384310531314,0.02940825339677648,7.277123025945454e-05,0.002,234,0.1835809678162393,0.0012346015616431598,2.9084731780310036,0.014577777777777776,1.8363086743996835
A0A1U8F7A1,nardini_E/D Ratio_zscore,-0.01770050619566405,0.09815699415749392,-0.0021574412003491027,0.045656081886663646,0.8317888977382548,0.852,103,0.21896580934951457,0.920675225393074,0.035893543195688056,0.9247228915662651,0.03398839125425197
A0A1U8F7A1,nardini_Frac Chain Expanding_zscore,0.16445826905808367,0.07675723659870319,-0.05535289445088383,0.042524049079706895,0.0184033008185771,0.028,198,0.19056901270202017,0.0801276460419463,1.0962176156017793,0.11154655870445343,0.952543823486105
A0A1U8F7A1,nardini_FCR_zscore,-0.2448859549203546,0.23938321562017187,-0.0671040749023785,0.06651743182409837,0.2829315033095416,0.308,21,0.340964026,0.5213569274467957,0.28286485146625856,0.5470613718411552,0.261963949796644
A0A1U8F7A1,nardini_NCPR_zscore,0.1534396801320372,0.25389599528415935,0.015038800623816843,0.025055611712259566,0.4654317739159406,0.56,21,0.1316402308095238,0.684581263876361,0.16457499112635865,0.7538166894664843,0.12273425152031851
A0A1U8F7A1,nardini_Hydrophobicity_zscore,0.15570596095635045,0.08182858618549413,-0.08273463457911953,0.1919886229907658,0.04843726296710314,0.064,155,0.18912937676774194,0.17331733367137997,0.761158000809563,0.20852980132450333,0.680831870541922
A0A1U8F7A1,nardini_Disorder Promoting_zscore,0.11427135505987905,0.08455986650217598,0.02936955623450248,0.02362278913947448,0.11747521329600452,0.16,189,0.19418829224338624,0.31596543443205755,0.5003604251553393,0.3812106537530266,0.41883497056913477
A0A1U8F7A1,nardini_Iso point_zscore,0.0434623803249863,0.15098894840528018,0.01174344020481104,0.04100953095341214,0.7654903839516138,0.8,48,0.18786976358333332,0.8893064200807416,0.05094857241437655,0.8983864406779661,0.046536811491897735
A0A1U8F7A1,nardini_PPII_zscore,0.22231916620298467,0.08808540817360473,0.1473771952128268,0.06932426325001625,0.0069362202834561,0.008,142,0.20241156615492958,0.03945225872208556,1.4039281275000193,0.04349171270718232,1.3615934894458994
A0A1U8F7A1,nardini_A Patch_zscore,0.19533740263703908,0.08075261912978725,0.02285328426806168,0.00809117054406396,0.026701365068302514,0.014,133,0.18132663678195488,0.10768091486561342,0.9678612633039788,0.06591387559808612,1.1810231520014745
A0A1U8F7A1,nardini_K Patch_zscore,0.07352358077840933,0.14656524440265914,0.03243270696103341,0.036871147806546295,0.6293424719850416,0.588,51,0.16652042723529412,0.8060858543064692,0.0936187000486911,0.7766335570469799,0.10978384824081282
A0A1U8F7A1,cider_kappa,-0.14095147021787097,0.0794650659821486,-0.1386642369855479,0.09206716980519676,0.08487691597915065,0.09,145,0.18251474206896554,0.25308753128328554,0.5967292504492309,0.27,0.5686362358410126
A0A1U8F7A1,cider_omega,0.34443327844991084,0.06809346226206342,0.43419086831365483,0.1487830474985784,3.3581831189612357e-06,0.001,170,0.1821082640882353,9.052033481422109e-05,4.043253848357391,0.008707964601769912,2.060083345052078
A0A1U8F7A1,cider_delta,-0.2058696155020007,0.08142342485796017,-0.31135629100121515,0.36243940850716916,0.013886364384674853,0.02,143,0.18107087055944057,0.06537886389722514,1.184562630519996,0.08556521739130435,1.0677027419222702
A0A1U8F7A1,cider_mean_net_charge,-0.310528406228229,0.20776977009718667,-0.6303005604277272,0.3445844743692192,0.11987192317707565,0.152,25,0.12091848532,0.3170805709845227,0.4988303684198386,0.36748894348894345,0.434755722849106
A0A1U8F7A1,cider_fraction_neutral,0.25078364869981457,0.18911961332934324,0.4125179710919067,0.318046700263563,0.21150162939058192,0.178,25,0.29675047328,0.4353924755655494,0.361119080689041,0.40827972027972026,0.38904219144448876
A0A1U8F7A1,sparrow_SCD,0.15590263537805701,0.062136232616840203,-0.0019487439237366897,0.0029381138010256933,0.016118814556300105,0.01,243,0.18269643515226336,0.07242426266392377,1.1401159175618156,0.05151832460732985,1.288038268816386
A0A1U8F7A1,sparrow_SHD,-0.14076000219877313,0.4100502906835636,-0.25421135504860687,0.8427275562599961,0.7016579425162729,0.678,7,0.21286947114285715,0.8555531789789499,0.06775299065903168,0.8360300751879699,0.07777809905232456
A0A1U8F7A1,sparrow_complexity,-0.17503739098022114,0.11020408614183011,-1.3779686010956433,0.7416115486019159,0.1601300063824232,0.11,71,0.15413480699999996,0.3742706087418157,0.4268142764453576,0.30925714285714284,0.509680260760709
A0A1U8F7A1,sparrow_scaled_rg,-0.03494657352332274,0.23805738037263327,-0.010355628679618157,0.012677170983952463,0.8861121989269578,0.848,23,0.14787823373913045,0.9441916866065512,0.024939827752248882,0.9240664451827242,0.034296799625450486
A0A1U8F7A1,sparrow_scaled_re,-0.10913978320380582,0.19562630622484298,-0.0019150487783931493,0.002542387189535819,0.5530929343729107,0.558,32,0.13092100875,0.7517174688162213,0.12394535726709005,0.7521534246575343,0.12369356275153559
A0A1U8F7A1,sparrow_prefactor,-0.006384258696872593,0.23504077048413874,0.0004922384279746893,0.004066924071501062,0.9070239485424343,0.966,25,0.13167747548,0.954557823920594,0.020197758366174386,0.984,0.007004901568658489
A0A1U8F7A1,sparrow_scaling_exponent,-0.0017957509940140727,0.256215487037892,-0.04151632382802149,0.21304242377107885,0.9698849998123449,0.974,20,0.13745606035,0.9859161568340366,0.006160016268281619,0.9890669412976313,0.00477431380997154
A0A1U8F7A1,sparrow_asphericity,-0.1255577009802592,0.2371893747545243,-0.4905507107726337,0.6338573907404795,0.4957829296843136,0.59,24,0.15356988354166665,0.7101170346570082,0.14867006914423495,0.7782305630026809,0.10889171739918313
A0A1U8F7A1,avg_helix_prob,-0.15214966600689603,0.07076088247559084,-0.27795332493291924,0.13189043245071666,0.024833544830632593,0.026,206,0.1864560729223301,0.10139505441220943,0.9939832273879621,0.1057190082644628,0.9758469195782719
A0A1U8F7A1,avg_beta_prob,-0.17122884648504955,0.06170987914358256,-4.671503054622357,1.884911082879669,0.01004453200998952,0.004,218,0.18467559544495413,0.05174774606193554,1.2861085617006418,0.026066225165562916,1.5839218575338654
A0A1U8F7A1,avg_coil_prob,0.1082571697057192,0.07059313446819297,0.23455391331389877,0.11966883582346852,0.11042629495878259,0.126,219,0.18386858523287672,0.30517821454458044,0.5154464721613536,0.3340901856763926,0.47613628212658293
A0A1U8F7A1,avg_nes,-0.039655844477283896,0.06638494423489197,-0.3407874462830449,0.7155917995996963,0.5430252636177876,0.57,221,0.1863607994117647,0.7451329679008775,0.12776622111363956,0.7610312075983717,0.11859753375521859
A0A1U8F7A1,avg_nis,0.1536424226739344,0.06582100400551631,0.49434107166040336,0.27488158947936947,0.01757344562311188,0.02,239,0.1832894202259414,0.07789311032946888,1.1085009541145732,0.08556521739130435,1.0677027419222702
At2g46140_tile7,nardini_Frac A_raw,0.6358678765424097,0.09104205371513524,2.4783593118787848,0.21298693293320264,2.296225003993274e-07,0.001,52,0.22087635682692305,1.0759454304425627e-05,4.9682097545605695,0.008707964601769912,2.060083345052078
At2g46140_tile7,nardini_Frac C_raw,-0.4875774997685421,0.12662348419849398,-1.348105418432113,0.886884461705837,0.00515463636639546,0.004,31,0.17048052135483865,0.03190039109769265,1.4962039924748374,0.026066225165562916,1.5839218575338654
At2g46140_tile7,nardini_Frac D_raw,-0.09116207450968755,0.1232366749458768,-2.541075671674754,1.6841577694391419,0.47277848767812913,0.468,57,0.25141083371929823,0.6912534928008831,0.16036266125640616,0.6944144144144143,0.15838127280324216
At2g46140_tile7,nardini_Frac E_raw,0.06340634232323279,0.13311453229224401,1.6136718962486,2.9098017499135547,0.6230311964432463,0.656,56,0.24005477864285713,0.8024380854714064,0.09558846692987837,0.8254526854219949,0.0833078152528462
At2g46140_tile7,nardini_Frac F_raw,-0.6430008669663152,0.10510242864845738,-11.966182321858986,1.7253921509017125,4.4975805258136567e-07,0.001,48,0.22911590908333335,1.7021612451540914e-05,4.768999301734573,0.008707964601769912,2.060083345052078
At2g46140_tile7,nardini_Frac G_raw,-0.579792263858885,0.11909487688832711,-11.762048714453943,3.280480170186378,0.00022841501978749688,0.002,34,0.18159727944117648,0.0029189659671545057,2.5347709685142688,0.014577777777777776,1.8363086743996835
At2g46140_tile7,nardini_Frac H_raw,-0.3182652529970134,0.406675450424449,-4.068883966095306,4.250413348461967,0.3448414791555204,0.44844844844844844,9,0.22389445877777778,0.5712525513283369,0.2431718472716008,0.6747297756472068,0.17087012412076408
At2g46140_tile7,nardini_Frac I_raw,-0.6202309843185604,0.08322924294109982,-5.126104657797759,1.8221561418122594,1.2583077194067082e-07,0.001,58,0.21714674762068964,7.738592474351255e-06,5.111338023323578,0.008707964601769912,2.060083345052078
At2g46140_tile7,nardini_Frac K_raw,0.1608076319645479,0.1374269884748223,1.636825312379752,2.9889211627390697,0.2090885542777455,0.24,57,0.257277302,0.43360396649425353,0.36290675364059266,0.48195918367346935,0.31698973988556617
At2g46140_tile7,nardini_Frac L_raw,-0.539285168415513,0.10656723399647713,-11.248419158865829,2.040947180111856,1.823093925619234e-05,0.001,55,0.21370350732727272,0.00038998357017594053,3.40895368920999,0.008707964601769912,2.060083345052078
At2g46140_tile7,nardini_Frac M_raw,-0.6384822082480964,0.08768499616807258,-10.033466674890304,1.897258162098883,7.945251116028773e-08,0.001,56,0.2232078952857143,5.584376498694509e-06,5.25302530926144,0.008707964601769912,2.060083345052078
At2g46140_tile7,nardini_Frac N_raw,0.15065643065373518,0.20447700840564342,3.8079277590735474,3.2858657377522107,0.42084311244633243,0.44,27,0.3200755795185185,0.6485394632453197,0.18806359221177343,0.6691808346213293,0.1744565057511714
At2g46140_tile7,nardini_Frac P_raw,-0.7632840278171502,0.0724528111579336,-14.898100216734898,2.084249976748071,5.494888061284145e-07,0.001,29,0.18427619444827584,2.0025814267791105e-05,4.69840981607674,0.008707964601769912,2.060083345052078
At2g46140_tile7,nardini_Frac Q_raw,-0.5219481647796254,0.10395412942783627,-8.656151942264643,2.2750727198195864,1.2217660837642674e-05,0.001,60,0.2508456754333333,0.00027323132418728165,3.5634695131096255,0.008707964601769912,2.060083345052078
At2g46140_tile7,nardini_Frac R_raw,-0.5607742465942732,0.0914625480056629,-9.16332170076036,1.6209336889917463,3.4037117765509967e-06,0.001,58,0.2460523663103448,9.052033481422109e-05,4.043253848357391,0.008707964601769912,2.060083345052078
At2g46140_tile7,nardini_Frac S_raw,0.6664844533169848,0.06049414563004815,8.67947716525404,1.0760949278612995,2.8310399726409568e-08,0.001,52,0.22425839344230766,2.4163424768885397e-06,5.616841511573281,0.008707964601769912,2.060083345052078
At2g46140_tile7,nardini_Frac T_raw,-0.7280517630827459,0.07030093463168555,-7.595323822627761,1.0176640114244155,5.922554627942846e-10,0.001,51,0.21891451090196073,1.9425979179652533e-07,6.7116170810674785,0.008707964601769912,2.060083345052078
At2g46140_tile7,nardini_Frac V_raw,0.2528143038631296,0.1290491083311852,7.234452651416364,2.3547374817267865,0.060100850834621404,0.062,54,0.22592306616666666,0.19779009104102832,0.7037954696346826,0.2054141414141414,0.687369661387617
At2g46140_tile7,nardini_Frac W_raw,-0.30826899543537883,0.10943030056378597,-11.490939158105576,4.776888361508431,0.025584731354705695,0.006,49,0.23011211934693873,0.10403047790508431,0.9828394064043869,0.03493491124260355,1.4567403557986884
At2g46140_tile7,nardini_Frac Y_raw,-0.28937495297073734,0.11065024347015819,-14.778934939523555,3.5210192175351915,0.027589359693337676,0.006,56,0.21117678676785714,0.10991064752325616,0.9589602335400439,0.03493491124260355,1.4567403557986884
At2g46140_tile7,nardini_Frac K+R_raw,-0.41277417049684,0.21457526987183484,-2.206691360204729,1.2699335837826096,0.04555651779173345,0.076,22,0.3044983377727272,0.16420371248009416,0.7846170281459777,0.23969230769230768,0.6203459033063099
At2g46140_tile7,nardini_Frac D+E_raw,0.07493909474562249,0.22164700688800978,-0.4448458157296096,1.2059389899705386,0.7394776651557975,0.714,24,0.27052825691666665,0.8812739228000218,0.05488908061158126,0.8547153284671533,0.0681785073325345
At2g46140_tile7,nardini_Frac Polar_raw,-0.5643380315587296,0.1116094237835618,-2.727000017560353,0.6776301817353352,0.00010192003285050576,0.001,40,0.23869780229999998,0.001591893846426947,2.798085896050676,0.008707964601769912,2.060083345052078
At2g46140_tile7,nardini_Frac Aliphatic_raw,0.741939975202536,0.08330201495612292,2.4286361524237705,0.23762089085357357,2.0969705618657366e-07,0.001,34,0.19066580323529414,1.0317095164379425e-05,4.986442563528863,0.008707964601769912,2.060083345052078
At2g46140_tile7,nardini_Frac Aromatic_raw,-0.7320376892474751,0.08122163370275427,-12.049433956085908,1.5883876880773176,1.4409764532425048e-06,0.001,31,0.1904648033870968,4.2967297878503775e-05,4.366861957308753,0.008707964601769912,2.060083345052078
At2g46140_tile7,nardini_R/K Ratio_raw,-0.3299913612526896,0.08743100070938702,-0.6039975835571254,0.127800756387962,0.0003033676379644891,0.001,119,0.2547282426890757,0.003685355009346386,2.4335206703086127,0.008707964601769912,2.060083345052078
At2g46140_tile7,nardini_E/D Ratio_raw,0.015446820710571995,0.09683720587557013,0.18107717982434093,0.13725546734322733,0.8645475243942171,0.868,119,0.2547282426890757,0.9369105330439533,0.02830187854704065,0.9293928182807399,0.031800687778277846
At2g46140_tile7,nardini_Frac Chain Expanding_raw,-0.48114566869470204,0.18235615643587003,-3.7274736931750803,1.0455814307150102,0.0042743608377914695,0.016,33,0.25799639554545456,0.027135297189592296,1.5664654176041946,0.07426415094339622,1.129220779841485
At2g46140_tile7,nardini_FCR_raw,-0.27118876560478344,0.28276958724102563,-1.1739480828998339,1.2071426816833153,0.2956161808244832,0.334,15,0.3773759208,0.5343531969768905,0.2721715879292518,0.5735706806282723,0.24141305672448393
At2g46140_tile7,nardini_NCPR_raw,-0.04768932903851195,0.08233699821656464,-1.3067678611361422,1.030076940434517,0.5954714079105758,0.568,119,0.2547282426890757,0.7843960714645336,0.10546459010056602,0.7604244897959183,0.11894390494183457
At2g46140_tile7,nardini_Hydrophobicity_raw,0.4025606423118098,0.2332422601655027,0.10039270499922083,0.06544362317221328,0.11784483174447676,0.104,14,0.23836952200000003,0.31596543443205755,0.5003604251553393,0.2983556851311953,0.5252656823126487
At2g46140_tile7,nardini_Disorder Promoting_raw,0.5324422167548843,0.1073679691277328,2.575913963758652,0.5621671470343975,4.901625151392959e-05,0.001,49,0.2500477884489796,0.0008769452998128494,3.0570274952660266,0.008707964601769912,2.060083345052078
At2g46140_tile7,nardini_Iso point_raw,-0.22148984184626097,0.23829345418683548,-0.020288501700488945,0.018867458717734736,0.3379918335801101,0.358,21,0.3182271825238095,0.5646586829250057,0.24821398919627363,0.595054054054054,0.22544358164770395
At2g46140_tile7,nardini_PPII_raw,-0.3638811404559077,0.35216162522426225,-5.058251568623112,8.057157988467633,0.2623814171891539,0.29,9,0.26098390344444444,0.49650637406562975,0.30407517173302856,0.5320888888888888,0.27401580994320873
At2g46140_tile7,nardini_A Patch_raw,0.7316136993850659,0.07893094918799967,1.9550531841737997,0.16094719523081974,9.80154407571292e-07,0.001,31,0.18322681080645162,3.1111997969359726e-05,4.50707209820644,0.008707964601769912,2.060083345052078
At2g46140_tile7,nardini_D Patch_raw,-0.08598126505681444,0.22036581813585238,-0.17803364054999854,2.804038664544131,0.6581035422517993,0.708,27,0.3686855838518519,0.8248246219077522,0.08363838337067477,0.853040293040293,0.06903045461000167
At2g46140_tile7,nardini_I Patch_raw,-0.15997613586128925,0.35393453383167506,-0.27239859265899397,1.0245992868483538,0.5981778771673885,0.66,12,0.25611474191666667,0.7846223441736023,0.1053393283590139,0.8294252873563218,0.08122272808473321
At2g46140_tile7,nardini_K Patch_raw,0.2532061439003754,0.5003720668453685,2.3739702927676927,9.488214603461984,0.6227871720116618,0.534,6,0.27078423766666665,0.8024380854714064,0.09558846692987837,0.7400788732394367,0.13072199325917733
At2g46140_tile7,nardini_L Patch_raw,0.23929007682300746,0.4964489625535671,10.657573764169772,18.263452488058157,0.6120552385657049,0.5015045135406219,6,0.23596219083333336,0.7939628859965202,0.10019979830796208,0.7235605183453393,0.1405251387892246
At2g46140_tile7,nardini_S Patch_raw,0.11237958444392543,0.37373482164430144,2.1089243537679057,4.672528827536127,0.7756636846367881,0.688,10,0.37230802890000003,0.8947867124063301,0.04828047380591316,0.8409838509316769,0.07521234370101573
At2g46140_tile7,nardini_T Patch_raw,0.5850114040618953,0.16827834046721943,3.6838484738937924,1.9869873445464932,0.015376617682452376,0.01,15,0.2838187106000001,0.07110896294414178,1.1480756550810216,0.05151832460732985,1.288038268816386
At2g46140_tile7,nardini_V Patch_raw,-0.06361223186340935,0.08174874679132141,-2.054596065280077,1.525615117910393,0.5184491198749689,0.4144144144144144,106,0.2545436315,0.727081903181893,0.1384166646616653,0.6483049026769216,0.18822069411901085
At2g46140_tile7,nardini_Frac A_zscore,0.2789145764335719,0.10653962161060904,0.0866292042361298,0.00698833600894687,0.002087257859933182,0.018,116,0.2517608901637931,0.015678333848658407,1.804700092084052,0.08014479638009049,1.0961246701504632
At2g46140_tile7,nardini_Frac C_zscore,0.60647812713951,0.2208165241523729,0.027142496711369157,0.0065048741602955346,0.02796025965102626,0.028,12,0.18344983275,0.1104935562112845,0.9566630485262184,0.11154655870445343,0.952543823486105
At2g46140_tile7,nardini_Frac D_zscore,-0.06729194440474527,0.1377181371800717,-0.1584849844571788,0.10754098419722201,0.5897431548845256,0.618,54,0.22153873048148148,0.7799828822666306,0.10791492835916101,0.7970013106159896,0.09854096443472309
At2g46140_tile7,nardini_Frac E_zscore,0.012918128766406472,0.10799710809243838,0.09717319233154009,0.13963427055923724,0.872742784132153,0.916,114,0.24382384501754387,0.9399749921692063,0.026883700557100175,0.9548135593220339,0.020081422198877052
At2g46140_tile7,nardini_Frac F_zscore,-0.4291822896421318,0.1644751525658224,-0.1434245828696079,0.05990698143943611,0.008967747815706948,0.016,36,0.25140345583333334,0.04822002104183408,1.3167726044448689,0.07426415094339622,1.129220779841485
At2g46140_tile7,nardini_Frac G_zscore,-0.5799386522416102,0.1198864234129408,-0.4926062630617747,0.14248019773223577,0.00022841501978749688,0.001,34,0.18159727944117648,0.0029189659671545057,2.5347709685142688,0.008707964601769912,2.060083345052078
At2g46140_tile7,nardini_Frac I_zscore,-0.20775739648052413,0.16702329454915882,-0.02935996017452818,0.028541074365530387,0.22496167913673934,0.222,36,0.24472837599999997,0.4456257729334676,0.35102969952394986,0.4628135593220339,0.33459392575210767
At2g46140_tile7,nardini_Frac K_zscore,0.13322625171508695,0.10038227810489396,0.17255685076750013,0.23338261144044273,0.15775454895995317,0.204,114,0.239983210877193,0.37082776746757623,0.4308277534745827,0.4371945414154237,0.3593252690644201
At2g46140_tile7,nardini_Frac L_zscore,-0.20621761969445698,0.16477125315565427,-0.15666388119648508,0.08356596007367367,0.22126547299676014,0.24,36,0.22405306777777778,0.44163331729982147,0.3549381703928691,0.48195918367346935,0.31698973988556617
At2g46140_tile7,nardini_Frac M_zscore,-0.643907800495149,0.0863697869009633,-0.19890470892587098,0.036636141781811,7.945251116028773e-08,0.001,56,0.2232078952857143,5.584376498694509e-06,5.25302530926144,0.008707964601769912,2.060083345052078
At2g46140_tile7,nardini_Frac P_zscore,-0.7764224205781342,0.07596845318224077,-0.8003409917441523,0.11719175643909693,2.946759118156756e-08,0.001,34,0.19783676364705882,2.4163424768885397e-06,5.616841511573281,0.008707964601769912,2.060083345052078
At2g46140_tile7,nardini_Frac Q_zscore,-0.26880038693963854,0.10567504059276442,-0.21075251529694689,0.1290169563153435,0.009459090918609818,0.014,89,0.27580049052808997,0.050489598806927286,1.296798080218158,0.06591387559808612,1.1810231520014745
At2g46140_tile7,nardini_Frac R_zscore,-0.17938126842807303,0.11119824133534024,-0.23895669678578918,0.0631414177539745,0.087946046066245,0.112,88,0.2516118783977273,0.25987660459214734,0.5852328161275685,0.3113220338983051,0.5067901409242647
At2g46140_tile7,nardini_Frac S_zscore,0.5615833441151069,0.06813712870602409,0.7801456852662445,0.0891803641253032,2.984000259365501e-11,0.001,117,0.2534893635982906,2.5553119041321677e-08,7.5925560818400095,0.008707964601769912,2.060083345052078
At2g46140_tile7,nardini_Frac T_zscore,-0.4427221216685291,0.1655752217343347,-0.20887211468381822,0.07785205340865058,0.008559271317619204,0.018,32,0.25330438384375,0.04643624394205056,1.3331429160052057,0.08014479638009049,1.0961246701504632
At2g46140_tile7,nardini_Frac V_zscore,0.2383421823562323,0.14395437691360372,0.19580643203466747,0.08097835104409068,0.09795590884804453,0.096,51,0.23114128466666667,0.28349592443081123,0.5474531801923518,0.28367567567567564,0.54717790203541
At2g46140_tile7,nardini_Frac W_zscore,-0.27283567129910585,0.2790734292385124,-0.022134571373166875,0.03185971841110187,0.38282520412604015,0.3063063063063063,11,0.2539811573636364,0.6155228772222606,0.2107558009507792,0.5450368994672792,0.2635740946177591
At2g46140_tile7,nardini_Frac Y_zscore,-0.3687709208909473,0.21796962200052095,-0.09171641119763366,0.04730726490662031,0.12407925136015256,0.128,18,0.21110293150000004,0.3226366666112609,0.49128627798225616,0.3340901856763926,0.47613628212658293
At2g46140_tile7,nardini_Frac K+R_zscore,-0.17317582384132413,0.08690681348390852,-0.29968560599228145,0.09325497364135396,0.06102538735565235,0.052,116,0.23966205753448275,0.19949827627229869,0.7000608524016092,0.18209252669039144,0.7397078778389392
At2g46140_tile7,nardini_Frac D+E_zscore,0.026665689544369365,0.09237534413893277,-0.001786600336131039,0.20514758849236525,0.7998313436631432,0.748,116,0.24090805865517242,0.9088370344076105,0.041513984107572906,0.8733727810650888,0.05880034712665078
At2g46140_tile7,nardini_Frac Polar_zscore,-0.3926442852120065,0.09083258988666575,-0.31951737184383894,0.10006962288032412,7.569923601514907e-06,0.001,119,0.2547282426890757,0.00018167816643635778,3.740697261827678,0.008707964601769912,2.060083345052078
At2g46140_tile7,nardini_Frac Aliphatic_zscore,0.7447568600864278,0.08371123474878076,0.12902182705141815,0.01287478419424672,2.0969705618657366e-07,0.001,34,0.19066580323529414,1.0317095164379425e-05,4.986442563528863,0.008707964601769912,2.060083345052078
At2g46140_tile7,nardini_Frac Aromatic_zscore,-0.6288527224489381,0.12402201839456546,-0.28630640314353295,0.0762863873234555,0.001920907112707701,0.001,20,0.21191333534999995,0.015001369832574427,1.8238690820399461,0.008707964601769912,2.060083345052078
At2g46140_tile7,nardini_R/K Ratio_zscore,-0.30757349385495425,0.09535394531003354,-0.2165670666393193,0.04917573804644886,0.0007562495095182736,0.004,113,0.23573561734513274,0.007224752595786225,2.1411770202841502,0.026066225165562916,1.5839218575338654
At2g46140_tile7,nardini_E/D Ratio_zscore,0.0030588935311702406,0.1042790119648184,0.05394987021697596,0.0478537688865157,0.9161038989376118,0.99,116,0.24090805865517242,0.959983664342518,0.017736157112790286,0.9970663942798774,0.0012759212176176543
At2g46140_tile7,nardini_Frac Chain Expanding_zscore,-0.44440469645814146,0.083215496866383,-0.41239425679662056,0.10249214680476336,2.64995028787559e-07,0.001,119,0.2547282426890757,1.185250492395264e-05,4.926189855587574,0.008707964601769912,2.060083345052078
At2g46140_tile7,nardini_FCR_zscore,-0.143419592783807,0.09277739285010857,-0.2841800201398502,0.13104325580983714,0.13131269757205333,0.112,117,0.23921091770940167,0.3338803473149883,0.4764091434009844,0.3113220338983051,0.5067901409242647
At2g46140_tile7,nardini_NCPR_zscore,-0.0629290896177241,0.0822427016009133,-0.19501912810244304,0.12713224560361022,0.46999431922039325,0.414,117,0.23921091770940167,0.6902603136012939,0.16098709558088675,0.6483049026769216,0.18822069411901085
At2g46140_tile7,nardini_Hydrophobicity_zscore,0.4164063272895624,0.22645776664443543,0.04443328478082434,0.028299203633148834,0.11784483174447676,0.106,14,0.23836952200000003,0.31596543443205755,0.5003604251553393,0.3023304347826087,0.5195181313771624
At2g46140_tile7,nardini_Disorder Promoting_zscore,0.17484640953065958,0.10714239179180055,0.14525096566914775,0.027842685651735845,0.05944197488480767,0.112,119,0.2547282426890757,0.1969390683052214,0.7056681210060552,0.3113220338983051,0.5067901409242647
At2g46140_tile7,nardini_Iso point_zscore,0.05043950705734531,0.0952464760355175,-0.1862484312298934,0.06437636963112162,0.5452209697992976,0.582,119,0.2547282426890757,0.7461716749409023,0.12716124102334142,0.7728582995951416,0.11190012489809821
At2g46140_tile7,nardini_PPII_zscore,-0.10871095993284721,0.10567292708532737,-0.1168398442390126,0.1729202311367469,0.23601214626642547,0.292,119,0.2547282426890757,0.46354481422387755,0.33390827310671845,0.5320888888888888,0.27401580994320873
At2g46140_tile7,nardini_V Patch_zscore,-0.546028903030489,0.29634116199364363,-0.05827055421083147,0.04417972659939108,0.10692018242599748,0.1,9,0.23831320400000003,0.29889050996358385,0.5244878739733592,0.29285714285714287,0.5333441789585025
At2g46140_tile7,cider_kappa,0.15793243098591814,0.12184183634990671,-0.05023289591474668,0.3640835369549646,0.22096760998786846,0.192,55,0.2751973796181818,0.44163331729982147,0.3549381703928691,0.4255135135135135,0.3710866429797287
At2g46140_tile7,cider_omega,0.21108468277425102,0.11842897444158004,0.6061951228515018,0.41211447624783026,0.0739811745919603,0.068,71,0.2903150667323943,0.2303717588559776,0.637570761901425,0.2179543973941368,0.6616343643396086
At2g46140_tile7,cider_delta,0.06259567687130674,0.13562497190144637,0.9017885245618974,2.4242878910458723,0.6385872793759966,0.634,59,0.2719957716610169,0.8132215892567929,0.08979110031113254,0.806015503875969,0.09365660436981839
At2g46140_tile7,cider_mean_net_charge,-0.25524125091022576,0.21848859196229806,-2.47762382005334,1.4592004194617105,0.240525596340722,0.252,21,0.2783185149523809,0.46774147588788617,0.32999411833054215,0.4890887573964497,0.31061232012045037
At2g46140_tile7,cider_fraction_neutral,0.2701420818630934,0.28990098473001985,1.1435468386024716,1.210808216167195,0.322050940607456,0.34,14,0.38034846285714285,0.5541707550191162,0.2563563967583078,0.5788235294117647,0.23745382294693237
At2g46140_tile7,sparrow_SCD,-0.22789246325095727,0.07944841890071747,-0.05904332180385092,0.017358598686274256,0.012266787837129077,0.002,119,0.2547282426890757,0.05948556071689627,1.225588440355476,0.014577777777777776,1.8363086743996835
At2g46140_tile7,sparrow_SHD,0.5910008488752441,0.13487784153453794,1.1500610174263535,0.4027987288864054,0.001020744077880278,0.001,25,0.19808774108000002,0.009131019751219943,2.0394807178001098,0.008707964601769912,2.060083345052078
At2g46140_tile7,sparrow_complexity,-0.5627378329062411,0.13353316733531462,-2.6846148791753968,0.5033529390857177,0.0006183473089266391,0.001,30,0.2041735331,0.006472912255146945,2.1889002801076343,0.008707964601769912,2.060083345052078
At2g46140_tile7,sparrow_scaled_rg,0.08148072812702793,0.4713671445368044,-0.009709675817423026,0.16559737261130367,0.8717434402332361,0.832,6,0.2964978196666666,0.9399749921692063,0.026883700557100175,0.9137142857142857,0.039189584940059745
At2g46140_tile7,sparrow_scaled_re,0.11076173487789336,0.3033077220014163,-0.002963682915798516,0.012578219779284439,0.7495085962341482,0.668,11,0.240320155,0.8850826696261236,0.05301616287769207,0.8334766118836916,0.07910658236550856
At2g46140_tile7,sparrow_prefactor,-0.7678161308654056,0.0747194714063832,-0.4491426337144545,0.08068244174618339,1.8192689031571139e-06,0.001,26,0.20740737226923078,5.114744573447429e-05,4.291176049754784,0.008707964601769912,2.060083345052078
At2g46140_tile7,sparrow_scaling_exponent,0.11040454301543827,0.38548113835591885,0.45218617832147495,2.8834815044218516,0.735764859879812,0.734,8,0.254527831,0.8796994193459721,0.05566569468935596,0.8649772455089819,0.0629953171361901
At2g46140_tile7,avg_helix_prob,0.018726442396167182,0.1105096387375494,0.17573151260470155,0.5159629594353663,0.8401775810345994,0.834,104,0.2506397418365384,0.9239907696834384,0.03433236719501389,0.9148896321070233,0.03863129397501189
At2g46140_tile7,avg_beta_prob,-0.29459618770571544,0.0941698601172756,-1.881113810623969,0.47579218106988874,0.0013440321269763676,0.002,112,0.2582983599910714,0.011601119411796014,1.9355001029359866,0.014577777777777776,1.8363086743996835
At2g46140_tile7,avg_coil_prob,0.14973423000088573,0.10780072120489922,0.7806864753538919,0.4442255531824707,0.1669645729482318,0.166,90,0.2788998018111112,0.3834905701455972,0.41624531068262227,0.39171223021582735,0.40703286850236087
At2g46140_tile7,avg_mito_targeting,0.03161351070459865,0.10099814111256612,-0.2419928852905767,0.7872778074444723,0.7781096667289501,0.764,118,0.2555156379152542,0.8965572740764484,0.04742196151636239,0.8813317702227433,0.054860574160491546
At2g46140_tile7,avg_nes,0.0029186444820399077,0.09259262147621969,-2.333313177721936,2.470790086695844,0.9846200240452013,0.958,108,0.2526310994074074,0.992690679979998,0.003186055537890502,0.9799085239085239,0.008814464527927033
At2g46140_tile7,avg_nis,0.14591123257097463,0.09479406408546782,-5.1657839953336415,1.4440788692336053,0.10678770068354126,0.112,115,0.258287772773913,0.29889050996358385,0.5244878739733592,0.3113220338983051,0.5067901409242647
TgL_8x,nardini_Frac A_raw,0.18405143795165108,0.09295956286605331,0.2786907368531287,0.33991092957452396,0.049144670711312184,0.048,117,0.19453420895726495,0.17332744078828385,0.761132675373128,0.16989928057553957,0.7698084601111476
TgL_8x,nardini_Frac C_raw,-0.15295384026509395,0.17562014212720253,-4.290759348023263,5.7420407474637,0.44336092981908903,0.372,27,0.22150406444444445,0.6650413947286336,0.1771513217003248,0.604039603960396,0.2189345858530472
TgL_8x,nardini_Frac D_raw,0.06595999179274978,0.08254107889023639,0.4732844811470549,0.5196569464923928,0.4155944125155019,0.42,140,0.18531591263571429,0.6455513646669463,0.1900691964588645,0.6518611987381704,0.18584486905249067
TgL_8x,nardini_Frac E_raw,0.01427562756036896,0.0886734816597999,-0.5811511885706742,1.2567175787331852,0.9015433133301619,0.88,123,0.2052237951219512,0.9538909895880423,0.020501253519627425,0.9320990312163617,0.030537943412131598
TgL_8x,nardini_Frac F_raw,0.0925190308041187,0.11592325590699802,0.9965233390871492,1.6397432824461107,0.4242094450926508,0.436,76,0.18771494380263157,0.6512045147756137,0.186282597161639,0.665153488372093,0.17707812693534025
TgL_8x,nardini_Frac G_raw,-0.08148655124308189,0.12745756876839345,-1.6682471895884496,1.1360339884103106,0.5008589087479369,0.53,71,0.21539121335211267,0.7122039974103612,0.14739559307626982,0.7389123961761479,0.13140704754904425
TgL_8x,nardini_Frac H_raw,0.17209651225489625,0.17346086106285086,3.2644048067239333,2.7540513841573775,0.2948743708869582,0.332,39,0.21820500974358972,0.5343531969768905,0.2721715879292518,0.5731368421052633,0.24174167353711348
TgL_8x,nardini_Frac I_raw,0.0031302942031435216,0.181853661283904,1.172887782762452,4.358131854233055,0.9834652508983914,0.95,47,0.2778840745319149,0.9925433916759151,0.0032504978107113828,0.9768025078369905,0.010193234056654316
TgL_8x,nardini_Frac K_raw,-0.028473228278220658,0.1088114407437006,-0.1395095732650671,0.48926071525854165,0.8136856774684261,0.788,93,0.19308779133333334,0.9146127173856801,0.03876276419300742,0.8933087557603687,0.04899840925559504
TgL_8x,nardini_Frac L_raw,-0.12215690748370515,0.07606462038915864,-1.062551208812553,0.6746425074008112,0.1259467966428395,0.082,150,0.17839065836666668,0.32358132610066337,0.4900165494993404,0.25215000000000004,0.5983410275048477
TgL_8x,nardini_Frac M_raw,0.07872549110029611,0.10348490946079862,3.4713792260694207,2.4235933239687966,0.453710397244088,0.462,81,0.21028180087654322,0.6770316828353836,0.16939100729916964,0.691945205479452,0.15992829557231375
TgL_8x,nardini_Frac N_raw,0.027277476922407166,0.08553384752849252,-0.09096191350455601,0.4479397737677324,0.7510610052213549,0.764,135,0.18988560804444446,0.8850826696261236,0.05301616287769207,0.8813317702227433,0.054860574160491546
TgL_8x,nardini_Frac P_raw,0.153278930827281,0.11657038895248813,0.30461780596969656,1.0931256353517063,0.1846873379365299,0.194,73,0.202234674630137,0.40565254582487814,0.3918457940994723,0.42801793721973097,0.36853803035057425
TgL_8x,nardini_Frac Q_raw,0.1657566280277536,0.09320582083913063,0.3396172244754507,0.5386822265767952,0.06129648834141829,0.06,125,0.18410714730400002,0.1997210083707139,0.6995762499034729,0.2035862068965517,0.691251649083971
TgL_8x,nardini_Frac R_raw,0.04866983941773965,0.12636980513347476,0.1945485213197262,0.9049709514339433,0.6776986342084965,0.698,78,0.21157525358974366,0.8413147954692206,0.07504147345912048,0.8479407407407408,0.07163449782414712
TgL_8x,nardini_Frac S_raw,-0.2495768533250398,0.09956277971740117,-0.6713801540916514,0.7017366704946408,0.009928625211055529,0.008,107,0.1970759936542056,0.051691889987717676,1.2865775886248998,0.04349171270718232,1.3615934894458994
TgL_8x,nardini_Frac T_raw,-0.1519773363665147,0.10714301285777705,0.09433897814570144,0.8824659717624327,0.14126231007452447,0.16,99,0.19926889382828286,0.351015437154879,0.4546737834664951,0.3812106537530266,0.41883497056913477
TgL_8x,nardini_Frac V_raw,0.058987207133042244,0.12053682262577839,0.3045914164599476,3.225110640741098,0.6113065409993252,0.6,85,0.21943126738823535,0.7939628859965202,0.10019979830796208,0.7872,0.1039149145767149
TgL_8x,nardini_Frac W_raw,0.07535276490661025,0.09376333985905344,0.4203679502673973,1.1254265653543607,0.4321578519297724,0.436,112,0.1900612897767857,0.6582714029394676,0.18159501140549525,0.665153488372093,0.17707812693534025
TgL_8x,nardini_Frac Y_raw,0.33510762417052226,0.11123457814076373,5.305341190320198,3.341338616469454,0.011691284688903803,0.006,54,0.19874034250000003,0.05810214209030981,1.2358078558910441,0.03493491124260355,1.4567403557986884
TgL_8x,nardini_Frac K+R_raw,0.031890248715326794,0.14107167058625797,0.16644263231327489,0.43047618756680206,0.7983660803500869,0.796,53,0.2476655422641509,0.9088370344076105,0.041513984107572906,0.8972096219931271,0.04710607753655917
TgL_8x,nardini_Frac D+E_raw,0.15880049891225842,0.12066145300805345,0.36195040639014225,0.4245187039135519,0.19614714986094925,0.182,64,0.22655153,0.42326490233152203,0.373387742288341,0.41169655172413794,0.385422770538221
TgL_8x,nardini_Frac Polar_raw,-0.25628513716656626,0.11147907875364568,-0.3799459380577119,0.2967069970687801,0.018056548398502285,0.024,82,0.21322761912195123,0.07931983760770647,1.100618183601243,0.09964556962025317,1.0015420058671562
TgL_8x,nardini_Frac Aliphatic_raw,0.15711678415395763,0.11527909760937564,0.1920193720810721,1.0575942985759945,0.16923387445770535,0.18,73,0.202234674630137,0.38637153704497,0.4129948743880377,0.41,0.38721614328026455
TgL_8x,nardini_Frac Aromatic_raw,-0.014410420418843287,0.12890830747808804,1.2160852849500696,2.1149929922423176,0.9037214686662524,0.888,62,0.2010189005483871,0.9542197596066718,0.02035159448502552,0.9355374732334047,0.028938812020150802
TgL_8x,nardini_R/K Ratio_raw,0.05351166486137792,0.06101482879749082,0.020880542850773724,0.03453171993107353,0.40191711189377,0.388,252,0.182358687984127,0.6354447686585523,0.19692219130858915,0.6208,0.20704829174986797
TgL_8x,nardini_E/D Ratio_raw,-0.06436123480538285,0.061581562919461215,-0.031905215527548304,0.0382873245008141,0.28235129839507694,0.298,252,0.182358687984127,0.5212639354986036,0.28294232141051856,0.5400220994475138,0.2675884670812502
TgL_8x,nardini_Frac Chain Expanding_raw,0.17450066565796613,0.09976120217088306,0.15651018494842345,0.22564689790125755,0.088454097663232,0.082,99,0.20489974095959598,0.26059530569047995,0.5840334118432471,0.25215000000000004,0.5983410275048477
TgL_8x,nardini_FCR_raw,0.16721741388688116,0.16434623234059184,0.19381672146852258,0.285471421614624,0.30597016535307214,0.328,40,0.1976642402,0.5444387752394629,0.2640509516670013,0.5702332155477032,0.2439474890452508
TgL_8x,nardini_NCPR_raw,-0.12318610626425294,0.13901353305115147,-0.21298667628327028,0.28083725594318104,0.385152607077764,0.368,49,0.24146695667346937,0.617018125803538,0.20970207774823207,0.6015149501661129,0.22075357415296543
TgL_8x,nardini_Hydrophobicity_raw,-0.3233351675298656,0.20330782535292663,-0.42015775311080017,0.27759306202355455,0.16646584490123,0.114,18,0.28469659349999993,0.3834905701455972,0.41624531068262227,0.31510112359550563,0.5015500482050611
TgL_8x,nardini_Disorder Promoting_raw,-0.019559427881127037,0.09695440404223868,-0.034371798250808674,0.2961398241577539,0.8142283947457883,0.87,115,0.18842332571304352,0.9146127173856801,0.03876276419300742,0.9305217391304348,0.03127347629559522
TgL_8x,nardini_Iso point_raw,0.0508568010344496,0.11805892017287575,0.0019841326919885775,0.00944134496758585,0.6811797111055453,0.662,71,0.18562642114084507,0.8431205480853542,0.07411032617550356,0.8298191082802548,0.08101656887421105
TgL_8x,nardini_PPII_raw,0.15322068014106388,0.10429437992847247,0.7146847402480838,0.7646383990902815,0.15333691217306267,0.144,80,0.2075270650625,0.3680085892153504,0.43414204489904007,0.35691687657430726,0.4474329162365239
TgL_8x,nardini_A Patch_raw,0.02055051663355813,0.1343665181020465,0.16819450976611808,0.7473744613203467,0.8992045912036164,0.882,64,0.22011298796875,0.9524406003706766,0.02116209988924329,0.9322105263157895,0.030485997418181365
TgL_8x,nardini_D Patch_raw,0.26485090673603995,0.24385190313466182,5.02213281425868,3.8500670080843897,0.268895210339609,0.29,19,0.24171378910526312,0.5068829252378836,0.2950923380917762,0.5320888888888888,0.27401580994320873
TgL_8x,nardini_G Patch_raw,0.4362315649694862,0.23365539855534317,1.7105789129969624,1.8301183038494249,0.0802317472044114,0.098,16,0.1724585666875,0.24463541943012926,0.6114806636144021,0.28785671641791044,0.5408236329130088
TgL_8x,nardini_K Patch_raw,0.21455044182635277,0.14332599336165433,0.2757967707322215,0.765596468876944,0.10934602305805363,0.134,54,0.19719370783333337,0.303088694898943,0.5184302623607548,0.343375,0.4642313275713817
TgL_8x,nardini_N Patch_raw,0.18557035687329337,0.46353160592455955,-3.375892753740382,34.457045660506374,0.6583735712609271,0.4804804804804805,6,0.14255352216666664,0.8248246219077522,0.08363838337067477,0.7056608847653624,0.15140395511988
TgL_8x,nardini_P Patch_raw,0.6465853221410003,0.2029045499616926,5.3670301239252005,2.6082410261661373,0.0095146458868076,0.018,14,0.13031250414285714,0.050489598806927286,1.296798080218158,0.08014479638009049,1.0961246701504632
TgL_8x,nardini_Q Patch_raw,0.3764090015271913,0.32337568078422985,5.338516714822983,3.9322198670075212,0.22047284230116518,0.27,11,0.207805836,0.44163331729982147,0.3549381703928691,0.5079923518164436,0.2941428262769454
TgL_8x,nardini_S Patch_raw,-0.15227317019339606,0.20536191650614757,2.560842225064798,3.6142966428440064,0.43161628985543343,0.47,26,0.22567879565384616,0.6582714029394676,0.18159501140549525,0.6944144144144143,0.15838127280324216
TgL_8x,nardini_T Patch_raw,0.7054087579708839,0.22191036143268145,8.580428725872883,13.096633823027284,0.040769462520420345,0.032,7,0.39157958214285715,0.14969086238840904,0.8248047095795372,0.12495238095238095,0.9032554640302966
TgL_8x,nardini_Frac A_zscore,0.19118102346710095,0.09264921073302117,0.012305751606566112,0.014210277416640327,0.033353634882679895,0.026,127,0.1872750883779528,0.12770418958971602,0.8937948546093462,0.1057190082644628,0.9758469195782719
TgL_8x,nardini_Frac D_zscore,0.07216057834822569,0.08861265155208368,0.023793810930527192,0.033056401649099204,0.41657537362422237,0.444,130,0.1895514058923077,0.6455513646669463,0.1900691964588645,0.6711152073732719,0.1732029200222306
TgL_8x,nardini_Frac G_zscore,-0.07901456140894089,0.1290037127150162,-0.06860567677820907,0.04822287154237561,0.5008589087479369,0.524,71,0.21539121335211267,0.7122039974103612,0.14739559307626982,0.7389123961761479,0.13140704754904425
TgL_8x,nardini_Frac K_zscore,-0.07034348697629629,0.10440872721259237,-0.018380827242479202,0.031138948989665842,0.508970795127393,0.506,96,0.20237504358333333,0.7185470048857312,0.1435448165418986,0.7235605183453393,0.1405251387892246
TgL_8x,nardini_Frac L_zscore,0.014659062095452261,0.095696051851318,-0.018541308015847094,0.03000998426029487,0.937928763141835,0.854,95,0.20302373229473689,0.9725204456602378,0.012101259571322404,0.9247228915662651,0.03398839125425197
TgL_8x,nardini_Frac M_zscore,-0.13633474329763642,0.06347741943431456,-0.006818103131034748,0.031371116640056054,0.02712915939687456,0.034,252,0.182358687984127,0.10895956263887578,0.9627346486756372,0.13068749999999998,0.883765949838253
TgL_8x,nardini_Frac N_zscore,0.13299573086210142,0.09028285546696159,0.015382502949178251,0.02703372014391949,0.17606245214944644,0.148,108,0.1694287180462963,0.3982654090001271,0.3998274122267263,0.3622686567164179,0.44096923925817116
TgL_8x,nardini_Frac Q_zscore,0.24440140616922928,0.09489884266117099,0.03909146288258792,0.028591563210851545,0.01137041728289251,0.01,102,0.17230453801960788,0.05708413574676648,1.2434845697737054,0.05151832460732985,1.288038268816386
TgL_8x,nardini_Frac S_zscore,-0.19110021544982342,0.06291336553788454,-0.05413074874910845,0.05442028825113517,0.0025590154953258866,0.002,248,0.17979449252419355,0.01824689309710632,1.7388110723389998,0.014577777777777776,1.8363086743996835
TgL_8x,nardini_Frac W_zscore,0.07082834025880853,0.12697263253932725,-0.009113208493895329,0.01325591441476736,0.5672849485881671,0.578,59,0.22639271774576272,0.7619053233062181,0.11809899207282204,0.7685837837837837,0.11430878287910569
TgL_8x,nardini_Frac K+R_zscore,-0.07105248178858498,0.14240608582669845,-0.021420848861175245,0.04537583926577221,0.5762489274461577,0.63,55,0.24294984921818183,0.7671036707561901,0.11514593905644832,0.8030051813471503,0.09528165245081292
TgL_8x,nardini_Frac D+E_zscore,0.04485008855725136,0.07277769202340797,0.01909354397506572,0.053748920414600644,0.48788833589628344,0.55,242,0.1845117535909091,0.7029020827554069,0.1531051698319873,0.7491972413793104,0.12540383041045322
TgL_8x,nardini_Frac Polar_zscore,-0.15365399955431486,0.066818690088131,-0.04549708746608862,0.03314186842132605,0.015392488929981908,0.02,252,0.182358687984127,0.07110896294414178,1.1480756550810216,0.08556521739130435,1.0677027419222702
TgL_8x,nardini_Frac Aliphatic_zscore,0.10621079989940102,0.1099472959122583,-0.020533885229332447,0.03519126427832285,0.3094758005106031,0.344,84,0.19222192582142855,0.5477053735655277,0.2614529981648633,0.5836137931034482,0.23387445256006573
TgL_8x,nardini_Frac Aromatic_zscore,-0.021867095597995403,0.1563711679522438,0.010318264290873735,0.07345254404701822,0.8759726298975226,0.89,40,0.22339227235,0.9399749921692063,0.026883700557100175,0.9356410256410257,0.028890743661850904
TgL_8x,nardini_R/K Ratio_zscore,0.06808342584102685,0.0632957742254833,0.010599992326140131,0.013812945313222955,0.29847233425286224,0.282,244,0.18466982634836066,0.5363783046863744,0.2705287967144373,0.5235622641509434,0.2810316628500864
TgL_8x,nardini_E/D Ratio_zscore,-0.02212843557452503,0.06584243578674334,-0.001352106997424856,0.013978261502691835,0.7509057686497016,0.73,221,0.18926048981900453,0.8850826696261236,0.05301616287769207,0.8633653846153846,0.06380536773892653
TgL_8x,nardini_Frac Chain Expanding_zscore,-0.11909877802103662,0.06614788336471755,-0.02288125450606209,0.029727125115400675,0.06073782720808422,0.068,248,0.18339444793951615,0.19922007324251623,0.7006669045707032,0.2179543973941368,0.6616343643396086
TgL_8x,nardini_FCR_zscore,-0.04087281799080497,0.06893826056484763,0.0009549801382596341,0.050640250625840606,0.5256304584261426,0.548,248,0.18339444793951615,0.7304022550664826,0.13643789461748987,0.7478945908460473,0.1261596078037183
TgL_8x,nardini_NCPR_zscore,-0.13913531711863908,0.1448534551885819,-0.027899805815480797,0.0375709848526133,0.34462443674843657,0.332,44,0.2138692586590909,0.5712525513283369,0.2431718472716008,0.5731368421052633,0.24174167353711348
TgL_8x,nardini_Hydrophobicity_zscore,0.02361785154971558,0.08600384318505994,-0.04505524372956965,0.07203367083068651,0.8114567868975635,0.8,146,0.18564517362328767,0.9141853111011582,0.038965761124748116,0.8983864406779661,0.046536811491897735
TgL_8x,nardini_Disorder Promoting_zscore,-0.10448249528531926,0.06535055006653852,-0.014591783687063839,0.016738563457175407,0.11407810763146406,0.108,252,0.182358687984127,0.31094974490127597,0.5073097951392942,0.30714450867052023,0.5126572448744854
TgL_8x,nardini_Iso point_zscore,0.01967558243889841,0.10299795936425142,0.005421480311596672,0.03099290615191077,0.8541730911861982,0.858,90,0.18939344256666668,0.930793268800907,0.031146766052682982,0.9247228915662651,0.03398839125425197
TgL_8x,nardini_PPII_zscore,-0.08402674677733893,0.06587626007846757,-0.01296529717350219,0.021692539088450157,0.1781062188223876,0.202,252,0.182358687984127,0.3998280709055324,0.3981267184434799,0.43399126637554586,0.3625190101259039
TgL_8x,cider_kappa,0.2044701628259825,0.07732316228184187,0.3369796423256609,0.11793372286905715,0.008169825173147148,0.01,162,0.20507611565432102,0.044661758478255126,1.350064181345908,0.05151832460732985,1.288038268816386
TgL_8x,cider_omega,0.1184664664138374,0.0686808337593125,0.22879635238383764,0.09498962447258466,0.09601584986588131,0.074,197,0.20156784854822338,0.27870087394698295,0.5548616694289381,0.23413504823151127,0.6305335708645198
TgL_8x,cider_delta,0.19614445617238163,0.08042009607377891,2.368755379165836,0.8740278335989119,0.012332372343746787,0.018,162,0.20507611565432102,0.05948556071689627,1.225588440355476,0.08014479638009049,1.0961246701504632
TgL_8x,cider_mean_net_charge,0.00509361166677112,0.13183956790109444,-0.26980137745371313,0.49928457440532764,0.9873646672350329,0.974,48,0.24562851075,0.9934221191812601,0.0028661743876847736,0.9890669412976313,0.00477431380997154
TgL_8x,cider_fraction_neutral,-0.17446976235465117,0.19385599169336698,-0.16421981548227926,0.29545222263810805,0.33286450901451337,0.364,33,0.21502100284848485,0.5602948464473136,0.2515833721242344,0.5989565217391305,0.2226047019080133
TgL_8x,sparrow_SCD,-0.15272563341007964,0.08049925175639198,-0.01687119004809258,0.008153954338380015,0.06237672210016647,0.046,136,0.2106409481838235,0.2025699489985604,0.693424981246724,0.1658021978021978,0.7804097169278404
TgL_8x,sparrow_SHD,-0.09852758888880507,0.14949635935825845,-0.04542747478862666,0.08675687674970974,0.41326842158630883,0.516,55,0.14670231096363634,0.6444629585434674,0.19080203930743472,0.732344827586207,0.1352843814339875
TgL_8x,sparrow_complexity,0.10367456837016827,0.1554649481135902,0.5938577786471181,0.5574486734823397,0.5098163554756743,0.526,41,0.27907791585365854,0.7187095899542457,0.14344656018509994,0.7389123961761479,0.13140704754904425
TgL_8x,sparrow_scaled_rg,-0.22663201960107182,0.09088460098993578,-0.022492132440985812,0.009749950366887679,0.018157855854533146,0.006,106,0.21235018564150945,0.07941035627049162,1.100122855534694,0.03493491124260355,1.4567403557986884
TgL_8x,sparrow_scaled_re,-0.2614897781084859,0.09273916171622101,-0.0075091684318650135,0.002689875796302799,0.0054247122204032,0.006,114,0.2095960363859649,0.03274795598083895,1.484815802052223,0.03493491124260355,1.4567403557986884
TgL_8x,sparrow_prefactor,0.29373631790248406,0.12487019702782495,0.019819320120242408,0.009913770340524947,0.01867134619806039,0.024,61,0.18254230760655737,0.08058159938110272,1.0937641169985952,0.09964556962025317,1.0015420058671562
TgL_8x,sparrow_scaling_exponent,-0.2779807152782584,0.09026108133751855,-0.7235928978297578,0.4500580583180566,0.0067227463163257424,0.001,94,0.2033705103404256,0.038685277048330594,1.412454288553561,0.008707964601769912,2.060083345052078
TgL_8x,sparrow_asphericity,-0.2662807534536512,0.0895132505715213,-1.5938992001001848,0.6782786415834244,0.004724156960222793,0.001,110,0.21221689567272728,0.02942133195480524,1.531337669897819,0.008707964601769912,2.060083345052078
TgL_8x,avg_helix_prob,0.09570089306674506,0.06458512462518157,0.03768761330702876,0.0681404702353547,0.15790328716353094,0.138,209,0.18631990379904306,0.37082776746757623,0.4308277534745827,0.34818461538461537,0.4581904221939212
TgL_8x,avg_beta_prob,0.0534259617932574,0.06518101327214719,0.8033170824061621,1.4882034296763988,0.38593650129538914,0.418,243,0.18503774653497942,0.617018125803538,0.20970207774823207,0.6518415213946117,0.1858579790377576
TgL_8x,avg_coil_prob,-0.04164369605580328,0.06219092613997432,-0.0007166067119091386,0.06138222342661997,0.5262756085794067,0.51,243,0.18400811223868313,0.7304022550664826,0.13643789461748987,0.7262518089725036,0.1389127728449205
TgL_8x,avg_mito_targeting,-0.022181941860130637,0.2649950745064424,0.8024529254795613,0.9944281575242087,0.9294813070626449,0.928,20,0.21660087464999997,0.96681776548588,0.014655377935881814,0.9622255005268704,0.01672313777708909
TgL_8x,avg_nes,0.11740201579325774,0.06566588898545324,3.493829664374595,1.874586519436468,0.05969414997180033,0.086,248,0.1841033295967742,0.1971108844706427,0.7052893933003549,0.26038153846153844,0.5843898113039652
TgL_8x,avg_nis,0.20996055320871154,0.06262109039029198,0.8150112054643187,0.4054611987332384,0.0009657009796411599,0.001,243,0.18422337769135802,0.008798608925619457,2.055585985086457,0.008707964601769912,2.060083345052078
A0A438HAK2,nardini_Frac A_raw,0.2305859549537428,0.08246209247887558,1.4611690993228672,0.5663523886932239,0.003563493514947417,0.006,158,0.3045772279240506,0.023692416342623368,1.6253906441842605,0.03493491124260355,1.4567403557986884
A0A438HAK2,nardini_Frac C_raw,-0.32000667408188843,0.21917943732087375,-16.327239906946975,11.747650707967743,0.2048417456308942,0.148,17,0.5193705742941176,0.4288601653208508,0.36768429133325703,0.3622686567164179,0.44096923925817116
A0A438HAK2,nardini_Frac D_raw,0.1055769694755465,0.08851358365606464,1.9467855027518812,1.222768741022897,0.22064621145359717,0.224,132,0.315623543469697,0.44163331729982147,0.3549381703928691,0.46501265822784815,0.3325352249085807
A0A438HAK2,nardini_Frac E_raw,0.08899249689874561,0.08452528666980705,1.680095775510189,1.0751477609178877,0.3182647119536868,0.304,133,0.31186064088721804,0.5513599939479362,0.2585647489991468,0.5448743169398906,0.2637036624099967
A0A438HAK2,nardini_Frac F_raw,-0.3996913765241727,0.07215331602783528,-7.602120340413359,1.4476755233023462,4.664773937800852e-06,0.001,121,0.27740923642975207,0.00011769583473835997,3.929238906588638,0.008707964601769912,2.060083345052078
A0A438HAK2,nardini_Frac G_raw,0.27249278329787896,0.09764595631453836,2.5371890971547373,0.8221950511077278,0.01379285348889418,0.008,83,0.27126752922891567,0.06525080688976861,1.1854141134822895,0.04349171270718232,1.3615934894458994
A0A438HAK2,nardini_Frac H_raw,0.04612260050270528,0.11106018796838026,0.19318040941019213,2.357817302266721,0.7061823976274837,0.662,79,0.2396411519873417,0.8578808385993135,0.0665730323526664,0.8298191082802548,0.08101656887421105
A0A438HAK2,nardini_Frac I_raw,-0.3052230454204305,0.07541797331389348,-6.1850348473584695,1.5187757845382528,0.00021565881189362438,0.001,140,0.2772026743571429,0.002829443612044352,2.5482989566931353,0.008707964601769912,2.060083345052078
A0A438HAK2,nardini_Frac K_raw,0.12230372645235604,0.08219573707394326,0.8003632728469734,0.6166485988908343,0.11347662918579351,0.136,163,0.2748802603251534,0.31094974490127597,0.5073097951392942,0.34579844961240314,0.46117695821735233
A0A438HAK2,nardini_Frac L_raw,-0.15542858095220702,0.0738263687827829,-2.210621606968845,0.9832653702316357,0.05508283291455357,0.042,147,0.26825255833333334,0.19012086208833012,0.7209702250981089,0.1571406844106464,0.8037113596605159
A0A438HAK2,nardini_Frac M_raw,0.1392235081579161,0.08143169334098671,3.5397489161669866,2.7925394212404404,0.07779388291467329,0.072,164,0.24794411102439023,0.23921618996262037,0.6212094309817477,0.22854193548387094,0.6410340989716627
A0A438HAK2,nardini_Frac N_raw,-0.12912455911071674,0.08009333856089138,-2.0111938093194026,1.0831113058053072,0.10481070817339787,0.118,160,0.29541760975000003,0.2963613127661595,0.5281784901285381,0.32075138121546964,0.4938314647956988
A0A438HAK2,nardini_Frac P_raw,0.12565865053649308,0.10475985828283692,1.0153439153958663,1.0691426678099263,0.247431366194481,0.232,84,0.2817037087619048,0.47739698889288096,0.3211203245653981,0.4756,0.322758154053346
A0A438HAK2,nardini_Frac Q_raw,-0.09711535418340828,0.08169383477908532,-2.2104231832857484,1.333815048835129,0.21975740248515607,0.254,149,0.31128004994630876,0.44163331729982147,0.3549381703928691,0.49103339882121805,0.3088889672854792
A0A438HAK2,nardini_Frac R_raw,-0.14972501732771323,0.08063712737447098,-0.29375321115747294,0.5910080292012236,0.049068359247018495,0.062,162,0.2807630309753087,0.17332744078828385,0.761132675373128,0.2054141414141414,0.687369661387617
A0A438HAK2,nardini_Frac S_raw,0.12267563150246703,0.08350345295378815,0.7681640101786027,0.40226713688284604,0.1487328801335131,0.164,141,0.2864631697021277,0.361817201049614,0.4415107903138079,0.3897971014492754,0.4091613946418595
A0A438HAK2,nardini_Frac T_raw,-0.30304993082605347,0.07439499315131567,-2.2474363809610605,0.6246755354595998,0.0008212156947815165,0.001,118,0.28578071641525427,0.007623360789292568,2.1178535259742888,0.008707964601769912,2.060083345052078
A0A438HAK2,nardini_Frac V_raw,-0.09758682300594948,0.08083786598605892,-0.8695490474753178,1.090147337934291,0.24998483526477774,0.234,138,0.27565314898550725,0.4795030758295152,0.3192086026507705,0.4777095435684648,0.32083608239736516
A0A438HAK2,nardini_Frac W_raw,-0.050056209162826514,0.325236698818773,-5.852635640141442,20.52084819599701,0.8756806878195214,0.8063157894736842,18,0.5401158821666666,0.9399749921692063,0.026883700557100175,0.8983864406779661,0.046536811491897735
A0A438HAK2,nardini_Frac Y_raw,0.18667052029933942,0.07637068197172354,5.350429777470835,2.0926155449771695,0.0329872403570885,0.014,128,0.27591684609375,0.1269056437801093,0.8965190634210116,0.06591387559808612,1.1810231520014745
A0A438HAK2,nardini_Frac K+R_raw,-0.04724244780891865,0.15102489014284556,0.397072886386769,0.771254660116494,0.7653062201415493,0.75,57,0.40078311724561405,0.8893064200807416,0.05094857241437655,0.8733727810650888,0.05880034712665078
A0A438HAK2,nardini_Frac D+E_raw,0.19833880571919987,0.12186177639704729,1.6179420231931476,0.8240233195199591,0.13102976841614744,0.11,57,0.39993728538596485,0.3338803473149883,0.4764091434009844,0.30925714285714284,0.509680260760709
A0A438HAK2,nardini_Frac Polar_raw,-0.13115586476409472,0.11871890340672962,-1.2013930250249718,0.7662367327259152,0.21813724174735213,0.278,83,0.36591810126506025,0.44163331729982147,0.3549381703928691,0.5200608365019012,0.28394584980432125
A0A438HAK2,nardini_Frac Aliphatic_raw,0.2566444395148651,0.12185744695735826,0.8474809105935064,0.5433507283474146,0.04228443974706303,0.038,60,0.3028567434833333,0.1546761662123049,0.8105766008443482,0.14326436781609195,0.8438618122901294
A0A438HAK2,nardini_Frac Aromatic_raw,0.008429130922783185,0.10883823174694128,-0.8228384919601541,2.3277928209347496,0.9668983933930738,0.932,82,0.2812166644390244,0.9838966071342138,0.007050537046617687,0.9653557894736843,0.015312594503524856
A0A438HAK2,nardini_R/K Ratio_raw,-0.1758459866050419,0.06284489078840423,-0.13371749748335976,0.0487991077135117,0.0036519512447281974,0.014,276,0.23949239842391304,0.024117584059144603,1.6176661991161656,0.06591387559808612,1.1810231520014745
A0A438HAK2,nardini_E/D Ratio_raw,-0.01973973241607106,0.09030072771501593,0.03669326963269445,0.08932972487404267,0.800584985002851,0.798,132,0.3205721890909091,0.9088370344076105,0.041513984107572906,0.8983864406779661,0.046536811491897735
A0A438HAK2,nardini_Frac Chain Expanding_raw,0.12803775816791715,0.11880838754494828,1.0923742709247908,0.6394621160129075,0.24023947808455964,0.28,83,0.3523062898554217,0.46774147588788617,0.32999411833054215,0.5228083491461102,0.2816574854389858
A0A438HAK2,nardini_FCR_raw,0.05145970968473031,0.1805616590412772,0.8772397662588003,0.657273740872599,0.7397685571471728,0.75,39,0.5086900732564102,0.8812739228000218,0.05488908061158126,0.8733727810650888,0.05880034712665078
A0A438HAK2,nardini_NCPR_raw,-0.04910365001506163,0.15592809607720415,-0.24414906327958233,0.44429297987464084,0.7685644027274259,0.774,43,0.42418159781395354,0.8905807060436073,0.05032671786138791,0.8878883720930233,0.05164163155403775
A0A438HAK2,nardini_Hydrophobicity_raw,-0.0971519728226001,0.17852996472651186,-0.04343906265218797,0.0930513546181988,0.6005250068723842,0.572,26,0.43490089949999994,0.7847498097774582,0.10526878090044017,0.7616346414073072,0.11825331117046001
A0A438HAK2,nardini_Disorder Promoting_raw,0.4662520740659999,0.07130555641574583,2.387070870000314,0.6813389403969881,9.66252920421743e-09,0.001,135,0.2812726938666667,1.0564365263277724e-06,5.976156591459474,0.008707964601769912,2.060083345052078
A0A438HAK2,nardini_Iso point_raw,-0.07840179491961716,0.1282486467230376,-0.0035112401086815847,0.014475345136524006,0.5503465332397997,0.526,55,0.32233455867272726,0.7490193481437938,0.12550696376441037,0.7389123961761479,0.13140704754904425
A0A438HAK2,nardini_PPII_raw,0.31808442696386346,0.08868494096091445,5.150384881020313,2.2855741126618074,0.002184605382045757,0.001,88,0.2993077485909091,0.016162794706263344,1.7914835432786282,0.008707964601769912,2.060083345052078
A0A438HAK2,nardini_A Patch_raw,-0.031931646651845814,0.12775524011044037,-0.2606759320177256,0.8139316705971092,0.7611530741207366,0.786,66,0.1740807108787879,0.8880333266256921,0.05157073546233488,0.8930993071593534,0.04910024754659722
A0A438HAK2,nardini_E Patch_raw,0.24731505153241165,0.3208749932540239,2.692008331306508,3.99930531169998,0.4173612891122115,0.41,12,0.14079073225,0.6455513646669463,0.1900691964588645,0.6483049026769216,0.18822069411901085
A0A438HAK2,nardini_G Patch_raw,-0.48782780775929463,0.1673448912531759,-3.8200050035446784,2.2129993183382646,0.014263310038757368,0.014,22,0.1373735290909091,0.06683379561017738,1.175003873819499,0.06591387559808612,1.1810231520014745
A0A438HAK2,nardini_K Patch_raw,-0.009708470504303339,0.0834252387602963,-0.018665511708035473,0.40469397491797354,0.9153490505506088,0.91,147,0.2701175522993197,0.959983664342518,0.017736157112790286,0.9515834218916047,0.02155313267482177
A0A438HAK2,nardini_N Patch_raw,-0.5196350451936353,0.3912253441042643,-14.608152303874249,10.412837517508098,0.19966018946036257,0.122,6,0.8090796425000001,0.4261067392740389,0.37048159697443117,0.32889863013698634,0.48293793535038493
A0A438HAK2,nardini_R Patch_raw,-0.035623140749340663,0.2904415297972717,0.4392616234047039,1.6162580694262736,0.9577625068895765,0.904,14,0.20284123864285714,0.9806850226632083,0.008470457334201209,0.9473226837060703,0.023502063359406085
A0A438HAK2,nardini_S Patch_raw,-0.1875134057797993,0.16373895451360954,-0.9382885431962521,0.8278551467077757,0.2196871490112143,0.246,40,0.17747410562500002,0.44163331729982147,0.3549381703928691,0.48412799999999995,0.31503979880129823
A0A438HAK2,nardini_T Patch_raw,-0.4589453759042094,0.2583361337303524,-4.174167127824265,3.0870596796535428,0.13917892867431456,0.104,11,0.6118228451818182,0.34671409067221653,0.460028507992181,0.2983556851311953,0.5252656823126487
A0A438HAK2,nardini_Frac A_zscore,0.2356013505203146,0.08346941484217359,0.0647564579906546,0.02371647794947088,0.0026886701407743906,0.004,157,0.305705374433121,0.019033463442604318,1.7204821777061103,0.026066225165562916,1.5839218575338654
A0A438HAK2,nardini_Frac D_zscore,0.15407824968918338,0.0638899084656703,0.0395513819447682,0.03893131216460774,0.011170932506853094,0.012,262,0.21395359049236642,0.05648669437284438,1.2480538396314995,0.060244897959183676,1.2200797268775097
A0A438HAK2,nardini_Frac E_zscore,-0.013247691678648324,0.05595869578646239,-0.023573895554455257,0.042131310362358204,0.8226739200773039,0.806,264,0.2239575117840909,0.9151753399079536,0.038495690786834146,0.8983864406779661,0.046536811491897735
A0A438HAK2,nardini_Frac F_zscore,0.041290459393725616,0.06913656256422239,-0.046928282277326684,0.034084062759254054,0.548616563377456,0.548,200,0.24726964711000002,0.7484257933089544,0.12585125364300712,0.7478945908460473,0.1261596078037183
A0A438HAK2,nardini_Frac G_zscore,0.2682597379118368,0.09973497636896375,0.10627890787106045,0.03549591972831947,0.01379285348889418,0.008,83,0.27126752922891567,0.06525080688976861,1.1854141134822895,0.04349171270718232,1.3615934894458994
A0A438HAK2,nardini_Frac H_zscore,0.3344360799189581,0.06148458060978971,0.22387946280011908,0.10831143133913021,3.726029437960882e-07,0.001,214,0.25191752459345795,1.5276720695639618e-05,4.815969861508697,0.008707964601769912,2.060083345052078
A0A438HAK2,nardini_Frac I_zscore,0.058911607365343004,0.07450781895765371,-0.06164296769761156,0.04913804468038396,0.408076907418368,0.448,201,0.2408833015472637,0.6391219158851573,0.19441628997014265,0.6747297756472068,0.17087012412076408
A0A438HAK2,nardini_Frac K_zscore,0.10937245018435238,0.08604326991944672,0.009167103529359583,0.028187275040778746,0.17870014590651961,0.2,154,0.2558456172792208,0.3998280709055324,0.3981267184434799,0.43252747252747253,0.3639863025617897
A0A438HAK2,nardini_Frac L_zscore,0.05464029736486686,0.09943088653429337,-0.006502118095958776,0.03424879477252679,0.6004547139288854,0.604,90,0.21216730744444448,0.7847498097774582,0.10526878090044017,0.7903404255319149,0.10218580353916892
A0A438HAK2,nardini_Frac M_zscore,-0.12195092005389112,0.06141725572350049,-0.023891438122846952,0.033195502714920236,0.04488535282969921,0.058,276,0.23949239842391304,0.1623793646486177,0.7894691622170871,0.19955244755244755,0.6999429411347642
A0A438HAK2,nardini_Frac N_zscore,0.11304279753067306,0.07508041166281591,-0.1266965775796307,0.0937447658792203,0.11879624712990136,0.146,199,0.25325202675376884,0.3170297395955813,0.4988999960269085,0.3600601503759398,0.44362494147096965
A0A438HAK2,nardini_Frac P_zscore,0.3858538721414508,0.05496598140049887,0.16058836303854412,0.030915321343901875,5.1937233823824556e-11,0.001,275,0.23989318829454542,2.5553119041321677e-08,7.5925560818400095,0.008707964601769912,2.060083345052078
A0A438HAK2,nardini_Frac Q_zscore,0.23343809026164933,0.072359017120309,-0.056241573205245456,0.08663440686034439,0.0009322461278698624,0.001,193,0.23373881298445595,0.008573179344149015,2.066858091080265,0.008707964601769912,2.060083345052078
A0A438HAK2,nardini_Frac R_zscore,0.08745081650818431,0.11700407623852604,0.027851716355004504,0.0298006521398823,0.39198565488498904,0.458,90,0.2879363779333333,0.6241324990401768,0.204723202795912,0.687,0.16304326294044955
A0A438HAK2,nardini_Frac S_zscore,0.11566021677146418,0.06136237955113012,0.057112389001104116,0.03347119894778889,0.06411454462427875,0.05,270,0.24246002545185188,0.20550069026153187,0.6871867150226035,0.17571428571428574,0.7551929285748589
A0A438HAK2,nardini_Frac T_zscore,-0.18572968033767331,0.06527583044033866,-0.11924286137005863,0.03990286943069296,0.003730788681544793,0.006,234,0.256924587542735,0.024311894454570042,1.6141811983302738,0.03493491124260355,1.4567403557986884
A0A438HAK2,nardini_Frac V_zscore,-0.10576674022169524,0.08647081750593635,-0.031658632530382015,0.031708542378477804,0.24307966056826022,0.226,129,0.2611121783178295,0.47121574403120386,0.3267802075425866,0.46719327731092436,0.33050341514175074
A0A438HAK2,nardini_Frac Y_zscore,0.030321181946530294,0.19804398370514756,-0.006897213944737115,0.07118149741803297,0.8822452003193053,0.864,22,0.3709098155909091,0.9436187794719526,0.025203424569099197,0.9281397379912664,0.03238663275761558
A0A438HAK2,nardini_Frac K+R_zscore,-0.16330044920399098,0.14402033030351624,-0.06160195249544578,0.046334228815689944,0.27464632129634514,0.258,52,0.3485086845192308,0.5128121065571226,0.2900417304687845,0.492,0.30803489723263966
A0A438HAK2,nardini_Frac D+E_zscore,0.08596086390056289,0.053527525460209044,0.0110750589458522,0.039950837520297336,0.15375946676618246,0.114,266,0.22437175386090225,0.3681248547394734,0.4340048592395738,0.31510112359550563,0.5015500482050611
A0A438HAK2,nardini_Frac Polar_zscore,-0.06117870627002234,0.06651898277898986,-0.14046618589417875,0.0868441051673063,0.333102119076909,0.366,276,0.23949239842391304,0.5602948464473136,0.2515833721242344,0.6012420701168614,0.22095063856355923
A0A438HAK2,nardini_Frac Aliphatic_zscore,0.19515959737257377,0.0776033761700686,-0.007725034393023991,0.030948779246127905,0.0034076627666393194,0.014,221,0.2602816889638009,0.023117550509253525,1.636058184813437,0.06591387559808612,1.1810231520014745
A0A438HAK2,nardini_Frac Aromatic_zscore,-0.12667895574677673,0.09635030862054117,-0.17896722322472022,0.1266441880493932,0.09442237956529756,0.2,174,0.2754757621896552,0.27652268301265714,0.5582692379463416,0.43252747252747253,0.3639863025617897
A0A438HAK2,nardini_R/K Ratio_zscore,-0.16163664266731936,0.06198141140607465,-0.04002892756630084,0.016581203818986225,0.007833212433335441,0.022,268,0.22753942788059703,0.04344556444855561,1.3620545560127197,0.09290987124463519,1.0319381417724711
A0A438HAK2,nardini_E/D Ratio_zscore,-0.008132500153874659,0.0955194772151366,0.01070518578593148,0.027787718945969476,0.940859916880042,0.952,115,0.25526768131304345,0.9745327981157488,0.011203540024050199,0.9778371607515657,0.009733462262728589
A0A438HAK2,nardini_Frac Chain Expanding_zscore,0.2952870071854427,0.060045983253191416,0.14443602457050833,0.06661435888638269,6.750785837536135e-07,0.001,276,0.23949239842391304,2.290611470391571e-05,4.640048568852753,0.008707964601769912,2.060083345052078
A0A438HAK2,nardini_FCR_zscore,-0.05312895662975744,0.06742550302018088,-0.029342664172342957,0.0553987978201099,0.42115520021723507,0.414,227,0.24397285451101322,0.6485394632453197,0.18806359221177343,0.6483049026769216,0.18822069411901085
A0A438HAK2,nardini_NCPR_zscore,-0.13030874064625983,0.1532856902318998,-0.0569364533868732,0.053435388090428616,0.42416004591696954,0.396,39,0.34397016889743587,0.6512045147756137,0.186282597161639,0.6305242718446602,0.200298190731962
A0A438HAK2,nardini_Hydrophobicity_zscore,0.07820119392932244,0.07225621175766449,-0.059170569084042,0.029168387620167394,0.2822468764832448,0.29,195,0.2522144749692308,0.5212639354986036,0.28294232141051856,0.5320888888888888,0.27401580994320873
A0A438HAK2,nardini_Disorder Promoting_zscore,0.32663913403288464,0.05754825185005591,0.09263936546047756,0.020631732205346965,2.1978242927179017e-08,0.001,276,0.23949239842391304,2.1626591040344153e-06,5.665011932204232,0.008707964601769912,2.060083345052078
A0A438HAK2,nardini_Iso point_zscore,-0.027410545707425592,0.07740913342608506,0.0014874593898942586,0.05032851354481038,0.7618533650917482,0.742,145,0.3169238880068965,0.8880333266256921,0.05157073546233488,0.8712744630071598,0.05984501491990796
A0A438HAK2,nardini_PPII_zscore,0.1836086921228349,0.0625767304455067,0.14464068023466517,0.034007788738472634,0.0019886929948211914,0.001,276,0.23949239842391304,0.015169565169798855,1.8190268679320218,0.008707964601769912,2.060083345052078
A0A438HAK2,nardini_K Patch_zscore,-0.1646516232707121,0.1478676473962749,-0.07564139694882457,0.05013590429899643,0.23686595645561007,0.264,51,0.2009136046078432,0.4636387402240608,0.33382028288400434,0.4995692307692308,0.3014043183336265
A0A438HAK2,cider_kappa,0.14853860376726694,0.09601434983390897,0.5516351759945871,0.27399023738279366,0.10680896558398037,0.13,114,0.2794420532368421,0.29889050996358385,0.5244878739733592,0.33574803149606297,0.47398652493744103
A0A438HAK2,cider_omega,-0.14917544360722412,0.07190798544140668,-0.4846554533056931,0.2939113559171334,0.03887634676774431,0.046,189,0.2667836416931217,0.1443559442243789,0.8405653282315088,0.1658021978021978,0.7804097169278404
A0A438HAK2,cider_delta,0.1214416831337385,0.08992882795829796,1.8463648891523672,0.9589962380697001,0.16713550458060752,0.172,125,0.28169759515199994,0.3834905701455972,0.41624531068262227,0.3982305882352941,0.39986538471142113
A0A438HAK2,cider_mean_net_charge,0.05039156991735477,0.15976684156999849,0.4327367802434228,1.0776810018308687,0.7491179775458636,0.742,41,0.43898244197560987,0.8850826696261236,0.05301616287769207,0.8712744630071598,0.05984501491990796
A0A438HAK2,cider_fraction_neutral,-0.08427263312277299,0.19370923816842064,-0.8610569579527475,0.6765137503193498,0.6206088320735152,0.674,35,0.5211667672285715,0.8014161296067441,0.09614192103894277,0.8342339622641509,0.07871213368980896
A0A438HAK2,sparrow_SCD,0.02247631196765927,0.08545464486102793,-0.003154349439690042,0.010260754666602067,0.835791595096884,0.796,127,0.283768836496063,0.9221386465923801,0.03520377642670374,0.8972096219931271,0.04710607753655917
A0A438HAK2,sparrow_SHD,0.08697298547441296,0.13455818533728467,-0.009448853585075197,0.07506897546996423,0.5437047469032825,0.546,52,0.27778703209615385,0.7451329679008775,0.12776622111363956,0.7472378303198888,0.12654114924680385
A0A438HAK2,sparrow_complexity,-0.32599056561937306,0.09094109764477895,-2.238212392729466,0.7183278741175724,0.0006064450960441074,0.001,105,0.2388504693238095,0.00641658037104733,2.1926963615966972,0.008707964601769912,2.060083345052078
A0A438HAK2,sparrow_scaled_rg,0.13213880973890954,0.14004016626416457,0.048447066192687765,0.04535272227645314,0.3342950642814172,0.362,50,0.32753211879999994,0.5613418826841544,0.25077255311254437,0.5976644295302013,0.22354259077572927
A0A438HAK2,sparrow_scaled_re,0.1581376674728379,0.10514710348002107,0.006615953613534271,0.006358541960013747,0.14550655297733944,0.132,84,0.259615514,0.35664764993055553,0.4477606333439973,0.3391331592689295,0.46962974433143134
A0A438HAK2,sparrow_prefactor,-0.0395294201297559,0.17554133298996047,0.0060343468544043835,0.007908821000771844,0.7847785946607049,0.804,37,0.29595664581081077,0.90009656076947,0.04571089771637633,0.8983864406779661,0.046536811491897735
A0A438HAK2,sparrow_scaling_exponent,-0.0013544370217021748,0.23103658314837489,-1.7042985495429148,1.7714897161570877,0.9821704184352005,0.992,21,0.3361464658095238,0.9922543036347405,0.003377008781830272,0.9970663942798774,0.0012759212176176543
A0A438HAK2,sparrow_asphericity,0.07546784913456045,0.27628111342030126,0.5020243277504141,1.1116764705984967,0.800774094340852,0.768,17,0.13010626664705882,0.9088370344076105,0.041513984107572906,0.8838736842105264,0.0536097962653191
A0A438HAK2,avg_helix_prob,-0.218285088299506,0.06422596542757494,-0.6995100219977765,0.26680224475698483,0.0004553415087173612,0.001,254,0.24734345863385826,0.005100725611486547,2.292368038284619,0.008707964601769912,2.060083345052078
A0A438HAK2,avg_beta_prob,-0.37113788189444064,0.05736422656533404,-4.590909825284164,0.8353456036642142,1.5109776962512662e-09,0.001,247,0.2254366943684211,3.7170051327781144e-07,6.429806839190615,0.008707964601769912,2.060083345052078
A0A438HAK2,avg_coil_prob,0.278496147889039,0.06900645795772507,0.6476439800999179,0.2396957916285459,0.00015452508605373537,0.001,178,0.255992551252809,0.002212355665646604,2.6551450531308953,0.008707964601769912,2.060083345052078
A0A438HAK2,avg_nes,-0.09623549348153053,0.058661284138296396,-2.535152335095705,1.330217111536578,0.1198644152637908,0.096,244,0.2535790318647541,0.3170805709845227,0.4988303684198386,0.28367567567567564,0.54717790203541
A0A438HAK2,avg_nis,0.18443262640929856,0.06396011191109098,0.6485862345216625,0.31290696026383785,0.003703706081515193,0.002,250,0.24714367734000003,0.024296311894739665,1.614459645962406,0.014577777777777776,1.8363086743996835
Os_LEA_or4,nardini_Frac A_raw,0.3576250743646327,0.15170466811517788,3.151450926505828,1.2354010875336587,0.01607855144230396,0.046,44,0.1978228744318182,0.07242426266392377,1.1401159175618156,0.1658021978021978,0.7804097169278404
Os_LEA_or4,nardini_Frac D_raw,-0.18047353323382295,0.14789959712298006,-1.9839576464530186,1.3847185320639965,0.17035739043920267,0.242,58,0.18114459556896556,0.3871401205362019,0.4121318190592573,0.4830182555780933,0.31603645486545723
Os_LEA_or4,nardini_Frac E_raw,-0.2560565936099099,0.14071789949363794,-4.649847440565257,1.6119532165351365,0.057045707711805296,0.066,57,0.1832888390877193,0.19223622050827538,0.7161647806380719,0.21363157894736842,0.6703345496355435
Os_LEA_or4,nardini_Frac F_raw,0.010962898231907343,0.15711594565447817,-1.5788658144185461,4.907404493194039,0.9313178604364436,0.944,42,0.19549178845238094,0.9677051474862307,0.014256948813602208,0.9726659685863873,0.012036278854335905
Os_LEA_or4,nardini_Frac G_raw,0.19090687005090604,0.2090449531331988,1.119155860911034,1.940563552352722,0.32707219287186107,0.35,28,0.21821525439285713,0.5569339069902831,0.2541963407913153,0.5857142857142857,0.2323141832945213
Os_LEA_or4,nardini_Frac H_raw,0.12478623395595906,0.1713095925206046,10.09521477869306,15.555301013355288,0.5746485230200125,0.5324074074074074,24,0.20182447537500003,0.7671036707561901,0.11514593905644832,0.7389123961761479,0.13140704754904425
Os_LEA_or4,nardini_Frac I_raw,-0.492972275652986,0.1672597192644029,-5.335970948473634,2.8857964332910266,0.023782705294888126,0.012,20,0.18283975439999997,0.09750909170904132,1.010954888968287,0.060244897959183676,1.2200797268775097
Os_LEA_or4,nardini_Frac K_raw,-0.1596289253745507,0.12941122445303035,-1.13482075247872,0.8534635427124913,0.2173169692418375,0.232,62,0.17481077890322574,0.44163331729982147,0.3549381703928691,0.4756,0.322758154053346
Os_LEA_or4,nardini_Frac L_raw,-0.09678856666322776,0.15875911202437185,-1.748468447567239,2.1396839910318795,0.5470200401279461,0.532,46,0.19619852928260872,0.7475940548415264,0.12633416095798006,0.7389123961761479,0.13140704754904425
Os_LEA_or4,nardini_Frac M_raw,-0.15196952812004894,0.16754235915707297,-3.9304665863027703,5.536125607926124,0.38564594579554623,0.386,34,0.2211988564117647,0.617018125803538,0.20970207774823207,0.6186058631921824,0.20858596803807125
Os_LEA_or4,nardini_Frac N_raw,0.1926404311375572,0.14607736531823926,3.57547596410479,1.229677206131681,0.144582926783552,0.192,58,0.17783707581034486,0.3565654134210906,0.4478607853582132,0.4255135135135135,0.3710866429797287
Os_LEA_or4,nardini_Frac P_raw,-0.1670812138235995,0.2107182953961826,-2.0763657868674232,2.5987179531024003,0.4167015860178449,0.402,28,0.21821525439285713,0.6455513646669463,0.1900691964588645,0.6369855072463768,0.1958704486607686
Os_LEA_or4,nardini_Frac Q_raw,0.22496754368167973,0.14221079430127143,3.366408369564601,0.9958983137444491,0.08100064853269473,0.118,56,0.18358602250000003,0.24524504048052806,0.61039976647082,0.32075138121546964,0.4938314647956988
Os_LEA_or4,nardini_Frac R_raw,0.12876270541284693,0.13136077239516805,0.026446324838323237,0.9512630162146342,0.32719345871795236,0.328,62,0.17477037449999996,0.5569339069902831,0.2541963407913153,0.5702332155477032,0.2439474890452508
Os_LEA_or4,nardini_Frac S_raw,-0.5701099001551173,0.10886514179237902,-3.2987186774015633,0.7895068584847911,9.800201082419586e-06,0.001,51,0.18675038305882352,0.00022727363182267808,3.643450947988997,0.008707964601769912,2.060083345052078
Os_LEA_or4,nardini_Frac T_raw,0.3154360950572575,0.157853306686727,2.8313052341036027,0.9661215347024926,0.03301610244685771,0.062,43,0.18460521460465118,0.1269056437801093,0.8965190634210116,0.2054141414141414,0.687369661387617
Os_LEA_or4,nardini_Frac V_raw,-0.33529808016745655,0.1266280501622454,-4.537051825954672,2.0256304691374547,0.01575822897219498,0.012,49,0.18770298616326533,0.07208426181812445,1.1421595445958832,0.060244897959183676,1.2200797268775097
Os_LEA_or4,nardini_Frac Y_raw,0.2736146083699413,0.08421909339928853,20.528110541686253,9.61884426129527,0.10883632454896021,0.001,37,0.20365601402702707,0.30252808857677077,0.5192342965567138,0.008707964601769912,2.060083345052078
Os_LEA_or4,nardini_Frac K+R_raw,-0.023814611765522145,0.24168494380086428,-0.423831260407365,0.9382559359792012,0.8822294724070903,0.884,23,0.16606528982608693,0.9436187794719526,0.025203424569099197,0.9333218884120171,0.029968548909566774
Os_LEA_or4,nardini_Frac D+E_raw,-0.3831147940808342,0.20810638363163225,-1.6526087433447383,0.8197772352938665,0.05610959031257236,0.094,23,0.16606528982608693,0.19012086208833012,0.7209702250981089,0.2802909090909091,0.5523909878468473
Os_LEA_or4,nardini_Frac Polar_raw,0.12732106469004265,0.21616082776719076,1.6424254384505126,0.6664253968517885,0.48176931248999544,0.528,31,0.2006900964516129,0.698030367597229,0.15612568311749697,0.7389123961761479,0.13140704754904425
Os_LEA_or4,nardini_Frac Aliphatic_raw,0.2824345990581808,0.21165288781018626,0.2553312742502228,2.6441825184015397,0.14928636547372284,0.194,27,0.21519807403703706,0.361817201049614,0.4415107903138079,0.42801793721973097,0.36853803035057425
Os_LEA_or4,nardini_Frac Aromatic_raw,0.037744234367451515,0.2287657664627623,14.080210524171274,17.79868617073397,0.8432670561507711,0.8416833667334669,24,0.23010889475,0.9239907696834384,0.03433236719501389,0.9195649278579356,0.03641760104807194
Os_LEA_or4,nardini_R/K Ratio_raw,0.1844960780877292,0.10395834636175166,0.15611770217514487,0.07651566371389047,0.05746224679421263,0.07,107,0.19066530486915886,0.1929790131245912,0.7144899188667038,0.22363636363636366,0.6504575780548458
Os_LEA_or4,nardini_E/D Ratio_raw,-0.2511479257377729,0.09032911974111428,-0.432391896393521,0.18357450201324751,0.008169833867973498,0.006,107,0.19066530486915886,0.044661758478255126,1.350064181345908,0.03493491124260355,1.4567403557986884
Os_LEA_or4,nardini_Frac Chain Expanding_raw,-0.22191187185427622,0.18119169810593552,-1.3784290997312973,0.6257416215914526,0.1674194590578299,0.218,40,0.195903784925,0.3834905701455972,0.41624531068262227,0.4554394904458599,0.3415693150929498
Os_LEA_or4,nardini_FCR_raw,-0.2639710273339816,0.3004432216246609,-0.8431964809424807,0.7224359643047386,0.3152362043590034,0.37,15,0.1855716428,0.5499865693071975,0.259647915863922,0.6037810945273632,0.2191204896418148
Os_LEA_or4,nardini_NCPR_raw,0.4731429547302863,0.18403890734886233,0.6833458312701737,0.4167878052478069,0.05411386351610328,0.034,15,0.1714020258,0.188822842907254,0.7239454679379711,0.13068749999999998,0.883765949838253
Os_LEA_or4,nardini_Hydrophobicity_raw,-0.4334890010432325,0.4973563644959012,-0.1687547853829878,0.16867532731264653,0.3287230320699709,0.346,6,0.2111538045,0.5576956268221575,0.2536027610211732,0.5839862778730702,0.23359735753489602
Os_LEA_or4,nardini_Disorder Promoting_raw,-0.04517845578235671,0.2410284936057146,-0.35420648802847415,2.108165374794266,0.8094161366223933,0.882,23,0.16670167008695652,0.9133778422436181,0.03934952820969458,0.9322105263157895,0.030485997418181365
Os_LEA_or4,nardini_Iso point_raw,0.5468577146874145,0.1753062986207422,0.07337585471023297,0.0260386421993606,0.01769667149658059,0.012,17,0.1595930740588235,0.07808755494455291,1.1074181754642636,0.060244897959183676,1.2200797268775097
Os_LEA_or4,nardini_PPII_raw,-0.06748333300911039,0.262709639352191,-0.9595413506492053,2.5773342192027138,0.8298120954425188,0.788,15,0.2025965948666667,0.9205581757783974,0.0359487605318488,0.8933087557603687,0.04899840925559504
Os_LEA_or4,nardini_A Patch_raw,0.5488421570496876,0.07992066070783033,2.3300193659543185,0.44905485255970745,1.7020412147797402e-07,0.001,77,0.20824943175324673,9.304491974129247e-06,5.031307334393022,0.008707964601769912,2.060083345052078
Os_LEA_or4,nardini_D Patch_raw,0.11608565986953101,0.22720419078206358,0.7475954614347485,1.562433373082329,0.6132233672330847,0.606,20,0.2497385266,0.7939628859965202,0.10019979830796208,0.7919043824701195,0.10132725360307286
Os_LEA_or4,nardini_K Patch_raw,0.20539790721784948,0.15525234742745686,1.435396921446976,1.0758841024246688,0.17388880989964442,0.172,44,0.23955417875,0.3942548132286869,0.40422299591688116,0.3982305882352941,0.39986538471142113
Os_LEA_or4,nardini_R Patch_raw,-0.0825231673994216,0.6240762667861027,0.009056545207698689,11.447921174656669,0.9544757346935633,0.8224489795918367,6,0.14256779416666668,0.9800069659574636,0.00877083730124427,0.9093143774363678,0.04128594210097549
Os_LEA_or4,nardini_S Patch_raw,-0.42876205731246325,0.28192286444542036,-2.949775593460844,4.220989952762638,0.13730320879699637,0.17,12,0.23819094333333335,0.34465907514348065,0.4626102817052736,0.3963981042654029,0.40186843115205834
Os_LEA_or4,nardini_T Patch_raw,0.35370793488370655,0.1046258854998373,1.801787915778648,0.7156768288768797,0.00187029695513827,0.004,72,0.1932356063333333,0.01484171132141982,1.8285160199060853,0.026066225165562916,1.5839218575338654
Os_LEA_or4,nardini_Frac A_zscore,0.3562846772769989,0.14987853075401608,0.13329887026899734,0.05601183824210037,0.01607855144230396,0.026,44,0.1978228744318182,0.07242426266392377,1.1401159175618156,0.1057190082644628,0.9758469195782719
Os_LEA_or4,nardini_Frac D_zscore,-0.044294840587871406,0.14417244335566762,-0.018091285199972502,0.07238674885566276,0.7043036173012991,0.758,55,0.18096061009090908,0.8577162864164335,0.06665634341000852,0.8774964705882353,0.05675462165089767
Os_LEA_or4,nardini_Frac E_zscore,-0.2302243967291169,0.09152163011972154,-0.17404257157489514,0.08950683829815949,0.017427602125607247,0.014,102,0.18906357359803916,0.07759620131944585,1.1101595388756227,0.06591387559808612,1.1810231520014745
Os_LEA_or4,nardini_Frac F_zscore,-0.37880331080365054,0.0894482520376195,-0.6767967187984555,0.15715161107292977,0.00033980935672829913,0.001,82,0.18324798792682928,0.003980623893102933,2.400048854535057,0.008707964601769912,2.060083345052078
Os_LEA_or4,nardini_Frac G_zscore,-0.23149370972879815,0.0999210744611082,-0.11742102692630126,0.051347956638817256,0.016610328614413944,0.022,107,0.19066530486915886,0.07429346980265146,1.129049357885592,0.09290987124463519,1.0319381417724711
Os_LEA_or4,nardini_Frac H_zscore,-0.1438916360052801,0.03682397425723426,-0.7895010399176856,0.1026437049243862,0.2737165583418576,0.001,85,0.18861511762352942,0.5120477060995967,0.29068957509714793,0.008707964601769912,2.060083345052078
Os_LEA_or4,nardini_Frac K_zscore,-0.031279682475542234,0.14149358848457805,-0.013237832108381265,0.062321815129542775,0.8217243867167822,0.846,58,0.17873786377586207,0.9151753399079536,0.038495690786834146,0.9229090909090909,0.03484107607157668
Os_LEA_or4,nardini_Frac L_zscore,0.13298228865557923,0.12544949975288766,-0.04929453588292057,0.13695021769583218,0.21849307949051752,0.286,89,0.19343604593258426,0.44163331729982147,0.3549381703928691,0.5289924812030075,0.2765505007346637
Os_LEA_or4,nardini_Frac M_zscore,-0.32395418921048236,0.08200011068952133,-0.1632477522117759,0.07123769971710771,0.0006318746081689424,0.001,107,0.19066530486915886,0.006476714733731659,2.1886452309829334,0.008707964601769912,2.060083345052078
Os_LEA_or4,nardini_Frac N_zscore,-0.10054356645107847,0.13239072714226463,0.1397775895757169,0.08149817568960524,0.3625996377042341,0.474,78,0.18447902949999997,0.5897488322330022,0.22933291039194792,0.6992743628185907,0.1553523938111224
Os_LEA_or4,nardini_Frac Q_zscore,0.147257665555981,0.12914506100694836,0.20767540697029319,0.060839581220756854,0.1791912390948575,0.256,80,0.20168811834999997,0.3998280709055324,0.3981267184434799,0.4910409356725146,0.3088823013686252
Os_LEA_or4,nardini_Frac R_zscore,-0.11642689970138849,0.1799281973229975,-0.08041940186611293,0.07677390517371847,0.48575059314483515,0.532,34,0.15011851088235295,0.7008483631297915,0.15437593664066343,0.7389123961761479,0.13140704754904425
Os_LEA_or4,nardini_Frac S_zscore,-0.48505902608772966,0.08306475005256625,-0.2477773126806458,0.042310615680162304,3.373484988975023e-07,0.001,98,0.1923468301530612,1.443264882239749e-05,4.840653955574505,0.008707964601769912,2.060083345052078
Os_LEA_or4,nardini_Frac T_zscore,0.4751407818222899,0.13938206185148755,0.20107921302566367,0.0570935014066733,0.00047624390597088767,0.002,48,0.18992852491666667,0.005265438241296106,2.2785654767375574,0.014577777777777776,1.8363086743996835
Os_LEA_or4,nardini_Frac V_zscore,-0.46294669947107836,0.07677461311481582,-0.170987183376757,0.050133733096175005,7.850276110805061e-07,0.001,102,0.19335580801960783,2.5748905643440603e-05,4.589241224219475,0.008707964601769912,2.060083345052078
Os_LEA_or4,nardini_Frac Y_zscore,-0.01818643687899523,0.029535113061668138,-0.07296663843593876,0.07483679636842534,0.9052571039756558,0.5314009661835749,72,0.18333830190277778,0.954557823920594,0.020197758366174386,0.7389123961761479,0.13140704754904425
Os_LEA_or4,nardini_Frac K+R_zscore,0.2503863467664596,0.268641572522907,0.03734501066416645,0.09279427648571545,0.24964683576792546,0.334,20,0.1700272475,0.4795030758295152,0.3192086026507705,0.5735706806282723,0.24141305672448393
Os_LEA_or4,nardini_Frac D+E_zscore,-0.15275185764758714,0.2607098809814033,-0.08660908589677974,0.10927740695205948,0.5023017282383498,0.54,20,0.16329743389999998,0.7132249647713366,0.14677346376830286,0.744201680672269,0.12830935352186432
Os_LEA_or4,nardini_Frac Polar_zscore,-0.017448606698806008,0.11091000252715535,0.18445013316980344,0.06960894426788443,0.9232722540570775,0.874,107,0.19066530486915886,0.9623939597374621,0.01664711141729893,0.9307532467532468,0.031165440154362137
Os_LEA_or4,nardini_Frac Aliphatic_zscore,0.33247053048351144,0.20518019232935045,0.042210033953959336,0.1932750338595139,0.08173399872763616,0.128,28,0.21821525439285713,0.246706302907957,0.6078197549157015,0.3340901856763926,0.47613628212658293
Os_LEA_or4,nardini_Frac Aromatic_zscore,0.18000939722806159,0.1380124875736678,0.45806183504492987,0.7815935654792708,0.0807287189416133,0.24949698189134809,89,0.18038103603370786,0.245176109378233,0.6105218509182954,0.4871287128712872,0.31235627101528224
Os_LEA_or4,nardini_R/K Ratio_zscore,0.1410753985737056,0.10382934741076341,0.04391397151511913,0.027237511102767748,0.14221406180892404,0.17,104,0.192136835625,0.3524902690679629,0.45285286774611494,0.3963981042654029,0.40186843115205834
Os_LEA_or4,nardini_E/D Ratio_zscore,-0.28863037890233584,0.09597826611549035,-0.16428255052707136,0.0608849755937871,0.0031927033645920023,0.002,99,0.18228651014141414,0.021969371403905806,1.658182369102273,0.014577777777777776,1.8363086743996835
Os_LEA_or4,nardini_Frac Chain Expanding_zscore,-0.09624137168870939,0.17755314427514074,-0.10186572268014109,0.09413313004575445,0.5567464522997103,0.558,38,0.20104979757894736,0.7535605351621939,0.12288185412452705,0.7521534246575343,0.12369356275153559
Os_LEA_or4,nardini_FCR_zscore,0.05496745444124168,0.3573007422887621,-0.020140361698885792,0.11731991262692235,0.8434351846382622,0.862,13,0.19902427330769232,0.9239907696834384,0.03433236719501389,0.9270032786885245,0.032918729810394
Os_LEA_or4,nardini_NCPR_zscore,0.4948613234173172,0.26942333077159386,0.08770222854200335,0.07185215579292442,0.08265095734417506,0.128,11,0.19030703563636361,0.24762196209956766,0.6062108394755564,0.3340901856763926,0.47613628212658293
Os_LEA_or4,nardini_Hydrophobicity_zscore,0.1454421224035498,0.10868672647376218,-0.01013264496904535,0.20131573318034274,0.1249785333968564,0.182,107,0.19066530486915886,0.3226366666112609,0.49128627798225616,0.41169655172413794,0.385422770538221
Os_LEA_or4,nardini_Disorder Promoting_zscore,-0.007193437971025288,0.16783155260901253,-0.019888291955804816,0.08437427235647649,0.965069787039178,0.958,47,0.17321520174468086,0.9838966071342138,0.007050537046617687,0.9799085239085239,0.008814464527927033
Os_LEA_or4,nardini_Iso point_zscore,0.5465694645167922,0.16721659229642555,0.23536318767107675,0.08732359540384722,0.01210193999148729,0.004,19,0.16981530499999997,0.05948556071689627,1.225588440355476,0.026066225165562916,1.5839218575338654
Os_LEA_or4,nardini_PPII_zscore,-0.09737077816321056,0.10720731519297706,-0.10644749113543392,0.08442666040729238,0.32770806112538,0.378,107,0.19066530486915886,0.5569339069902831,0.2541963407913153,0.6097573770491804,0.21484293674220012
Os_LEA_or4,nardini_A Patch_zscore,0.26291273747178295,0.1406959540196421,0.0565603248157448,0.025067452426716996,0.0762931151937834,0.064,45,0.20580976868888892,0.23682153107470935,0.6255788154548237,0.20852980132450333,0.680831870541922
Os_LEA_or4,nardini_T Patch_zscore,-0.35521379447947504,0.21976990756218004,-0.13956579263631663,0.10250289544279677,0.11888615234834299,0.122,20,0.22424891435000002,0.3170297395955813,0.4988999960269085,0.32889863013698634,0.48293793535038493
Os_LEA_or4,cider_kappa,-0.05389398944824157,0.14627875926513545,-0.30642864637959427,0.3063697556244003,0.7104415170139149,0.726,58,0.20372309231034488,0.8609291289922318,0.06503259785460629,0.861741857659831,0.06462281141883837
Os_LEA_or4,cider_omega,0.07168847777391622,0.13152643447593582,-0.012223752391199947,0.3256471267868649,0.5238589468483499,0.608,76,0.21022080694736847,0.7291049557266991,0.13720994985484242,0.7921572366016811,0.10118860602311233
Os_LEA_or4,cider_delta,0.014374818080219653,0.15149837043881456,0.6031011238008589,0.8716965424846572,0.9219515231944747,0.918,59,0.20203249452542374,0.962036372029017,0.01680850813589971,0.9548752642706131,0.02005335676920882
Os_LEA_or4,cider_mean_net_charge,-0.003988465030058807,0.3053881080206595,0.16281188520203846,0.9450075693685859,0.9948964172501991,0.962,15,0.1714020258,0.9979389139390376,0.0008960420304050075,0.9819585062240664,0.007906863433676274
Os_LEA_or4,cider_fraction_neutral,0.25495990306012384,0.296112290756904,0.816530831266941,0.7058547413682473,0.3152362043590034,0.422,15,0.1855716428,0.5499865693071975,0.259647915863922,0.6529056603773584,0.18514956625539855
Os_LEA_or4,sparrow_SCD,-0.16388718615969622,0.10154533946946673,-0.0038703453677027488,0.006356496187322239,0.09068048372698509,0.104,107,0.19066530486915886,0.26635700294732334,0.5745358804395104,0.2983556851311953,0.5252656823126487
Os_LEA_or4,sparrow_SHD,-0.16013000405930927,0.2171752620534149,-0.13196112753593275,0.1149516168760925,0.4085443954184593,0.464,26,0.2266943706153846,0.6391219158851573,0.19441628997014265,0.6928315629742035,0.1593723356077874
Os_LEA_or4,sparrow_complexity,-0.759868622455637,0.1267395974846484,-3.9146693279359215,0.9068976102321239,7.518849774590383e-05,0.002,19,0.1436186515263158,0.0012539912166435487,2.9017055054324143,0.014577777777777776,1.8363086743996835
Os_LEA_or4,sparrow_scaled_rg,-0.45136305705426233,0.16675743374628443,-0.05812759478883778,0.022418121026544894,0.025933448801781573,0.014,22,0.2287394666818182,0.10501445934548588,0.978750899200353,0.06591387559808612,1.1810231520014745
Os_LEA_or4,sparrow_scaled_re,-0.4410538282222146,0.15157231704136093,-0.016447788099664944,0.004832657539549032,0.0062831124665218355,0.02,33,0.23128198675757575,0.036801087303913606,1.4341393497201254,0.08556521739130435,1.0677027419222702
Os_LEA_or4,sparrow_prefactor,0.5602226291510999,0.12389304920490227,0.01777747891197297,0.0826330572915362,0.00462261467072206,0.002,20,0.24076370365000002,0.029158030999939147,1.535241806648074,0.014577777777777776,1.8363086743996835
Os_LEA_or4,sparrow_scaling_exponent,-0.16190843434928,0.27039839396380067,-0.0900315320175381,0.42156313134584505,0.5655798619595345,0.504,13,0.25092546007692307,0.7613277485200847,0.11842834095470371,0.7235605183453393,0.1405251387892246
Os_LEA_or4,sparrow_asphericity,-0.14676903346970108,0.261066003290723,-0.7628509124324674,1.2163146849344475,0.5837527526413409,0.562,14,0.2752898845000001,0.7741411167103497,0.11117986538636242,0.7554754098360656,0.12177966705798922
Os_LEA_or4,avg_helix_prob,0.11031749567228363,0.10937129582443622,0.07910920779406573,0.17206975073997471,0.30184717005814105,0.318,92,0.20106651824999994,0.5380753901036427,0.26915687077937694,0.5587714285714286,0.2527658085904262
Os_LEA_or4,avg_beta_prob,-0.10927499263910155,0.10195910076735804,-5.3701029781121274,7.435793624417229,0.28894239916486636,0.282,95,0.19260037997894733,0.5284745739372276,0.2769759027073425,0.5235622641509434,0.2810316628500864
Os_LEA_or4,avg_coil_prob,-0.19228251970258292,0.10489662291615272,-0.2256564872987518,0.16868002173524288,0.055606522152862985,0.08,98,0.19568226770408162,0.19012086208833012,0.7209702250981089,0.2499047619047619,0.6022254683663154
Os_LEA_or4,avg_nes,-0.046245917076463965,0.10852584534350376,0.6180589853713011,4.4372493659577374,0.6737467577733754,0.682,88,0.19556341097727276,0.8391984932265841,0.07613530458567046,0.83886,0.07631051390412312
Os_LEA_or4,avg_nis,0.1554149942362867,0.10460971659003605,1.3047779387219707,0.5875592790863479,0.09987971096123191,0.126,105,0.18795687483809523,0.2864364876291299,0.5429716603632988,0.3340901856763926,0.47613628212658293
CAHS_68135_tile4,nardini_Frac A_raw,0.21914495723470667,0.10341008422262414,0.2994939921189705,0.4450339711785048,0.018561328095558095,0.034,113,0.18343590878761065,0.08045967773581131,1.0944217112357884,0.13068749999999998,0.883765949838253
CAHS_68135_tile4,nardini_Frac C_raw,-0.29938036063933926,0.17675870436566954,-18.952887974860005,15.325502899365016,0.21039895441405526,0.11692307692307692,18,0.21029442555555555,0.4349423763517445,0.36156827704573186,0.32075138121546964,0.4938314647956988
CAHS_68135_tile4,nardini_Frac D_raw,-0.1883514321230165,0.07909898627709067,-1.4528905264004208,0.5878465442967046,0.020948223386892142,0.014,147,0.1865571916802721,0.0884680335309093,1.0532136261270533,0.06591387559808612,1.1810231520014745
CAHS_68135_tile4,nardini_Frac E_raw,-0.10377207433285403,0.0823973558169769,-0.7427635596406551,0.6637540362076202,0.21310488135333103,0.198,145,0.18816754397241378,0.4359567635170015,0.36055658022014136,0.43104424778761063,0.3654781461185095
CAHS_68135_tile4,nardini_Frac F_raw,0.25014060325392307,0.08279625580248909,4.543992041582349,1.9654983213437764,0.005737822303874936,0.002,118,0.17534533517796613,0.03401215148802974,1.4683658952702825,0.014577777777777776,1.8363086743996835
CAHS_68135_tile4,nardini_Frac G_raw,0.1339455622267889,0.11548282714381439,0.7710872870033716,0.9104943887730097,0.20111983807275466,0.238,89,0.17489565173033708,0.4261067392740389,0.37048159697443117,0.48088706365503076,0.3179569057267809
CAHS_68135_tile4,nardini_Frac H_raw,0.33866553825473517,0.10209402702702879,6.303876710714612,2.513191118698368,0.0017982274312334998,0.002,81,0.17420751990123456,0.014448244797299866,1.8401849086961377,0.014577777777777776,1.8363086743996835
CAHS_68135_tile4,nardini_Frac I_raw,-0.04032367354907812,0.08831968976310453,-0.5095261608484138,1.1985176299167661,0.5988327037341212,0.626,129,0.1697401830155039,0.7846223441736023,0.1053393283590139,0.802535064935065,0.0955359830039442
CAHS_68135_tile4,nardini_Frac K_raw,-0.2835219643077278,0.07949783813140358,-1.156660168351924,0.3002424686831096,0.00035863786629121707,0.001,154,0.1702956264935065,0.0041517607109477364,2.381767685243828,0.008707964601769912,2.060083345052078
CAHS_68135_tile4,nardini_Frac L_raw,-0.04344255680695386,0.08557115490144879,-0.8965311929178789,1.4218442947042467,0.6087386290655232,0.622,139,0.17210075485611512,0.7923264695773476,0.10109583517607756,0.8011099476439791,0.09630787545352967
CAHS_68135_tile4,nardini_Frac M_raw,0.04407907432720104,0.10863644569921076,3.257358566439687,3.9401309713609964,0.676223552814522,0.676,98,0.17380915220408164,0.8412186801131348,0.07509109192962987,0.8346097867001255,0.07851652702313487
CAHS_68135_tile4,nardini_Frac N_raw,0.41617337516339514,0.06436322863149853,1.5732777946298346,0.44889508464459354,8.976882254565431e-08,0.001,152,0.18870343848026316,5.8888347589949236e-06,5.229970631834775,0.008707964601769912,2.060083345052078
CAHS_68135_tile4,nardini_Frac P_raw,0.29386049390991464,0.10373842128068979,2.452166900422918,1.0255853895625113,0.0062662766233929565,0.008,83,0.17619015175903616,0.036801087303913606,1.4341393497201254,0.04349171270718232,1.3615934894458994
CAHS_68135_tile4,nardini_Frac Q_raw,0.37273903076066406,0.06942884214707334,1.2758327355984689,0.36777943089215315,6.618138266414205e-07,0.001,161,0.1790188232546584,2.290611470391571e-05,4.640048568852753,0.008707964601769912,2.060083345052078
CAHS_68135_tile4,nardini_Frac R_raw,0.3195765266656899,0.07007984601258756,1.5520225918668982,0.35470058185510356,2.9943112970206985e-05,0.001,161,0.1773649742111801,0.0005777259443663466,3.2382781288370914,0.008707964601769912,2.060083345052078
CAHS_68135_tile4,nardini_Frac S_raw,-0.4665246872590154,0.07022569108577377,-1.8652418497683716,0.2882044903156483,6.290061942859331e-09,0.001,138,0.17652049872463765,7.736776189716977e-07,6.111439966277568,0.008707964601769912,2.060083345052078
CAHS_68135_tile4,nardini_Frac T_raw,0.11821982292759704,0.10080592584585392,2.3549450213716634,0.8075656979388163,0.18087401537487718,0.242,125,0.17207918666400004,0.40009763638053825,0.3978340142543986,0.4830182555780933,0.31603645486545723
CAHS_68135_tile4,nardini_Frac V_raw,-0.3172223528542515,0.0818060412553544,-2.338784023452425,1.2539225157833902,0.00038242310900170144,0.001,122,0.17214286919672134,0.004375631851833421,2.3589592249385904,0.008707964601769912,2.060083345052078
CAHS_68135_tile4,nardini_Frac W_raw,0.10748994653086431,0.08580826618328281,13.962132066142166,10.345355759898991,0.2561996750662461,0.394919168591224,122,0.1776139927295082,0.4876218186947508,0.3119168700619967,0.6298224666025355,0.20078185156311182
CAHS_68135_tile4,nardini_Frac Y_raw,0.5549515123406149,0.11006215952144832,25.199275939994973,5.847299059952695,0.0012428391312673656,0.001,29,0.20497284948275862,0.010822599160770689,1.965668426325317,0.008707964601769912,2.060083345052078
CAHS_68135_tile4,nardini_Frac K+R_raw,-0.08168413211422304,0.13638238572061603,-0.26488791075824725,0.30975374653399645,0.5819034616632013,0.552,52,0.2057757329230769,0.7727301029373685,0.11197216878909239,0.7491972413793104,0.12540383041045322
CAHS_68135_tile4,nardini_Frac D+E_raw,-0.18785221096813928,0.1208727361101324,-0.5474188816864218,0.34883602055970947,0.13171570446536654,0.126,59,0.2123092038135593,0.3340418896750533,0.4761990681764972,0.3340901856763926,0.47613628212658293
CAHS_68135_tile4,nardini_Frac Polar_raw,0.15016788445338353,0.10242354083589711,0.45400859024776347,0.23628778264329686,0.11927659609179468,0.154,107,0.19994895530841122,0.3170805709845227,0.4988303684198386,0.3705036674816626,0.43120748873953724
CAHS_68135_tile4,nardini_Frac Aliphatic_raw,-0.044913241311420445,0.1240737520347053,-2.0235001141995377,0.875017107540239,0.6588538138409484,0.724,85,0.16417592821176472,0.8248246219077522,0.08363838337067477,0.8604057971014493,0.06529667215639173
CAHS_68135_tile4,nardini_Frac Aromatic_raw,0.3269190078148584,0.11065008917198602,10.832961546334598,2.437898843694291,0.0031480138127611256,0.004,77,0.1673388357922078,0.021814405575753152,1.6612566166761316,0.026066225165562916,1.5839218575338654
CAHS_68135_tile4,nardini_R/K Ratio_raw,0.25411177646266697,0.05611031538389828,0.17583555590074892,0.03003945457934054,1.964865968481294e-05,0.001,275,0.18481596759636362,0.00041136768361395596,3.385769828779837,0.008707964601769912,2.060083345052078
CAHS_68135_tile4,nardini_E/D Ratio_raw,0.0416038998956678,0.06375625215269211,0.04411779993965843,0.11296399783472079,0.5033292027845232,0.508,275,0.18481596759636362,0.7136540857924651,0.14651224345381328,0.7244521739130435,0.13999028002199454
CAHS_68135_tile4,nardini_Frac Chain Expanding_raw,-0.0885637068690331,0.10904183176359859,-0.5034311697824859,0.19796634628805718,0.435412919698027,0.398,91,0.18072920471428572,0.6611825817636706,0.17967859603156894,0.6326849757673668,0.19881247851508854
CAHS_68135_tile4,nardini_FCR_raw,-0.15780604739959306,0.1464249352131145,-0.35052549164518115,0.23640629614384773,0.31648900205883224,0.32,39,0.23418893682051284,0.5511950053555591,0.2586947264348783,0.5612834224598932,0.2508177845049138
CAHS_68135_tile4,nardini_NCPR_raw,0.2016797933365549,0.1484752609957272,0.236769233197485,0.24366311740367214,0.19758582638114108,0.166,43,0.22077919025581394,0.42543644017296023,0.37116531394375113,0.39171223021582735,0.40703286850236087
CAHS_68135_tile4,nardini_Hydrophobicity_raw,-0.30049549522246766,0.2761642331447581,-0.20042430248084023,0.23608279305879892,0.19304246779700215,0.318,19,0.25040506384210526,0.4193240360093821,0.37745024275489075,0.5587714285714286,0.2527658085904262
CAHS_68135_tile4,nardini_Disorder Promoting_raw,0.04588337260436483,0.09563773570174362,-0.37873977351635596,0.3022297558908266,0.6129958818523051,0.596,117,0.16660837780341883,0.7939628859965202,0.10019979830796208,0.782995994659546,0.10624045952788859
CAHS_68135_tile4,nardini_Iso point_raw,0.16413955892182003,0.2046986908307614,0.007405568901884784,0.010658175541495464,0.35144684640242274,0.418,31,0.17029131725806454,0.577335053188621,0.23857207329258073,0.6518415213946117,0.1858579790377576
CAHS_68135_tile4,nardini_PPII_raw,0.1002405931707893,0.14595457700978332,0.8316340474867774,1.2089433367246227,0.45655527422885966,0.492,59,0.16836396022033898,0.6785265196045414,0.16843317365960214,0.7151078286558346,0.14562846748644248
CAHS_68135_tile4,nardini_A Patch_raw,0.11392642041323675,0.07525859168088225,0.13945619748038063,0.18314813643317313,0.15661338557820098,0.146,153,0.18310732159477125,0.37082776746757623,0.4308277534745827,0.3600601503759398,0.44362494147096965
CAHS_68135_tile4,nardini_D Patch_raw,0.2791297817896534,0.2406300066516574,3.073804261645456,3.2634001649646995,0.28725410540380764,0.256,14,0.18440067085714285,0.5263650646505525,0.2787129429749803,0.4910409356725146,0.3088823013686252
CAHS_68135_tile4,nardini_E Patch_raw,0.41179646614227294,0.27361375158886814,2.9359040828798073,5.827118271977295,0.18146364543997706,0.154,11,0.22241686000000002,0.40035925361645164,0.397550129069841,0.3705036674816626,0.43120748873953724
CAHS_68135_tile4,nardini_G Patch_raw,0.25355857554535466,0.2882238417115212,1.6418971951546204,2.7861937530168674,0.3419704313999391,0.394,14,0.14429052092857145,0.5684103116512501,0.24533805204538392,0.6293766233766235,0.20108939190750974
CAHS_68135_tile4,nardini_K Patch_raw,0.025078882099894267,0.09336611237596106,1.078469271906699,0.6180147546827467,0.7620414219259757,0.786,140,0.18314136885,0.8880333266256921,0.05157073546233488,0.8930993071593534,0.04910024754659722
CAHS_68135_tile4,nardini_N Patch_raw,0.4208053123410039,0.3550604483808412,1.8055750079912654,2.1541188272795053,0.24326991663399547,0.244,8,0.27446880325,0.47121574403120386,0.3267802075425866,0.4840645161290323,0.3150967517201265
CAHS_68135_tile4,nardini_Q Patch_raw,0.014086156183964478,0.3031912894934017,-0.36074776548258675,0.8255375898762213,0.9098259627027959,0.938,14,0.21715659528571427,0.9564837043798624,0.019322424652044347,0.9685120671563483,0.013894963827920465
CAHS_68135_tile4,nardini_R Patch_raw,0.752222040659719,0.20974066365167132,3.7728137515737976,2.0101750103550446,0.039877388772914205,0.008188331627430911,7,0.16360273300000003,0.1469638597473692,0.8327894505715208,0.044270979787868224,1.3538808662805628
CAHS_68135_tile4,nardini_S Patch_raw,0.012939515825403,0.16385768659881486,0.2818295497757939,0.7012184793784878,0.9556968578334071,0.948,40,0.1479187696,0.9800069659574636,0.00877083730124427,0.975765690376569,0.010654456506692311
CAHS_68135_tile4,nardini_T Patch_raw,0.14383529849602178,0.44512477082316587,0.9526937214807362,7.281394580697057,0.691465351646736,0.718,8,0.18891859924999999,0.8462710273885425,0.07249052721036318,0.8563781818181818,0.06733440587628323
CAHS_68135_tile4,nardini_Frac A_zscore,0.2583365251585695,0.09010492174039564,0.014000644225084156,0.018551998591624687,0.0019837449622833844,0.006,143,0.1751312155174825,0.015169565169798855,1.8190268679320218,0.03493491124260355,1.4567403557986884
CAHS_68135_tile4,nardini_Frac D_zscore,-0.1549319268343863,0.08442774515497091,-0.08225909453472523,0.04003743148827944,0.05835772876724401,0.068,141,0.18871538331914894,0.1940000172532706,0.7121982314460632,0.2179543973941368,0.6616343643396086
CAHS_68135_tile4,nardini_Frac E_zscore,-0.042877624285574685,0.06371095183641783,-0.017823871239198,0.047988391983427706,0.4432099190280757,0.492,267,0.18383872201123597,0.6650413947286336,0.1771513217003248,0.7151078286558346,0.14562846748644248
CAHS_68135_tile4,nardini_Frac F_zscore,-0.10079676795711828,0.06636395611823805,-0.10908135964748149,0.06137868504639637,0.1573805297049073,0.138,204,0.19041138974509805,0.37082776746757623,0.4308277534745827,0.34818461538461537,0.4581904221939212
CAHS_68135_tile4,nardini_Frac G_zscore,0.1357452814340537,0.11334687799628816,0.03318897628088135,0.03817597211137647,0.20111983807275466,0.236,89,0.17489565173033708,0.4261067392740389,0.37048159697443117,0.47980165289256194,0.3189382602429644
CAHS_68135_tile4,nardini_Frac H_zscore,0.16562850744567856,0.07068000707158197,0.1269387777011925,0.10393623371995793,0.01230625050767172,0.026,215,0.189635105427907,0.05948556071689627,1.225588440355476,0.1057190082644628,0.9758469195782719
CAHS_68135_tile4,nardini_Frac I_zscore,0.13714800495442284,0.08228870826468307,0.0006235096075234394,0.055312665611259866,0.056224767141975676,0.11,182,0.20254789542307694,0.19012086208833012,0.7209702250981089,0.30925714285714284,0.509680260760709
CAHS_68135_tile4,nardini_Frac K_zscore,-0.24579760935552514,0.07953240691031892,-0.07230211335935795,0.025837160393143897,0.0018060305996624832,0.002,159,0.1856862726792453,0.014448244797299866,1.8401849086961377,0.014577777777777776,1.8363086743996835
CAHS_68135_tile4,nardini_Frac L_zscore,0.14447372998532773,0.07025813098720686,0.09107909285848262,0.062018216564011755,0.03524174845259915,0.044,219,0.1892359362283105,0.13286544244198298,0.8765879619342766,0.16276691729323306,0.7884338617135381
CAHS_68135_tile4,nardini_Frac M_zscore,-0.22746872470736723,0.0570906525301562,-0.07639037402780173,0.04790372042784243,0.00015354519049986466,0.001,275,0.18481596759636362,0.002212355665646604,2.6551450531308953,0.008707964601769912,2.060083345052078
CAHS_68135_tile4,nardini_Frac N_zscore,-0.10222392147003546,0.0745355275917827,-0.0067089621274731386,0.03202722677865857,0.13500424400923072,0.184,198,0.19150305113636362,0.34062609257713594,0.46772208735334414,0.4143157894736842,0.3826685155295439
CAHS_68135_tile4,nardini_Frac P_zscore,-0.20209968272588366,0.06358536343239309,-0.03167934740307434,0.027295816799920485,0.0007164906419680617,0.002,275,0.18481596759636362,0.007121482744409825,2.147429573684308,0.014577777777777776,1.8363086743996835
CAHS_68135_tile4,nardini_Frac Q_zscore,0.1859392726185796,0.10706314144554624,0.024222635060977726,0.021506447581306855,0.10290539790893413,0.104,77,0.20255161459740262,0.2926558137063329,0.5336428440579127,0.2983556851311953,0.5252656823126487
CAHS_68135_tile4,nardini_Frac R_zscore,0.09778733409032199,0.0681128776989226,0.018300901143744008,0.02296988651864374,0.16078704627086188,0.152,199,0.19828912114572864,0.3749157666600192,0.42606629542944136,0.36748894348894345,0.434755722849106
CAHS_68135_tile4,nardini_Frac S_zscore,-0.34876594960797613,0.05631031430224187,-0.16159849560039657,0.01781924139881213,3.2388773761829244e-09,0.001,268,0.18511778489925373,5.311758896939996e-07,6.274761646009185,0.008707964601769912,2.060083345052078
CAHS_68135_tile4,nardini_Frac T_zscore,-0.20963498197987543,0.06499283102256491,0.010261154886325084,0.03751837786173124,0.0005394619995130696,0.001,266,0.1849862917368421,0.005797838298196742,2.2367339012921916,0.008707964601769912,2.060083345052078
CAHS_68135_tile4,nardini_Frac V_zscore,-0.2822747031180786,0.09575947678975551,-0.04785334058295081,0.03777247918305807,0.0019775362195757844,0.004,111,0.17164887478378385,0.015169565169798855,1.8190268679320218,0.026066225165562916,1.5839218575338654
CAHS_68135_tile4,nardini_Frac K+R_zscore,0.0286596699680893,0.14371370629038324,-0.0015878660036848609,0.03422029969202763,0.8443568363797445,0.866,56,0.24006607830357143,0.9239907696834384,0.03433236719501389,0.9282614379084967,0.0323296907525543
CAHS_68135_tile4,nardini_Frac D+E_zscore,-0.13460266873586546,0.13152108522997522,-0.06189463554832151,0.043435685146354444,0.3075690636940859,0.3,60,0.24426903755,0.5459158885797517,0.2628742656095994,0.541651376146789,0.26628014912563847
CAHS_68135_tile4,nardini_Frac Polar_zscore,-0.12683679109488186,0.06491940437515406,0.023006714041687616,0.0253386541765466,0.035755614302015695,0.042,275,0.18481596759636362,0.13428826134802843,0.87196194901847,0.1571406844106464,0.8037113596605159
CAHS_68135_tile4,nardini_Frac Aliphatic_zscore,0.04836640175495411,0.11750642931838744,-0.07185018060997296,0.04640045693291586,0.6785135400691589,0.67,92,0.17106931623913044,0.8413147954692206,0.07504147345912048,0.8334766118836916,0.07910658236550856
CAHS_68135_tile4,nardini_Frac Aromatic_zscore,0.19872900776441468,0.06611057944344947,0.38390709340334833,0.09133307591295536,0.0023718402315287502,0.006,224,0.18863283966964284,0.017160961675178603,1.7654583785781655,0.03493491124260355,1.4567403557986884
CAHS_68135_tile4,nardini_R/K Ratio_zscore,0.24461211604666871,0.058378121223559495,0.06530974306494156,0.01186663109531077,4.743287323337605e-05,0.001,268,0.1860510373880597,0.0008643323566970748,3.063319228673,0.008707964601769912,2.060083345052078
CAHS_68135_tile4,nardini_E/D Ratio_zscore,0.009595232069612636,0.06771347098051517,0.007189849272012399,0.03687599753701312,0.8502097345960767,0.874,260,0.18223536595,0.9275015286502656,0.032685365935204366,0.9307532467532468,0.031165440154362137
CAHS_68135_tile4,nardini_Frac Chain Expanding_zscore,-0.134211260733276,0.09240545805743437,-0.05929182223706258,0.023132203751276333,0.15002986325644863,0.142,113,0.19759255292920358,0.3627257627625195,0.4404215973606939,0.3564489795918367,0.4480026242060593
CAHS_68135_tile4,nardini_FCR_zscore,-0.06347054209054834,0.16113277957962996,-0.0342165444823354,0.04501601802234871,0.6874775316623616,0.734,41,0.26700344092682926,0.8451026080931456,0.07309055800499653,0.8649772455089819,0.0629953171361901
CAHS_68135_tile4,nardini_NCPR_zscore,0.20857416911624493,0.1509675935715734,0.031034725986794947,0.03179490483726165,0.20249625314659567,0.184,39,0.22795113310256418,0.4261067392740389,0.37048159697443117,0.4143157894736842,0.3826685155295439
CAHS_68135_tile4,nardini_Hydrophobicity_zscore,-0.13719611621150826,0.08332437727668598,-0.1578755680865429,0.0887831519248386,0.06874698976870491,0.102,168,0.17235722645238094,0.21681742927053088,0.6639058091642529,0.29694674556213013,0.5273214300843957
CAHS_68135_tile4,nardini_Disorder Promoting_zscore,-0.09268677376633971,0.07940297440316968,-0.04154272065286669,0.020237213595868796,0.2558386875222089,0.234,164,0.18150666760365855,0.4876218186947508,0.3119168700619967,0.4777095435684648,0.32083608239736516
CAHS_68135_tile4,nardini_Iso point_zscore,0.2946412250712812,0.07711224332422434,0.03227166558335021,0.038450582123768284,0.0002536570045624062,0.001,152,0.1780100672302632,0.003199980672941124,2.4948526446989594,0.008707964601769912,2.060083345052078
CAHS_68135_tile4,nardini_PPII_zscore,-0.09173418879190075,0.0733927693660256,-0.004608287373410912,0.03331989812164496,0.20053401704192667,0.214,184,0.18523154784239132,0.4261067392740389,0.37048159697443117,0.44994871794871794,0.3468369812935917
CAHS_68135_tile4,cider_kappa,0.14684635025980242,0.0800867795828191,0.2352117643286014,0.1268513913550512,0.08030207365440219,0.08,139,0.20909199203597123,0.24463541943012926,0.6114806636144021,0.2499047619047619,0.6022254683663154
CAHS_68135_tile4,cider_omega,0.31773607272850307,0.06769240033752176,0.5412875340170713,0.15030171295712685,4.4583193190695e-06,0.001,193,0.18497202581865288,0.00011544700552537864,3.9376173273693267,0.008707964601769912,2.060083345052078
CAHS_68135_tile4,cider_delta,0.08301467648968416,0.09042537255966357,1.505289317688115,0.508354483093552,0.32484925473393167,0.368,140,0.20872317257857143,0.5568844366867399,0.2542349192183685,0.6015149501661129,0.22075357415296543
CAHS_68135_tile4,cider_mean_net_charge,0.14896426776406257,0.15663742604722403,0.23896052670518256,0.3762669572942815,0.35621694247504254,0.378,42,0.2232586957857143,0.5812893389642485,0.23560764207278115,0.6097573770491804,0.21484293674220012
CAHS_68135_tile4,cider_fraction_neutral,0.24330121687147,0.1356010833761934,0.4709001895358813,0.21456900856768932,0.13769383132258906,0.086,37,0.22020393897297297,0.3447601272809863,0.46248296762448443,0.26038153846153844,0.5843898113039652
CAHS_68135_tile4,sparrow_SCD,-0.0024490032046173026,0.08414923560068473,-0.005128241170484788,0.0038531691825834857,0.9866503319053967,0.996,159,0.20503054345283023,0.9934221191812601,0.0028661743876847736,0.998,0.0008694587126288914
CAHS_68135_tile4,sparrow_SHD,-0.07548451975200829,0.1744841898224751,-0.046584593628669985,0.09088395852284667,0.6299593719122711,0.688,41,0.18331817636585365,0.8060858543064692,0.0936187000486911,0.8409838509316769,0.07521234370101573
CAHS_68135_tile4,sparrow_complexity,0.016193476452758225,0.10032755202959989,-0.08350175218007386,0.8213942164482168,0.8209826848421302,0.88,119,0.15658863098319326,0.9151753399079536,0.038495690786834146,0.9320990312163617,0.030537943412131598
CAHS_68135_tile4,sparrow_scaled_rg,-0.19679039153881345,0.11152683642906672,-0.037116688665398245,0.01001055965970253,0.0683456194990182,0.084,84,0.19134192108333334,0.21636441875023493,0.6648141576642134,0.2566956521739131,0.5905814872026076
CAHS_68135_tile4,sparrow_scaled_re,-0.23258652699679835,0.10336919187445821,-0.011810836308082119,0.0024571569838141424,0.018870334385709862,0.032,98,0.18204268097959186,0.08108475561370526,1.0910607878993155,0.12495238095238095,0.9032554640302966
CAHS_68135_tile4,sparrow_prefactor,0.5482583003276593,0.12957398400423534,0.021899104528128648,0.005521863405439591,0.0001223393457171503,0.004,42,0.17622313969047618,0.0018520294797796293,2.73235210469311,0.026066225165562916,1.5839218575338654
CAHS_68135_tile4,sparrow_scaling_exponent,-0.40544829139735317,0.18170457415756602,-0.6584125513241154,0.22272036767361583,0.027893542122809808,0.048,27,0.2014311259259259,0.1104935562112845,0.9566630485262184,0.16989928057553957,0.7698084601111476
CAHS_68135_tile4,sparrow_asphericity,-0.35633637208556285,0.18450096029105187,-1.4645447504160212,0.672584438920235,0.055628373544054234,0.066,26,0.1831741703076923,0.19012086208833012,0.7209702250981089,0.21363157894736842,0.6703345496355435
CAHS_68135_tile4,avg_helix_prob,0.25552052585703305,0.05661737363123695,0.22219798310884853,0.06317110762674828,2.7258831627562186e-05,0.001,256,0.18430558517578124,0.0005364538064304238,3.2704676688072296,0.008707964601769912,2.060083345052078
CAHS_68135_tile4,avg_beta_prob,0.15942354470987147,0.06888620420127975,8.028783605454798,4.187060926481492,0.01119400955559416,0.018,241,0.18652226160995852,0.05648669437284438,1.2480538396314995,0.08014479638009049,1.0961246701504632
CAHS_68135_tile4,avg_coil_prob,-0.2185039287581137,0.06007845484121752,-0.1530119055922858,0.0622432945734862,0.0002950350166004664,0.001,270,0.18590448742222224,0.003628930704185737,2.440221324738845,0.008707964601769912,2.060083345052078
CAHS_68135_tile4,avg_nes,0.02524386448418442,0.06528859972859015,0.3700408413102414,1.3690390101830896,0.7191296985301544,0.714,242,0.18388398445454548,0.8661243859898065,0.062419733537112596,0.8547153284671533,0.0681785073325345
CAHS_68135_tile4,avg_nis,0.12928978140913555,0.06206134716304139,0.6982482124507249,0.350611575347545,0.0360893713032288,0.046,261,0.18371398344061304,0.13502639301284083,0.8695813335826376,0.1658021978021978,0.7804097169278404
Os_LEA_or3__Kappa_up_2_,nardini_Frac A_raw,0.1439437054745939,0.11239402624838737,1.3487945241333184,0.7151365039660253,0.18093846360705235,0.198,87,0.30528487844827584,0.40009763638053825,0.3978340142543986,0.43104424778761063,0.3654781461185095
Os_LEA_or3__Kappa_up_2_,nardini_Frac C_raw,0.08901594761716353,0.27987696872676443,9.449630989388703,13.95198399566248,0.8460525238666443,0.6272727272727273,8,0.3298690005,0.9239907696834384,0.03433236719501389,0.802535064935065,0.0955359830039442
Os_LEA_or3__Kappa_up_2_,nardini_Frac D_raw,-0.23638558757781647,0.09648495752576643,-1.6087551766004036,1.1068534525628817,0.009543765628138695,0.014,118,0.2817388452796611,0.050489598806927286,1.296798080218158,0.06591387559808612,1.1810231520014745
Os_LEA_or3__Kappa_up_2_,nardini_Frac E_raw,-0.22193209951584816,0.09339060081984564,-2.858413883648328,0.8858236113705112,0.015516162787970045,0.026,115,0.27124056552173914,0.07134534665122676,1.1466343475612248,0.1057190082644628,0.9758469195782719
Os_LEA_or3__Kappa_up_2_,nardini_Frac F_raw,-0.056057035963617885,0.14276590849463328,-0.9395609040378422,2.042128742605114,0.7321309928869163,0.704,45,0.20635280839999998,0.8774870852627596,0.05675926670304234,0.8510270270270269,0.07005664731574755
Os_LEA_or3__Kappa_up_2_,nardini_Frac G_raw,0.18854369796624434,0.1414398648180605,2.296004076015509,1.9460639611953807,0.18190296407545292,0.18,56,0.374064626,0.40043068601844667,0.39747264883048644,0.41,0.38721614328026455
Os_LEA_or3__Kappa_up_2_,nardini_Frac H_raw,-0.1546576692212132,0.3460524358462074,-5.731642293468309,21.07198122127503,0.7474293952265143,0.6434426229508197,8,0.29725530712500003,0.8850826696261236,0.05301616287769207,0.8145192802056556,0.0890986311985353
Os_LEA_or3__Kappa_up_2_,nardini_Frac I_raw,-0.17754417977000841,0.22523268164650387,-2.412221573794384,2.4429271170047593,0.39628278608733325,0.426,24,0.32892335112500004,0.6294734263660265,0.20102259919582666,0.6570282131661442,0.18241598118710187
Os_LEA_or3__Kappa_up_2_,nardini_Frac K_raw,-0.10448521349078609,0.09238386401930046,-1.2454697337045069,0.5374104878848278,0.223565951038088,0.262,127,0.3187725224409449,0.44445210441571054,0.3521750331385459,0.4967398843930636,0.30387096809737085
Os_LEA_or3__Kappa_up_2_,nardini_Frac L_raw,0.035610090592066226,0.10073137029043734,-0.6991638953755264,1.8662638195696577,0.7479951178358897,0.704,115,0.30306689283478266,0.8850826696261236,0.05301616287769207,0.8510270270270269,0.07005664731574755
Os_LEA_or3__Kappa_up_2_,nardini_Frac M_raw,-0.1309467956573582,0.12388925803332299,-4.14391113564979,5.3958277838126545,0.3007320238142522,0.292,65,0.3660836937230769,0.5370604563216409,0.2699768234828782,0.5320888888888888,0.27401580994320873
Os_LEA_or3__Kappa_up_2_,nardini_Frac N_raw,0.30746288339686306,0.09000142692568565,3.2529788933380126,0.42796982763114483,0.0007488213505638439,0.004,115,0.311186959426087,0.007223923617204141,2.1412268547214235,0.026066225165562916,1.5839218575338654
Os_LEA_or3__Kappa_up_2_,nardini_Frac P_raw,0.03766428315064975,0.13738195892224256,-2.1968446618213258,3.596587509572836,0.7665439954267548,0.772,57,0.37412986124561404,0.8894802965801022,0.050863667795134467,0.8874392523364487,0.0518613659100755
Os_LEA_or3__Kappa_up_2_,nardini_Frac Q_raw,0.2552201322819226,0.10169623796604248,3.7120507825785656,0.5684684487252533,0.005472389801450688,0.02,110,0.3065879620363637,0.03283433880870413,1.4836717247585243,0.08556521739130435,1.0677027419222702
Os_LEA_or3__Kappa_up_2_,nardini_Frac R_raw,-0.03802746205123155,0.09349187809759722,-0.22618363794891252,0.6212168112189308,0.6495559502376265,0.67,125,0.32108954320800004,0.8202858776695077,0.08603476535138199,0.8334766118836916,0.07910658236550856
Os_LEA_or3__Kappa_up_2_,nardini_Frac S_raw,-0.2743894421621494,0.09869986200994628,-2.4757869157119763,0.9339038679919355,0.0065092223053600275,0.01,99,0.2599189151717172,0.037899850582687966,1.421362502201902,0.05151832460732985,1.288038268816386
Os_LEA_or3__Kappa_up_2_,nardini_Frac T_raw,0.1779764035339089,0.10674854811456545,1.0044989148832695,1.1737357104359816,0.06480295367539976,0.104,109,0.2802688699816514,0.20703281304088755,0.6839608168946016,0.2983556851311953,0.5252656823126487
Os_LEA_or3__Kappa_up_2_,nardini_Frac V_raw,-0.1099449355237062,0.10427657234476603,-2.0305399730180915,1.0576932013895082,0.28102218692665,0.292,95,0.32697693888421053,0.5207642785985378,0.2833588134943966,0.5320888888888888,0.27401580994320873
Os_LEA_or3__Kappa_up_2_,nardini_Frac W_raw,0.19140340056960137,0.36585506440804233,8.855973591110738,10.487819544765927,0.5300103752722782,0.5050100200400801,9,0.3794489993333333,0.7334487350565316,0.13463023609490102,0.7235605183453393,0.1405251387892246
Os_LEA_or3__Kappa_up_2_,nardini_Frac Y_raw,0.180134139988877,0.08973738846721625,5.054615966611238,2.389750139714534,0.08720960324076941,0.048,93,0.3019838225913979,0.25847665538830455,0.587578674596576,0.16989928057553957,0.7698084601111476
Os_LEA_or3__Kappa_up_2_,nardini_Frac K+R_raw,-0.24891002200016735,0.15551747310310154,-0.906589519843554,0.50072386718529,0.10865346073059827,0.128,42,0.2606612254285714,0.30252808857677077,0.5192342965567138,0.3340901856763926,0.47613628212658293
Os_LEA_or3__Kappa_up_2_,nardini_Frac D+E_raw,-0.37698055990674156,0.15311580616801992,-1.0475773225331204,0.7015416536160336,0.012292836968541103,0.02,45,0.26966418384444446,0.05948556071689627,1.225588440355476,0.08556521739130435,1.0677027419222702
Os_LEA_or3__Kappa_up_2_,nardini_Frac Polar_raw,0.3157213839601152,0.13278322627575748,1.8195558517876589,0.33984317818048687,0.011806009209198456,0.028,62,0.35517956717741944,0.05837745257211699,1.2337548603245536,0.11154655870445343,0.952543823486105
Os_LEA_or3__Kappa_up_2_,nardini_Frac Aliphatic_raw,-0.17561135696968302,0.15608080444189382,-0.6955567283100351,0.9856828248653453,0.2254896821886518,0.25,50,0.35969119122000004,0.4456257729334676,0.35102969952394986,0.4871287128712872,0.31235627101528224
Os_LEA_or3__Kappa_up_2_,nardini_Frac Aromatic_raw,0.06258928435278674,0.12749489309605036,5.021039183819171,8.121724326721282,0.671404275845314,0.592,48,0.3744363504583334,0.8373406938298973,0.07709780204822357,0.7798232931726907,0.1080037966611375
Os_LEA_or3__Kappa_up_2_,nardini_R/K Ratio_raw,0.05609638204745884,0.07092327168692454,0.10917266674864728,0.06461749073376946,0.3967906079851359,0.426,233,0.3068790019527897,0.6294734263660265,0.20102259919582666,0.6570282131661442,0.18241598118710187
Os_LEA_or3__Kappa_up_2_,nardini_E/D Ratio_raw,-0.0787784419645091,0.06348213991320831,-0.1348278950691599,0.12938209509699936,0.20742031312205209,0.216,233,0.3068790019527897,0.43333670512122985,0.3631745231593321,0.4522212765957447,0.34464900835344503
Os_LEA_or3__Kappa_up_2_,nardini_Frac Chain Expanding_raw,-0.33282478420255596,0.11573534264980648,-1.3517747518907923,0.32103756252057725,0.004015061893052049,0.004,75,0.33633141998666666,0.025822358841589652,1.5880040879760922,0.026066225165562916,1.5839218575338654
Os_LEA_or3__Kappa_up_2_,nardini_FCR_raw,-0.5645005335732368,0.1611526436141587,-1.3563569582517456,0.4152932609852468,0.002261286098445895,0.008,25,0.21953885900000003,0.01660526508112508,1.7797541870724627,0.04349171270718232,1.3615934894458994
Os_LEA_or3__Kappa_up_2_,nardini_NCPR_raw,0.12255056597554634,0.20517874920869603,0.012199877226572581,0.39422410591600987,0.5318406663930676,0.542,28,0.32761135321428575,0.7339848747977258,0.13431288948388362,0.7459132867132867,0.12731165683135218
Os_LEA_or3__Kappa_up_2_,nardini_Hydrophobicity_raw,-0.37583444831323604,0.30056258078780757,-0.12895883694411941,0.08438513850087932,0.16175105277252633,0.226,13,0.42442021853846157,0.3762719525488556,0.424498152945708,0.46719327731092436,0.33050341514175074
Os_LEA_or3__Kappa_up_2_,nardini_Disorder Promoting_raw,-0.1747831916904369,0.13651642782513332,-1.2964454753607333,0.5643299777307893,0.16758226134411258,0.212,65,0.3094277332615384,0.3834905701455972,0.41624531068262227,0.447656652360515,0.34905495732990727
Os_LEA_or3__Kappa_up_2_,nardini_Iso point_raw,0.1680830985225556,0.20802970450388078,0.01225627695613031,0.02382565944665799,0.44638731727128134,0.442,25,0.31944004340000004,0.6680755791462151,0.17517440316903987,0.6701510015408321,0.1738273290199358
Os_LEA_or3__Kappa_up_2_,nardini_PPII_raw,-0.12279960399800764,0.14345759429535124,-5.6751353808866005,4.176683374741094,0.3744899947712784,0.414,52,0.39133948994230777,0.6060824915377269,0.2174682616728478,0.6483049026769216,0.18822069411901085
Os_LEA_or3__Kappa_up_2_,nardini_A Patch_raw,0.13822301461633799,0.07256097626212994,0.9073295687289086,0.41549205716321524,0.06669385109380224,0.062,175,0.3178760424742857,0.21238430251230228,0.6728775854447013,0.2054141414141414,0.687369661387617
Os_LEA_or3__Kappa_up_2_,nardini_D Patch_raw,0.16258287263622537,0.1694442181696802,2.491079638013854,1.2144992763062854,0.3791561928157102,0.34,32,0.3202900368125,0.611622448738785,0.21351658280115057,0.5788235294117647,0.23745382294693237
Os_LEA_or3__Kappa_up_2_,nardini_E Patch_raw,0.16848460162621887,0.4295066929524149,1.4975453960369107,3.9552564375812382,0.6473844523388661,0.7,8,0.36112180537499994,0.8191426578014847,0.08664045709093456,0.8493218249075215,0.07092771576555772
Os_LEA_or3__Kappa_up_2_,nardini_K Patch_raw,0.3494628632407197,0.08050694895350004,1.9472512155244048,1.2149073366031236,0.0007411708967507548,0.001,89,0.3932294941011236,0.007220912499037057,2.141407917630375,0.008707964601769912,2.060083345052078
Os_LEA_or3__Kappa_up_2_,nardini_N Patch_raw,0.6415538487339223,0.2899623437245386,3.332059317773199,1.4869054198215967,0.03375813699265283,0.082,10,0.24034469349999998,0.12875196434407124,0.8902461362884581,0.25215000000000004,0.5983410275048477
Os_LEA_or3__Kappa_up_2_,nardini_Q Patch_raw,0.3613899836203334,0.33636913464156637,2.5037148850361755,2.3501196838868372,0.23700232350884412,0.292,11,0.2131166600909091,0.4636387402240608,0.33382028288400434,0.5320888888888888,0.27401580994320873
Os_LEA_or3__Kappa_up_2_,nardini_R Patch_raw,0.3937965459623019,0.27543723128004893,3.7892092719672745,3.480017978157467,0.1872788695810161,0.19,12,0.3095862995833334,0.40860844272221697,0.3886926641602755,0.42394557823129253,0.37268989008366804
Os_LEA_or3__Kappa_up_2_,nardini_S Patch_raw,0.3856923144297658,0.25341036287743285,5.363864648883807,3.6672469312097196,0.1431140387744784,0.15,15,0.32902784006666663,0.353829683804238,0.45120573566706995,0.3662531017369727,0.43621868865408675
Os_LEA_or3__Kappa_up_2_,nardini_T Patch_raw,0.015441046646248398,0.2505843184981583,-0.7094195069638656,2.408876160873446,1.0,0.92,16,0.326399003625,1.0,-0.0,0.9559450897571278,0.01956705322637663
Os_LEA_or3__Kappa_up_2_,nardini_Frac A_zscore,0.11034614358598896,0.09696916366652468,0.057970254817339126,0.02933926981984669,0.2400592154548303,0.246,111,0.3017898511081081,0.46774147588788617,0.32999411833054215,0.48412799999999995,0.31503979880129823
Os_LEA_or3__Kappa_up_2_,nardini_Frac D_zscore,-0.14122391091424852,0.09868119005179386,-0.0239387653673541,0.06542252505358698,0.12480037846255065,0.148,112,0.28981765682142857,0.3226366666112609,0.49128627798225616,0.3622686567164179,0.44096923925817116
Os_LEA_or3__Kappa_up_2_,nardini_Frac E_zscore,-0.1484034276061181,0.06624132246782663,-0.1007969153810502,0.05570821772196528,0.021754563459258865,0.02,227,0.31152952103964754,0.09094370162174278,1.0412273729681647,0.08556521739130435,1.0677027419222702
Os_LEA_or3__Kappa_up_2_,nardini_Frac G_zscore,-0.11640936614740593,0.06948326194647468,-0.09253114870854162,0.05917035175038911,0.07759030322120207,0.088,233,0.3068790019527897,0.23921618996262037,0.6212094309817477,0.26561963190184046,0.5757398294864289
Os_LEA_or3__Kappa_up_2_,nardini_Frac K_zscore,-0.012328062871895643,0.09456892117916046,-0.045007299176672115,0.03810616002597981,0.8811148630207288,0.896,119,0.3303249150168068,0.9436187794719526,0.025203424569099197,0.9399402985074627,0.02689973028559772
Os_LEA_or3__Kappa_up_2_,nardini_Frac L_zscore,0.1007491374635433,0.0791368727689657,0.02153342936569124,0.07375264059805314,0.18053005300469416,0.206,177,0.3169350528135593,0.40009763638053825,0.3978340142543986,0.43875324675324673,0.3577796567556306
Os_LEA_or3__Kappa_up_2_,nardini_Frac M_zscore,-0.08124407836533919,0.06731277542481151,-0.08923330390927098,0.056481278039415446,0.20129045193773742,0.256,233,0.3068790019527897,0.4261067392740389,0.37048159697443117,0.4910409356725146,0.3088823013686252
Os_LEA_or3__Kappa_up_2_,nardini_Frac N_zscore,0.138301547865296,0.07812953705677633,0.18834302113266346,0.025679842781823715,0.06324817489977633,0.08,178,0.28201362141573033,0.2040531282012456,0.690256742963116,0.2499047619047619,0.6022254683663154
Os_LEA_or3__Kappa_up_2_,nardini_Frac Q_zscore,0.05587775825730393,0.07801804109826486,0.15836523866973762,0.030266373860702536,0.4709797905304124,0.468,183,0.28302561093989076,0.6906767718061487,0.16072514953322659,0.6944144144144143,0.15838127280324216
Os_LEA_or3__Kappa_up_2_,nardini_Frac R_zscore,-0.1168721531608553,0.12410280838029913,-0.04855639463996284,0.045270620174117336,0.3126919169981666,0.36,75,0.27841177977333337,0.5499865693071975,0.259647915863922,0.5963636363636363,0.2244888457825648
Os_LEA_or3__Kappa_up_2_,nardini_Frac S_zscore,-0.25654793043634344,0.06368020624102132,-0.19976945882697378,0.05363340687766726,8.537575844306557e-05,0.001,231,0.3072095862121212,0.0014001624384662754,2.853821577152316,0.008707964601769912,2.060083345052078
Os_LEA_or3__Kappa_up_2_,nardini_Frac T_zscore,0.19801244934618017,0.10359488928971634,0.05811981183904486,0.06299729426765387,0.03650577319854428,0.064,107,0.2833277715140187,0.13606697283093774,0.8662472771325758,0.20852980132450333,0.680831870541922
Os_LEA_or3__Kappa_up_2_,nardini_Frac V_zscore,-0.05271276699184436,0.07083164312875383,-0.08486389525645817,0.03171991959876951,0.41701934953405073,0.432,214,0.30269811541588787,0.6455513646669463,0.1900691964588645,0.6642,0.17770112873763355
Os_LEA_or3__Kappa_up_2_,nardini_Frac Y_zscore,0.11970472897483402,0.27730310729881935,0.049606165177194135,0.08381972338043078,0.6388417566011187,0.644,16,0.287789075375,0.8132215892567929,0.08979110031113254,0.8145192802056556,0.0890986311985353
Os_LEA_or3__Kappa_up_2_,nardini_Frac K+R_zscore,-0.060323165214976784,0.1724516189768235,-0.038932678055895786,0.0488387932864582,0.7179892793555644,0.706,39,0.28699174579487174,0.8661229849757018,0.06242043603804278,0.8523975460122699,0.06935780925683134
Os_LEA_or3__Kappa_up_2_,nardini_Frac D+E_zscore,-0.20728981024981855,0.17546764685237604,-0.036482349392146465,0.0776291806383676,0.20174828457651592,0.252,39,0.2910072331794872,0.4261067392740389,0.37048159697443117,0.4890887573964497,0.31061232012045037
Os_LEA_or3__Kappa_up_2_,nardini_Frac Polar_zscore,0.07734436939492448,0.07527214737377474,0.1716641631695312,0.03530273637420759,0.24623289419599687,0.316,233,0.3068790019527897,0.4760180115694713,0.322376614134046,0.5572473118279571,0.25395201788783334
Os_LEA_or3__Kappa_up_2_,nardini_Frac Aliphatic_zscore,-0.22617105471103902,0.14427374050845096,-0.042546534835410335,0.05553189479162793,0.08565304821967444,0.12,55,0.38332508412727273,0.25463020981317114,0.5940900721009001,0.3252892561983471,0.4877302805571462
Os_LEA_or3__Kappa_up_2_,nardini_Frac Aromatic_zscore,-0.04746437649440837,0.2756956739974539,0.0006214036543077661,0.2624458817452993,0.9432726625041241,0.8008800880088008,10,0.23240550489999995,0.9760045214553713,0.010548170408544331,0.8983864406779661,0.046536811491897735
Os_LEA_or3__Kappa_up_2_,nardini_R/K Ratio_zscore,0.019043011279413803,0.07223000419661323,0.028929096887090573,0.0230170851243771,0.7571808094284121,0.806,224,0.3092615302276786,0.8880333266256921,0.05157073546233488,0.8983864406779661,0.046536811491897735
Os_LEA_or3__Kappa_up_2_,nardini_E/D Ratio_zscore,-0.12133780144365904,0.06269319538767497,-0.07204274417869194,0.03653417448585298,0.06920117594780231,0.062,225,0.31300635298222224,0.21755257869852226,0.6624357645528253,0.2054141414141414,0.687369661387617
Os_LEA_or3__Kappa_up_2_,nardini_Frac Chain Expanding_zscore,-0.16003166739658992,0.12042479163388049,-0.10984182771382293,0.05153772007483777,0.1584440190254628,0.19,74,0.3365532421891892,0.37121170171679857,0.43037834196035846,0.42394557823129253,0.37268989008366804
Os_LEA_or3__Kappa_up_2_,nardini_FCR_zscore,-0.3036926945172481,0.23931682270137322,-0.08535130083008864,0.06795247055132646,0.15328363271084636,0.238,21,0.22922372795238097,0.3680085892153504,0.43414204489904007,0.48088706365503076,0.3179569057267809
Os_LEA_or3__Kappa_up_2_,nardini_Hydrophobicity_zscore,0.10345370907138286,0.06752706618734589,-0.05124978803275339,0.04597913393875331,0.10288171466410442,0.13,233,0.3068790019527897,0.2926558137063329,0.5336428440579127,0.33574803149606297,0.47398652493744103
Os_LEA_or3__Kappa_up_2_,nardini_Disorder Promoting_zscore,-0.26017903181935914,0.09211087123046671,-0.09568927996354502,0.03899450647812619,0.0024784686979239454,0.006,132,0.303231089560606,0.017801556195307756,1.7495420304162126,0.03493491124260355,1.4567403557986884
Os_LEA_or3__Kappa_up_2_,nardini_Iso point_zscore,0.06984285134081275,0.06952765692029891,0.0310881948127627,0.0820426058795885,0.27216771273832097,0.328,233,0.3068790019527897,0.5113814895312689,0.29125499617655715,0.5702332155477032,0.2439474890452508
Os_LEA_or3__Kappa_up_2_,nardini_PPII_zscore,-0.08740934931665274,0.07133090206834077,-0.13809841180178783,0.06258677577141376,0.18694784208089693,0.214,233,0.3068790019527897,0.40860844272221697,0.3886926641602755,0.44994871794871794,0.3468369812935917
Os_LEA_or3__Kappa_up_2_,nardini_A Patch_zscore,-0.00967372993779296,0.10811739509243566,-0.018747106944812884,0.028702429911388657,0.9561043570316718,0.89,97,0.31261827815463916,0.9800069659574636,0.00877083730124427,0.9356410256410257,0.028890743661850904
Os_LEA_or3__Kappa_up_2_,cider_kappa,-0.03639654449538095,0.09803126655626362,-0.3605325618615829,0.20159051962653352,0.688991560863465,0.71,125,0.277788638952,0.8453462542264957,0.0729653673833311,0.853040293040293,0.06903045461000167
Os_LEA_or3__Kappa_up_2_,cider_omega,0.17067273811042807,0.07437994545001551,0.033970466171338205,0.21972376663809304,0.02016933896618997,0.024,180,0.30727485358333334,0.08554581699452987,1.067801221664763,0.09964556962025317,1.0015420058671562
Os_LEA_or3__Kappa_up_2_,cider_delta,-0.08945379884634354,0.09694385239433291,0.19512278630476437,0.6134333160774438,0.3149279585206855,0.346,122,0.28033361010655744,0.5499865693071975,0.259647915863922,0.5839862778730702,0.23359735753489602
Os_LEA_or3__Kappa_up_2_,cider_mean_net_charge,0.40528671196641486,0.1660968893706248,1.112629185808536,0.5026256436928278,0.027375251313546366,0.036,28,0.32761135321428575,0.10950100525418546,0.9605818938435734,0.13677220077220079,0.864002164882623
Os_LEA_or3__Kappa_up_2_,cider_fraction_neutral,0.5968025358614614,0.16962323684903446,1.5363471706351446,0.5954707902458594,0.001746811627030863,0.008,22,0.19551612136363639,0.014356686595077791,1.8429457801156661,0.04349171270718232,1.3615934894458994
Os_LEA_or3__Kappa_up_2_,sparrow_SCD,-0.025307213128172953,0.06788147578889044,0.00045959172955364804,0.0034393515091775554,0.7008783359041091,0.71,233,0.3068790019527897,0.8555531789789499,0.06775299065903168,0.853040293040293,0.06903045461000167
Os_LEA_or3__Kappa_up_2_,sparrow_SHD,-0.051755341146705276,0.14212220733107203,-0.07626391177956228,0.08751301412585837,0.6875682467377965,0.728,54,0.40633255118518513,0.8451026080931456,0.07309055800499653,0.8630746987951807,0.0639516146316952
Os_LEA_or3__Kappa_up_2_,sparrow_complexity,-0.395824092539695,0.12453827089342218,-9.530672773356931,2.084790465234695,0.0034700779633991914,0.008,53,0.3622802053018868,0.023228276979488465,1.6339830039773455,0.04349171270718232,1.3615934894458994
Os_LEA_or3__Kappa_up_2_,sparrow_scaled_rg,-0.284593323677713,0.1276718179842883,-0.03645401020108781,0.014271660644353264,0.021473283918783875,0.044,61,0.31316435690163946,0.09029791186360399,1.0443222926167244,0.16276691729323306,0.7884338617135381
Os_LEA_or3__Kappa_up_2_,sparrow_scaled_re,-0.2706004620048193,0.10466662737899696,-0.009568761112615598,0.0034320649386445938,0.013007063597600958,0.018,81,0.36209156139506177,0.062433905268484594,1.204579498906478,0.08014479638009049,1.0961246701504632
Os_LEA_or3__Kappa_up_2_,sparrow_prefactor,0.11545231607995547,0.18550101631755184,-0.0028378245611792997,0.009046438359682739,0.5396893152422026,0.552,34,0.3186706149411765,0.7416959304445914,0.12977410387927532,0.7491972413793104,0.12540383041045322
Os_LEA_or3__Kappa_up_2_,sparrow_scaling_exponent,-0.1723768812579898,0.16621703075527774,0.06385683179123984,0.31981027499315123,0.3110802095138968,0.302,37,0.29993487318918916,0.5485715522610654,0.2607667177237977,0.5432687385740402,0.2649852849449386
Os_LEA_or3__Kappa_up_2_,sparrow_asphericity,-0.27614847833016076,0.14267172545892992,-1.3409762775829555,0.805654598337987,0.06838346974727953,0.062,43,0.2681650581627907,0.21636441875023493,0.6648141576642134,0.2054141414141414,0.687369661387617
Os_LEA_or3__Kappa_up_2_,avg_helix_prob,0.0884036107163835,0.06734737461729266,0.1884925054687761,0.13126623980393412,0.20299748421873032,0.176,216,0.30185731639814817,0.4261067392740389,0.37048159697443117,0.4046355140186916,0.3929360027676807
Os_LEA_or3__Kappa_up_2_,avg_beta_prob,0.10619304119975743,0.07381457792031815,-1.06339330301144,4.974135980444558,0.12099638816193452,0.144,204,0.30272524173039217,0.3191969060357736,0.495941326901831,0.35691687657430726,0.4474329162365239
Os_LEA_or3__Kappa_up_2_,avg_coil_prob,-0.057635463356568196,0.0684268884751388,-0.14062437134883754,0.12327546210811972,0.40231919804296556,0.42,226,0.304035369721239,0.6354447686585523,0.19692219130858915,0.6518611987381704,0.18584486905249067
Os_LEA_or3__Kappa_up_2_,avg_nes,0.08108772700421428,0.0689113628130548,6.058598716348536,2.880602115432378,0.24939165679171388,0.228,213,0.316210205342723,0.4795030758295152,0.3192086026507705,0.4693556485355649,0.32849795118032354
Os_LEA_or3__Kappa_up_2_,avg_nis,0.03979405234574443,0.06907921675180609,0.35567979559266905,0.3230495220806121,0.5706449067043784,0.554,230,0.3024779255913044,0.7650062509497388,0.11633501616417725,0.7508760330578513,0.12443175754032239
