base_origin,feature,r_mean,r_std,r_full,slope_mean,slope_std,p_value,bootstrap_p,n_samples,mean_pooled_se,p_adj,neg_log10_padj,bootstrap_p_adj,neg_log10_bootstrap_padj
Os_LEA_or6,nardini_Frac A_raw,0.44126605768024413,0.11683592313963598,0.44889660552453026,1.1787342362315665,0.33388840111381757,0.0005870033149371123,0.001,55,0.06078673545691639,0.005789464066928774,2.2373616372307987,0.008902654867256637,2.050480462763511
Os_LEA_or6,nardini_Frac C_raw,-0.007814328346637178,0.11955566641853657,-0.004803898364365085,1.2631245207380026,6.070191965614062,0.9791824662008032,0.9328782707622298,32,0.052068740789951135,0.9920015720020221,0.003487639628822553,0.9718807810894141,0.01238700594874469
Os_LEA_or6,nardini_Frac D_raw,-0.01374855241187679,0.13927596822294247,-0.013502881116689118,0.6438541048510846,0.9050912137177769,0.9191511544038429,0.926,59,0.07416289550971182,0.9672239135253827,0.014472974571053707,0.9713826903023983,0.012609639768820681
Os_LEA_or6,nardini_Frac E_raw,0.030909383339903066,0.1427607876552839,0.030168446238363723,-0.040112513428691626,0.8608371255488213,0.8190087845430017,0.842,60,0.07385494205528169,0.9186909260907594,0.03683057312967248,0.9247292576419214,0.0339854014482923
Os_LEA_or6,nardini_Frac F_raw,-0.375618041427301,0.13726839494935184,-0.38238610891968444,-8.215354281404357,3.1126413852911843,0.00872628688331317,0.012,46,0.06314159506427279,0.04719701400329596,1.3260854768513535,0.05888780487804878,1.229974634288221
Os_LEA_or6,nardini_Frac G_raw,0.10978200025743312,0.17751280082760135,0.11145142233468512,0.9100162829234948,1.748507127927671,0.5303185085627442,0.528,34,0.05253434197206938,0.7268855983007042,0.13853393568333816,0.7218493539374891,0.14155342788754996
Os_LEA_or6,nardini_Frac H_raw,-0.15285890754716985,0.10963241681063733,-0.15141119678398096,-5.640356934552383,4.675805554667895,0.44182512595546597,0.14389989572471323,28,0.05299778723533809,0.6548699732415173,0.18384492216010662,0.3610057234390562,0.4424859126697008
Os_LEA_or6,nardini_Frac I_raw,-0.07827144801968275,0.20944701663431955,-0.08642268998449584,-0.46093745658168433,1.141388138284534,0.6949915823543734,0.682,23,0.07994959698106856,0.8289895480446193,0.081450945028933,0.8254976076555025,0.08328418101235605
Os_LEA_or6,nardini_Frac K_raw,0.2588189883153741,0.12762266136771938,0.2549856416069158,0.8293104275338414,0.5294720496458524,0.042009392202022336,0.052,64,0.07255669250911484,0.15309485645786106,0.815039400088759,0.17976632302405499,0.7452916646311996
Os_LEA_or6,nardini_Frac L_raw,-0.2763394286142528,0.12581490885107127,-0.27700641810890403,-2.6505294453414554,1.8220718895304506,0.03697574385331719,0.03,57,0.0630647999244194,0.13828103463359517,0.8592373796793836,0.12218623481781377,0.9129777178200947
Os_LEA_or6,nardini_Frac M_raw,-0.33748097884452327,0.1215888132506963,-0.3464912409442428,-4.901351160478291,1.7900669974197416,0.008896531148263179,0.01,56,0.06963132901663381,0.04760590603804658,1.3223391649135157,0.052395833333333336,1.280703247983641
Os_LEA_or6,nardini_Frac N_raw,0.00836343888025635,0.2247466359628938,0.0004525442851807605,0.2664180446633562,0.8471741345912891,0.9983255247951552,0.978,24,0.0862073427143229,1.0,-0.0,0.9928032290615539,0.003136818977765317
Os_LEA_or6,nardini_Frac P_raw,0.3429403604423383,0.22783776331035932,0.35808210468070345,4.680530825298745,2.808228147268934,0.08577984054051263,0.156,24,0.05307589822266173,0.2544778659553751,0.5943499858674126,0.375444976076555,0.425453702700665
Os_LEA_or6,nardini_Frac Q_raw,-0.12417885015948368,0.13649101367231867,-0.13319543473365753,-0.3116818101453309,0.7494266675500599,0.3323239378374475,0.388,55,0.06628548071559445,0.5618787923772642,0.2503573596604741,0.619568253968254,0.20791084313946587
Os_LEA_or6,nardini_Frac R_raw,-0.38426195995937446,0.10550635901919704,-0.3928623608935608,-2.070435790848482,0.5546422139300322,0.0013221796482971108,0.002,64,0.0729558996784182,0.011368484839204218,1.9442974130449666,0.014794117647058824,1.8299109319863278
Os_LEA_or6,nardini_Frac S_raw,0.10150215690969304,0.16253828551044974,0.11212006284321067,0.540397963409974,0.5986283213250106,0.479612177842737,0.512,42,0.060160523745276875,0.688287947089577,0.16222983549975972,0.7153777777777778,0.1454645547355291
Os_LEA_or6,nardini_Frac T_raw,-0.2616694168636545,0.12859953652534456,-0.2696050217077838,-3.2296408181095977,1.3899249820030044,0.055719095251537176,0.052,51,0.06171586832990316,0.18560731729485563,0.7314049063599574,0.17976632302405499,0.7452916646311996
Os_LEA_or6,nardini_Frac V_raw,-0.008551467509266573,0.158858237241583,-0.010308495685282927,-0.7601618941697595,1.7532311086492758,0.9410254359786587,0.94,54,0.07007776132656773,0.9779665171431102,0.009676013994516819,0.9718807810894141,0.01238700594874469
Os_LEA_or6,nardini_Frac Y_raw,-0.06484994289322517,0.04793804413994303,-0.058040218006278316,-7.290531265106355,3.1754837982538917,0.7049040489424732,0.12923076923076923,45,0.06296630272496483,0.8346157488069977,0.07851342461419127,0.33506740681998415,0.47486781545527257
Os_LEA_or6,nardini_Frac K+R_raw,-0.23250192699800976,0.23266519845564435,-0.24646034758294286,-0.5905598955134743,0.5457528327953564,0.26886116288421674,0.352,22,0.09386666148249802,0.5060359052860601,0.29581866712386823,0.5921605351170568,0.22756053979037127
Os_LEA_or6,nardini_Frac D+E_raw,0.0063877219220431864,0.2467102935790648,-0.003966028581794483,0.16096003785868418,0.6452347891519337,0.9860246085937101,0.98,22,0.09386666148249802,0.9969253831610777,0.0013373460956704651,0.9928298086606243,0.003125192082977752
Os_LEA_or6,nardini_Frac Polar_raw,-0.3135547331303927,0.15289849633992666,-0.3270192747936951,-0.4264724774614461,0.3329652256037399,0.02833191629627593,0.056,45,0.05932986875165715,0.11400763117621433,0.9430660779021283,0.1896835016835017,0.7219704415911034
Os_LEA_or6,nardini_Frac Aliphatic_raw,0.39442016950349384,0.1835438449687014,0.4084909675247085,1.7438721041729028,1.8534098099478777,0.020279609700780153,0.042,32,0.052068740789951135,0.0894793305218633,1.0482772739244044,0.15533823529411764,0.8087216329163897
Os_LEA_or6,nardini_Frac Aromatic_raw,-0.18894002816117203,0.08025635286728217,-0.15486069947657036,-7.263944558033972,1.8679017372396125,0.43136982934916435,0.009538950715421303,28,0.05120024107035846,0.6510535476899535,0.18638329021846803,0.052395833333333336,1.280703247983641
Os_LEA_or6,nardini_R/K Ratio_raw,-0.16291609894193534,0.10373521330413996,-0.16875777980599466,-0.07590743271444057,0.042643440469019446,0.07396781924162979,0.132,113,0.08271615413927158,0.22686471389353527,0.6442330482007417,0.3378931297709924,0.4712206384496682
Os_LEA_or6,nardini_E/D Ratio_raw,-0.07541325853000748,0.13110824260368528,-0.0731125378597155,-0.16383155116425585,0.11583567023351987,0.5787866800669665,0.586,60,0.06955949813955402,0.7591387224867905,0.11967885532246526,0.7616485788113694,0.11824536394489342
Os_LEA_or6,nardini_Frac Chain Expanding_raw,0.26298336290340124,0.22312755812823157,0.2609109550020922,0.45286980604265215,0.39168795306967125,0.28063134967928,0.224,19,0.07643663568710816,0.5161154255527526,0.2872531606310226,0.4627186858316222,0.3346829621605629
Os_LEA_or6,nardini_FCR_raw,-0.10238957198712857,0.3004659908756833,-0.10840946749929749,-0.05989375962289039,0.3506888428750934,0.7122001472444883,0.708,14,0.08483410972550029,0.838961765957793,0.0762578308422318,0.8379388235294117,0.07678768730461513
Os_LEA_or6,nardini_NCPR_raw,-0.16734867054321123,0.36046283051122674,-0.19614741113473694,-0.37509822380423735,0.5134833020359832,0.5412137259515317,0.636,12,0.10276080341570216,0.7357581193341094,0.13326493661870947,0.79977,0.09703489062362113
Os_LEA_or6,nardini_Disorder Promoting_raw,0.41480317786750537,0.14840149943808134,0.41697748761442827,0.6709754296080509,0.27776596883547006,0.006011815592874525,0.004,42,0.059654088327263155,0.03516213073506844,1.4539248156675308,0.026300653594771243,1.5800334587697278
Os_LEA_or6,nardini_Iso point_raw,-0.23100719199214353,0.38099164183201434,-0.28484848484848485,-0.01634182424085432,0.03248625509612874,0.42503815489214547,0.528,10,0.1067962794035594,0.6468810647829022,0.189175561149904,0.7218493539374891,0.14155342788754996
Os_LEA_or6,nardini_PPII_raw,0.36826693931099636,0.22909415166552838,0.39488532314948566,5.07193637168819,3.132290926123035,0.08486945422395166,0.122,20,0.050847932459039166,0.2533491719563661,0.5962805108142758,0.32128795811518324,0.49310555151705193
Os_LEA_or6,nardini_A Patch_raw,0.2920967269833936,0.10430116947586539,0.298159360268699,0.5192405205626444,0.1637983654798036,0.006514855138139414,0.006,82,0.08370775399220921,0.037238319710046874,1.429009923746503,0.034101694915254235,1.4672240352582544
Os_LEA_or6,nardini_E Patch_raw,0.018255563282795716,0.22876523469910778,0.01972570181490323,0.7193449910407608,1.100340377129573,0.9254365251276453,0.922,25,0.09343534041912958,0.9728204224434809,0.011967320820710363,0.9702217573221757,0.013128990502562136
Os_LEA_or6,nardini_K Patch_raw,-0.035989388725756175,0.16128995809374216,-0.03511242928965757,-0.3660641993740723,1.8718417904094575,0.8342284989639327,0.802,38,0.06584908215513757,0.9283560508381817,0.032285427598120454,0.903713966480447,0.04396900584755209
Os_LEA_or6,nardini_R Patch_raw,0.07707502875342931,0.4008282279983905,0.09847319278346618,-1.1829836927514679,3.2039601878370125,0.7866665909815012,0.872,10,0.10507789161249556,0.8951880649474585,0.04808571665174958,0.941236051502146,0.026301446701505533
Os_LEA_or6,nardini_S Patch_raw,0.5478422990503087,0.25188318767574414,0.6031483057987304,1.6436042344750919,1.2317308772963274,0.06489858621670086,0.07,10,0.049646587064553466,0.20792349596815626,0.6820964313383485,0.21937694704049845,0.6588090116707066
Os_LEA_or6,nardini_Frac A_zscore,0.40710346700002265,0.12783986161785196,0.4123465590156672,0.056972297528914265,0.019627903572136517,0.0023847190338117785,0.004,52,0.06004476331551704,0.01753763835418552,1.7560288898069303,0.026300653594771243,1.5800334587697278
Os_LEA_or6,nardini_Frac D_zscore,-0.024147430430073013,0.10310068097232282,-0.02839702568933202,-0.0075660181224529435,0.03371513060843662,0.7704889184834409,0.826,108,0.0838800831747677,0.8814258371362572,0.05481422321429568,0.9151497797356828,0.03850782048079432
Os_LEA_or6,nardini_Frac E_zscore,0.036109581745524984,0.1401814264929158,0.04139781233819911,-0.009466420683524794,0.05822681642313107,0.7534791104433071,0.772,60,0.07304816684119238,0.8682703151271098,0.06134504660702075,0.8815346197502838,0.054760627356403156
Os_LEA_or6,nardini_Frac F_zscore,-0.07637631311904704,0.11213401991318364,-0.08241719892625816,-0.06265858491006741,0.1132031870580032,0.4533297044318664,0.504,85,0.09331632775365375,0.6679773003330114,0.1752382957693926,0.7091244755244756,0.14927752463564672
Os_LEA_or6,nardini_Frac G_zscore,0.011213093738836001,0.18409283283653952,0.009248662510270057,-0.009468380309560938,0.08193069948103818,0.9613134282889599,0.932,30,0.0506882225440766,0.9888356941295436,0.004875865188401373,0.9718807810894141,0.01238700594874469
Os_LEA_or6,nardini_Frac K_zscore,0.37260171506605666,0.11700028449399637,0.3790059073473114,0.09179614832853512,0.0312881410319463,0.0025941451986791464,0.006,61,0.0729128044761361,0.018640786213365866,1.7295357743358113,0.034101694915254235,1.4672240352582544
Os_LEA_or6,nardini_Frac L_zscore,-0.07051427902244006,0.11965196063423929,-0.06829100436121437,-0.02527836572195767,0.04720500803199829,0.5321236220579294,0.58,86,0.09298553586990731,0.7268855983007042,0.13853393568333816,0.7597395833333334,0.11933524574866611
Os_LEA_or6,nardini_Frac M_zscore,-0.34480247527592023,0.12281351124929579,-0.3464912409442428,-0.09782483864371086,0.03555716858540153,0.008896531148263179,0.006,56,0.06963132901663381,0.04760590603804658,1.3223391649135157,0.034101694915254235,1.4672240352582544
Os_LEA_or6,nardini_Frac P_zscore,0.1287480382065141,0.10452588459789607,0.12872975697757083,0.29553880676890465,0.12189484013177428,0.1761515673121328,0.228,112,0.0830647177336087,0.40001913479910967,0.3979192338247727,0.463369696969697,0.3340723712132063
Os_LEA_or6,nardini_Frac Q_zscore,-0.13621047896681449,0.13533042313457108,-0.1383806186026821,-0.0202717926141451,0.04408035720349344,0.24636019110358684,0.318,72,0.09710087036323192,0.4869122833992306,0.3125492693127711,0.5563617391304347,0.25464274398528924
Os_LEA_or6,nardini_Frac R_zscore,-0.164597497059632,0.1964038465177253,-0.16746722443808837,-0.06111639378768063,0.049058422126620316,0.3595934252727495,0.392,32,0.09322053174049849,0.5891709866846677,0.22975864783244895,0.6229889415481833,0.20551966227698923
Os_LEA_or6,nardini_Frac S_zscore,0.034174386045917854,0.09908554794735445,0.02982873409507205,0.023328539554131802,0.033965215833853736,0.759261731541594,0.73,108,0.08289458566799361,0.8726532806066679,0.059158274311548444,0.8499768518518519,0.07059290163852877
Os_LEA_or6,nardini_Frac T_zscore,-0.12010146466004057,0.10956590448410783,-0.12310233499851884,-0.14301879976452797,0.08779266261790898,0.24237754058900682,0.294,92,0.0896077256054783,0.4843374230144464,0.31485197328101855,0.5358043478260869,0.2709937665971331
Os_LEA_or6,nardini_Frac V_zscore,-0.06003496462727071,0.15265636282693587,-0.05469222554054727,-0.039982234175267146,0.04367557036737613,0.6973039499698527,0.692,53,0.06992857592274054,0.8289895480446193,0.081450945028933,0.8277669441141497,0.08209192062124582
Os_LEA_or6,nardini_Frac Y_zscore,0.06893621378711155,0.036479897889576784,0.05479932383012814,13.677562173674692,4.790712054373725,0.6547178556797775,0.01932367149758454,69,0.0956962425614539,0.8024358189487436,0.09558969361601594,0.08678398895790199,1.0615603917432097
Os_LEA_or6,nardini_Frac K+R_zscore,0.08324331413745827,0.24542718539838065,0.09052464794248204,0.008799660529052762,0.05501442327923849,0.6963611518126014,0.746,21,0.0941254652854416,0.8289895480446193,0.081450945028933,0.8646036866359447,0.06318291698391452
Os_LEA_or6,nardini_Frac D+E_zscore,0.10751455316222708,0.2474899461567975,0.10354977714283917,0.03533451358952879,0.07595100555094642,0.6551117873223542,0.684,21,0.09378279821307942,0.8024358189487436,0.09558969361601594,0.8254976076555025,0.08328418101235605
Os_LEA_or6,nardini_Frac Polar_zscore,-0.24910601550110759,0.09549287306805535,-0.24310060912871345,-0.057036325394788555,0.04271296974697606,0.00947269030904529,0.014,113,0.08271615413927158,0.04963295026510189,1.3042299088491742,0.06612206572769953,1.179653587040591
Os_LEA_or6,nardini_Frac Aliphatic_zscore,0.43664557414897603,0.15849775469882202,0.45469138540366333,0.09011936323735352,0.07413608557425841,0.006066526277129182,0.012,35,0.05719313378166254,0.03527702563463559,1.4525080393259338,0.05888780487804878,1.229974634288221
Os_LEA_or6,nardini_Frac Aromatic_zscore,0.06656352834562447,0.02832099919337148,0.054616275934427014,10.696421530117243,2.907722063840765,0.6174609508245679,0.001,86,0.09305718150457791,0.7801248756453494,0.10783587363912402,0.008902654867256637,2.050480462763511
Os_LEA_or6,nardini_R/K Ratio_zscore,-0.3673299344444422,0.10763160588448323,-0.37814077037073174,-0.06214900616124526,0.017377826891768366,0.002892711092876041,0.004,60,0.07305884712974672,0.01927196926777018,1.7150739055610034,0.026300653594771243,1.5800334587697278
Os_LEA_or6,nardini_E/D Ratio_zscore,-0.08707505683235932,0.13677675179166168,-0.08888347134470938,-0.05419320031345044,0.03756797845097566,0.5108647719536825,0.51,57,0.06965660758446642,0.7139204013808785,0.14635020722680916,0.7145682451253482,0.14595628742445538
Os_LEA_or6,nardini_Frac Chain Expanding_zscore,0.29376835631740794,0.16654141855094765,0.29521278747298824,0.03935486762757791,0.041465483326160714,0.07196108289233276,0.094,38,0.06259054689056867,0.2241264686987206,0.6495068514926273,0.27569679300291544,0.5595682857231633
Os_LEA_or6,nardini_FCR_zscore,0.2682283768653076,0.26011003573919167,0.272129887804359,0.042026769735507244,0.04920881123369926,0.3465936226290497,0.314,14,0.0832318359194169,0.5737229261191609,0.24129779524897882,0.5551564147627417,0.2555846376019476
Os_LEA_or6,nardini_Hydrophobicity_zscore,0.17629156198167525,0.14320985713357637,0.17981677139030408,0.09953165747955603,0.22299217735579735,0.18480181004337493,0.218,56,0.07960152791148675,0.41313471311918926,0.38390831244840334,0.45880334728033473,0.3383734222876055
Os_LEA_or6,nardini_Disorder Promoting_zscore,0.36773951205648453,0.11174923896338308,0.3722217486617629,0.051295584431117786,0.01903073271400704,0.001924109817018631,0.001,67,0.06895587239511529,0.014940794922186756,1.8256262953495939,0.008902654867256637,2.050480462763511
Os_LEA_or6,nardini_Iso point_zscore,-0.0316166368897652,0.12892748708745128,-0.03162223209563505,-0.05288450231754506,0.1265315682819833,0.7395158255414669,0.808,113,0.08271615413927158,0.8590680375227664,0.06597243902025145,0.9051759465478842,0.04326699517280959
Os_LEA_or6,nardini_PPII_zscore,0.29714531314129977,0.1019586290185757,0.2950705437490237,0.1308289927790315,0.051700162223468064,0.0015101776210284714,0.006,113,0.08271615413927158,0.012251924893182598,1.9117956741717275,0.034101694915254235,1.4672240352582544
Os_LEA_or6,nardini_A Patch_zscore,0.37601277494033014,0.11075371708148035,0.3844809186050191,0.023191931661353502,0.007388340798644213,0.002884014661913264,0.008,58,0.07388816381909316,0.01927196926777018,1.7150739055610034,0.04421978021978022,1.3543834202732226
Os_LEA_or6,cider_kappa,0.0022506811836679585,0.1330299948781713,-0.0038936870751273053,0.007136348990496029,0.17945103055217315,0.9748604294180646,0.986,68,0.09987195113069677,0.9920015720020221,0.003487639628822553,0.9949007021063189,0.002220262650535955
Os_LEA_or6,cider_omega,-0.04046696225596571,0.11670918405513846,-0.04350239443009071,-0.036465809954338,0.14628927761106927,0.6979663490991974,0.7,82,0.08388933382976524,0.8289895480446193,0.081450945028933,0.8333727810650887,0.07916068821552694
Os_LEA_or6,cider_delta,0.051436350002050345,0.1291555573621131,0.05678995103762095,0.3836812644452398,0.6883029858088721,0.6480545175108692,0.668,67,0.09522527306875639,0.8017263703271368,0.0959738313842605,0.8175279805352799,0.0874973743445961
Os_LEA_or6,cider_mean_net_charge,-0.16671466702318372,0.3531593134285187,-0.1904835969232314,-0.09500965014134768,0.8285846773988931,0.5531822846973248,0.628,12,0.10276080341570216,0.7411648193603689,0.13008520338480745,0.7926825595984944,0.10090069693900759
Os_LEA_or6,cider_fraction_neutral,0.09838960809796206,0.29239642294624024,0.10840946749929749,0.053608211259659276,0.36482992837257894,0.7122001472444883,0.706,14,0.08483410972550029,0.838961765957793,0.0762578308422318,0.8375424528301887,0.07699317048500147
Os_LEA_or6,sparrow_SCD,-0.08213525206621165,0.100882467558059,-0.07922353987116919,-0.005021830250257307,0.00599419108528533,0.4042211322883832,0.414,113,0.08271615413927158,0.6280402800539543,0.20201250141539664,0.6369802130898021,0.19587405821312945
Os_LEA_or6,sparrow_SHD,0.14848999175467484,0.32047191098667666,0.14725274725274726,0.06364635458091539,0.5301495985774992,0.6154187624847252,0.684,14,0.06110621605871721,0.7801248756453494,0.10783587363912402,0.8254976076555025,0.08328418101235605
Os_LEA_or6,sparrow_complexity,-0.290012053898438,0.17236976310210259,-0.29337418657469905,-1.5079437146845407,0.9302410291662357,0.07383493373469574,0.102,38,0.05408712714327707,0.22686471389353527,0.6442330482007417,0.29097652893686893,0.5361420411319786
Os_LEA_or6,sparrow_scaled_rg,-0.13023001897996767,0.25178668544332083,-0.12337662337662336,-0.007442077279643482,0.019218937674270638,0.5941682580055345,0.6,21,0.07156511644436796,0.7732642529800359,0.11167206623777111,0.7738461538461539,0.11134537158692817
Os_LEA_or6,sparrow_scaled_re,-0.05650588831363828,0.2735462359730637,-0.03308270676691729,-0.0009614399769844703,0.00492315827082432,0.889875964885619,0.804,20,0.07486061363866647,0.9574494338769334,0.018884153305151776,0.903713966480447,0.04396900584755209
Os_LEA_or6,sparrow_prefactor,0.055277697680577845,0.33735569176505986,0.054945054945054944,0.0035043527309230223,0.017595933519341314,0.8520077036323677,0.864,14,0.08197625666615878,0.9316519020153933,0.030746325063286246,0.9366206896551724,0.028436253020060177
Os_LEA_or6,sparrow_scaling_exponent,-0.07364354897919766,0.34362543387096073,-0.054945054945054944,-0.17991080372202706,0.4370268182109598,0.8585042942308735,0.804,13,0.07798525460420842,0.9346919047578558,0.029331518660679085,0.903713966480447,0.04396900584755209
Os_LEA_or6,sparrow_asphericity,-0.24777428323638623,0.32417137803180307,-0.26593406593406593,-1.007412098341339,1.4102275812089928,0.3581134003647861,0.416,14,0.07972394664812207,0.5886635306649916,0.23013286909960276,0.6369802130898021,0.19587405821312945
Os_LEA_or6,mpipi_epsilon_self,0.11020851624027055,0.1209002259164126,0.11133036163980693,9.271999010269943e-05,0.006613500739693138,0.28804622994148155,0.366,93,0.08531235913388303,0.5239459375321136,0.28071352263986377,0.6055855263157895,0.21782451315841564
Os_LEA_or6,calvados_epsilon_self,0.18512868604908062,0.11273515546395496,0.18758644692355889,0.002405887849808806,0.0016922075787281696,0.06163572732709032,0.106,100,0.08451751760058372,0.1993747321255719,0.7003298831045198,0.2962111111111111,0.5283986547826085
Os_LEA_or6,avg_helix_prob,-0.34418558368185054,0.09355837073603648,-0.34487984887756445,-0.5809718972468562,0.17401210227639177,0.0003603494638354462,0.002,103,0.08286296319123648,0.004027906229093987,2.394920648510941,0.014794117647058824,1.8299109319863278
Os_LEA_or6,avg_beta_prob,-0.12587130423850124,0.09964293295838568,-0.12613890963405527,-0.6343890759838016,0.9857027260628084,0.2019819373390361,0.224,104,0.08388617511936966,0.4358508429343833,0.3606621097531186,0.4627186858316222,0.3346829621605629
Os_LEA_or6,avg_coil_prob,0.34112208329928745,0.09192173977889392,0.346757896586566,0.551293921460576,0.15787840598089983,0.0003328889461034401,0.002,103,0.08286296319123648,0.003762767188540008,2.4244926516934906,0.014794117647058824,1.8299109319863278
Os_LEA_or6,avg_mito_targeting,-0.3255455177302612,0.5268368004312404,-0.34786262139146906,-1.302937733040007,2.6415955968672367,0.4992532181146331,0.46646646646646645,6,0.09848536266043778,0.7044059503321226,0.1521769840711838,0.6803583815028902,0.16726226066272518
Os_LEA_or6,avg_nes,-0.10150024466063019,0.0975646448992009,-0.10090290661719231,-3.443817977475375,1.9903752242193162,0.32033989691326437,0.28,99,0.07938177476762219,0.55087510477734,0.2589468538785007,0.5206654343807764,0.28344125304444157
Os_LEA_or6,avg_nis,0.05350680366833362,0.10280570004975147,0.052648213453988964,-0.27013139053075885,0.9008218978821173,0.5797021365144952,0.586,113,0.08271615413927158,0.7593494131947685,0.11955833832888436,0.7616485788113694,0.11824536394489342
syn_LEA_1,nardini_Frac A_raw,0.3756167733824734,0.12499634884665671,0.3835959001256568,0.7096890189769901,0.3967086696596331,0.002708192769969057,0.006,59,0.12384435645655678,0.018919735601311608,1.7230849370512307,0.034101694915254235,1.4672240352582544
syn_LEA_1,nardini_Frac C_raw,0.21621982001463952,0.2695748421104229,0.2180404900137613,4.086152427365124,3.5342691349038735,0.4349967644380428,0.434,15,0.18075190442407413,0.6518082270139731,0.18588016224426768,0.6516477611940299,0.1859870924684071
syn_LEA_1,nardini_Frac D_raw,0.07176114791803999,0.1304831539900489,0.07351406016613238,1.7602823571694086,1.542636354350103,0.5868138101002742,0.58,57,0.11794371736431349,0.7656740505329129,0.11595607133538512,0.7597395833333334,0.11933524574866611
syn_LEA_1,nardini_Frac E_raw,-0.09966376822696665,0.12743547207450753,-0.103239549663566,-1.090180810038545,0.8700742950238275,0.4207134405860725,0.432,63,0.11447852361919712,0.6427962922351627,0.19192663699029416,0.6515622188905548,0.18604410638172825
syn_LEA_1,nardini_Frac F_raw,-0.10644163354033088,0.28460639117582587,-0.11533810858190532,-7.1638150886137115,10.822711474481837,0.682304862014669,0.666,15,0.15046570080810212,0.8190915169293044,0.08666757189410179,0.8160730816077953,0.08827094722923112
syn_LEA_1,nardini_Frac G_raw,-0.008960101149985703,0.19857238395188398,-0.005892078689835763,1.231866452142877,2.687581542100952,0.9772104187553742,0.988,26,0.1377276036621298,0.9920015720020221,0.003487639628822553,0.994922922922923,0.0022105629184455845
syn_LEA_1,nardini_Frac H_raw,-0.3901915851688073,0.20221207802483498,-0.39538065846532183,-7.493120954804763,7.499664643473437,0.03376210182752818,0.068,29,0.1262225822859894,0.1306333632249744,0.8839458918659031,0.21444514106583074,0.6686837896310361
syn_LEA_1,nardini_Frac I_raw,-0.5040114137957977,0.09557877775225164,-0.5099149689225659,-2.792080848154027,1.3604334359080144,5.0863028133394625e-05,0.001,57,0.12817284515767882,0.0008822104534861205,3.054427800485925,0.008902654867256637,2.050480462763511
syn_LEA_1,nardini_Frac K_raw,0.3246288987130646,0.10894927732820923,0.33175058956563924,1.2679940495652569,0.6076351817871999,0.009612725442533715,0.006,60,0.12528736577507643,0.05010570878336226,1.3001127900635252,0.034101694915254235,1.4672240352582544
syn_LEA_1,nardini_Frac L_raw,-0.6417773793492851,0.07201249128215598,-0.6445804246328357,-6.319485388784098,0.8446146650908078,2.2763097435168283e-09,0.001,69,0.12036857300070528,2.5444084466421437e-07,6.59441317137094,0.008902654867256637,2.050480462763511
syn_LEA_1,nardini_Frac M_raw,-0.4734915152900582,0.12108025336088726,-0.47378525163776736,-3.427514159622224,1.4062011519023778,0.000388477520482638,0.001,52,0.1258509398632926,0.0041581343204745436,2.3811014857359836,0.008902654867256637,2.050480462763511
syn_LEA_1,nardini_Frac N_raw,-0.34311318386567335,0.11095774397190729,-0.3411497796530387,-2.4660186259068113,1.210898408693708,0.010806580344346468,0.004,55,0.12409849848139061,0.05518487221529211,1.258179958753452,0.026300653594771243,1.5800334587697278
syn_LEA_1,nardini_Frac P_raw,-0.3336076830927917,0.20223800773849127,-0.34103467200684834,-2.2346562685957507,2.22070395064201,0.08820118734668218,0.112,26,0.13783934917291205,0.2583652264925304,0.5877659386593604,0.3073154898767978,0.5124155490879814
syn_LEA_1,nardini_Frac Q_raw,-0.23043691260278212,0.11747030294187316,-0.23214608436634476,-0.5721625525096891,0.6506871059678874,0.08810434959089519,0.056,55,0.09866618037067612,0.2583652264925304,0.5877659386593604,0.1896835016835017,0.7219704415911034
syn_LEA_1,nardini_Frac R_raw,-0.32091496952041393,0.12493255714097606,-0.32764684672548516,-1.831820887154036,1.2752150219322522,0.015582973096928675,0.01,54,0.12729795895091356,0.07325453708182358,1.1351654717441115,0.052395833333333336,1.280703247983641
syn_LEA_1,nardini_Frac S_raw,0.44221895639916875,0.10645291914962951,0.4520355855889357,2.7150564827314785,0.7844971107746295,0.0016119957747646118,0.001,46,0.1118100383409405,0.012870378963596822,1.8904086652653187,0.008902654867256637,2.050480462763511
syn_LEA_1,nardini_Frac T_raw,-0.5140311414224971,0.1365446190256972,-0.5196544684554381,-2.506572555939222,1.4048864398459806,0.00018163611620464394,0.004,47,0.10703094162000536,0.0023426401654086126,2.6302944148511163,0.026300653594771243,1.5800334587697278
syn_LEA_1,nardini_Frac V_raw,-0.026690621728571017,0.13169295962038916,-0.027611098606989307,-0.46347047064106034,1.1905313172161964,0.8399161356551962,0.798,56,0.11094162461521938,0.9296494365368014,0.03168078959631647,0.900996632996633,0.04527683196623676
syn_LEA_1,nardini_Frac W_raw,-0.3419552452414441,0.567257487733202,-0.33394720739540396,-5.091737727371062,9.174684225369637,0.5177002083054396,0.40365111561866124,6,0.10104339623847425,0.7181483397441893,0.14378583921408836,0.6320746500777605,0.19923162709370848
syn_LEA_1,nardini_Frac Y_raw,0.44545376819937904,0.385670638622877,0.5122717640554155,10.238746430561541,8.796337543544999,0.2398053912767625,0.2210849539406346,7,0.14510835008677805,0.48237074382881306,0.31661904037662936,0.46143457191759,0.33588987008678317
syn_LEA_1,nardini_Frac K+R_raw,0.16002092152603226,0.20165276636841317,0.1678352427089723,0.33793338297367825,0.45128552392210813,0.3932770186354624,0.416,28,0.10902613913131565,0.6210936903410913,0.20684288270738072,0.6369802130898021,0.19587405821312945
syn_LEA_1,nardini_Frac D+E_raw,-0.18246114011792922,0.18396341666932017,-0.18652249299773116,-0.3444629154510286,0.3833844031770185,0.34192860367582145,0.336,28,0.09433509080625678,0.5685622732196304,0.2452219611705817,0.5738811544991511,0.241178036677349
syn_LEA_1,nardini_Frac Polar_raw,-0.30248472103536145,0.14130938479432967,-0.31710280691806186,-0.5050864274501015,0.37238102425110625,0.04073815923716844,0.038,42,0.12119363607454213,0.15007144790476404,0.823701927323192,0.1437142857142857,0.8425000592943482
syn_LEA_1,nardini_Frac Aliphatic_raw,0.39717152449983645,0.16330784697925035,0.4038727202443301,0.6228355199966211,0.5112178204954624,0.01784686668496982,0.032,34,0.12177401593276377,0.08198149719214447,1.0862841546173545,0.12774603174603175,0.8936525817417296
syn_LEA_1,nardini_Frac Aromatic_raw,-0.07621423129227761,0.254681545859676,-0.07518302589574766,-4.252410977395428,5.165292449475458,0.7596807686535991,0.756,19,0.16267217362548567,0.8726532806066679,0.059158274311548444,0.8701784897025172,0.060391656413287885
syn_LEA_1,nardini_R/K Ratio_raw,-0.2561111950432949,0.09977713506451194,-0.2589449003638441,-0.19540885598782623,0.11142487244441017,0.005403826874033536,0.01,114,0.10564622085543375,0.03255239422321998,1.4874170636336246,0.052395833333333336,1.280703247983641
syn_LEA_1,nardini_E/D Ratio_raw,-0.1404806596491818,0.12043968831280105,-0.14115736622391203,-0.2871326815091706,0.22248984332036928,0.2698091300661303,0.232,63,0.11447852361919712,0.5060359052860601,0.29581866712386823,0.4696016096579477,0.3282704231225238
syn_LEA_1,nardini_Frac Chain Expanding_raw,0.014970592345756782,0.17037527656655876,0.00648851139520748,0.29201542436228156,0.46220961984159203,0.9718847474606844,0.936,32,0.13412804727758243,0.9920015720020221,0.003487639628822553,0.9718807810894141,0.01238700594874469
syn_LEA_1,nardini_FCR_raw,0.026883184069948267,0.30876922671783313,0.051724765525483815,-0.010156497437371615,0.3499537111744514,0.8437076894215703,0.888,17,0.09341971773783786,0.9296494365368014,0.03168078959631647,0.9544102564102565,0.020264902239595598
syn_LEA_1,nardini_NCPR_raw,0.19401989873049785,0.18639767233389298,0.19080846651093147,0.3884088573438991,0.3490985420982996,0.38315013798429287,0.298,23,0.1193683440252002,0.611823871130474,0.21337358243797655,0.5401585585585585,0.2674787383265124
syn_LEA_1,nardini_Hydrophobicity_raw,-0.34067179741990994,0.3076919944972734,-0.34965034965034975,-0.3538238632346985,0.29071731819700514,0.2652387868927897,0.302,12,0.17456680992295107,0.5051107915488294,0.296613352810077,0.5444659498207886,0.2640292752605195
syn_LEA_1,nardini_Disorder Promoting_raw,0.5898393098510698,0.10131718110767865,0.6049286480906595,1.1895799733007737,0.3071141092453623,8.469008884563866e-06,0.001,46,0.09448429991751105,0.00019363233949707382,3.713022107295135,0.008902654867256637,2.050480462763511
syn_LEA_1,nardini_Iso point_raw,0.25919739015764753,0.15102562462072566,0.2709801263163152,0.013694307653382478,0.02032129557652774,0.14750144378467953,0.106,30,0.13807124305604898,0.35755771674069303,0.44665384466342195,0.2962111111111111,0.5283986547826085
syn_LEA_1,nardini_PPII_raw,-0.1849529548187396,0.4274234527832802,-0.18787878787878787,-0.5644367266342076,9.41748514943772,0.603217610029209,0.71,10,0.06992403840985464,0.77474011345664,0.1108439571327223,0.8393184488836662,0.076073230645604
syn_LEA_1,nardini_A Patch_raw,0.6419723232713616,0.08548205418621257,0.655796943879944,0.9479250989709228,0.16084311956398878,2.551235718423603e-05,0.001,34,0.0891099587686408,0.0004925228816616546,3.3075735882149906,0.008902654867256637,2.050480462763511
syn_LEA_1,nardini_E Patch_raw,0.23615240450765562,0.26417959717250766,0.26106769724320616,0.8228859860577064,0.8711737100574342,0.36730593606931183,0.358,14,0.0781630970690335,0.5921630956502046,0.2275586618823604,0.5962715231788079,0.22455593125734888
syn_LEA_1,nardini_I Patch_raw,0.40985308220447947,0.43517834798599664,0.44136741475237473,1.5826154134403896,2.6861301204292847,0.3809392104771887,0.25851703406813625,6,0.14003841664767436,0.6092604860732144,0.2151969873717265,0.5020345489443379,0.2992663946087979
syn_LEA_1,nardini_K Patch_raw,0.23371247180937388,0.21340499507004632,0.24433672401101456,0.628887089944356,0.7259992798952991,0.21935095465194884,0.282,27,0.11553034324683574,0.45404744934127683,0.3428987596752694,0.5214926470588235,0.28275181065891025
syn_LEA_1,nardini_Q Patch_raw,0.11682395365522015,0.5060827342974843,0.11595420713048968,0.47660714217249933,2.5783662181681035,0.826848213385815,0.7234468937875751,6,0.08639815076575046,0.9247337817834053,0.033983276713015174,0.8452817365276429,0.07299851445147817
syn_LEA_1,nardini_Frac A_zscore,0.3152254869003043,0.14051682784343975,0.3235333379558569,0.02264718107446884,0.01782340205111037,0.014091259935520042,0.034,57,0.1147566908537227,0.06750384521491982,1.1706714877903417,0.13206177606177608,0.8792228663190881
syn_LEA_1,nardini_Frac D_zscore,0.15240072871707303,0.10001885781705813,0.15038833591746745,0.18227142070369848,0.11410262158209347,0.11854968437865951,0.132,109,0.10549092548372681,0.3086931278060282,0.5104730387690924,0.3378931297709924,0.4712206384496682
syn_LEA_1,nardini_Frac E_zscore,-0.11535491931187129,0.13414271738564382,-0.11536769273327435,-0.1010478759691998,0.076367973456155,0.38006758979027766,0.396,60,0.11555973573004048,0.6092571522537146,0.21519936379922638,0.6244137931034484,0.20452751207574138
syn_LEA_1,nardini_Frac G_zscore,0.2912189165989802,0.09459147028451273,0.28916522004680156,0.24281000129845443,0.10147671427026715,0.001986469109818935,0.002,112,0.10624240485802498,0.015139302458165518,1.8198941344494493,0.014794117647058824,1.8299109319863278
syn_LEA_1,nardini_Frac H_zscore,0.12737704916814604,0.5181953714018052,0.16840826742715195,0.1382420203700859,0.2280386689567881,0.7181381759448044,0.7767767767767768,7,0.14510835008677805,0.8429953383902838,0.07417482693750452,0.8843706214689266,0.05336569298822787
syn_LEA_1,nardini_Frac I_zscore,-0.05041451278704339,0.2382844157737447,-0.04309242463596603,0.01278211988493398,0.03723781822988381,0.8243489304943559,0.832,29,0.1403066859593193,0.9234911181261938,0.03456727712393728,0.9207832783278327,0.03584257621133496
syn_LEA_1,nardini_Frac K_zscore,0.3678578502158733,0.11407521264554188,0.3735734632033794,0.12348206583541164,0.05187476739081293,0.004568554273537732,0.004,56,0.12951999407147685,0.02854637018123577,1.5444491066993846,0.026300653594771243,1.5800334587697278
syn_LEA_1,nardini_Frac L_zscore,-0.3047706512093578,0.1432940006466253,-0.30863316943985647,-0.1320450366258546,0.059193666942604306,0.029204760293055937,0.046,50,0.13800978552343404,0.11612643816132123,0.9350688944694897,0.1646832740213523,0.7833505075035972
syn_LEA_1,nardini_Frac M_zscore,-0.46871486243481586,0.11761940454254037,-0.47378525163776736,-0.06695756543086764,0.02651446881456222,0.000388477520482638,0.001,52,0.1258509398632926,0.0041581343204745436,2.3811014857359836,0.008902654867256637,2.050480462763511
syn_LEA_1,nardini_Frac N_zscore,0.11137656989944555,0.1290423907362515,0.11604654152601494,0.027408816154478877,0.06024238578938475,0.3053234316860763,0.382,80,0.10088382150528233,0.5388690741687592,0.2685167399579747,0.6168410914927769,0.2098267030275523
syn_LEA_1,nardini_Frac P_zscore,-0.1879879036862046,0.11372137343853463,-0.18728153648923684,-0.04653184369407348,0.13602830658054335,0.04903935209292422,0.108,111,0.1072264681136033,0.16953123094667275,0.7707502846089557,0.30013259668508285,0.5226868343263075
syn_LEA_1,nardini_Frac Q_zscore,0.15671614101434936,0.1213995353042424,0.16138599967709302,0.03871998480511945,0.034911558224174084,0.16369185623658014,0.202,76,0.11388177623436552,0.3829628078465107,0.41684340130902187,0.4360772532188842,0.3604365665234677
syn_LEA_1,nardini_Frac R_zscore,0.05815718955356084,0.11497364638619115,0.06230128459845468,0.027405660517200964,0.03744274628261296,0.5758015603780211,0.642,83,0.10408220032351044,0.7581889656286508,0.12022254040742077,0.8053017456359103,0.0940413594954016
syn_LEA_1,nardini_Frac S_zscore,0.4294015669587601,0.09112794403259095,0.4384685797866715,0.25535113027328515,0.052935592461825325,1.4846138464415972e-06,0.001,111,0.10494269218023598,4.6672547797507716e-05,4.330938490861213,0.008902654867256637,2.050480462763511
syn_LEA_1,nardini_Frac T_zscore,-0.08745646903375408,0.11410710270184969,-0.09111088252580761,-6.482538621787049e-05,0.09565430636146977,0.3903869302595019,0.43,91,0.11398458848427849,0.6193600478109879,0.20805681250011465,0.6504962406015038,0.18675520900360945
syn_LEA_1,nardini_Frac V_zscore,0.02710935431494498,0.12463887589532109,0.03888400069713734,-0.0049748228048587875,0.03279268697449804,0.7908078776313021,0.836,49,0.10526735627586797,0.8979150393872346,0.04676475428023093,0.9223501094091903,0.03510419638364637
syn_LEA_1,nardini_Frac K+R_zscore,0.23956520699646966,0.20943495243438517,0.24493191307082893,0.06016376018709711,0.05115718945488029,0.23798350444518607,0.25,25,0.11321677412594833,0.48074579412019514,0.3180845065660938,0.49217221135029354,0.3078829107427665
syn_LEA_1,nardini_Frac D+E_zscore,-0.10495488623038972,0.19193070062860296,-0.1077472115839957,-0.02513602934756661,0.06013203011231507,0.5572215757378065,0.572,32,0.12527797601316365,0.742260959938874,0.12944338105986142,0.7561524310118264,0.12139064725764012
syn_LEA_1,nardini_Frac Polar_zscore,-0.1578834368962386,0.11086908609495678,-0.1575786777773549,0.013076391179827774,0.054019319277678654,0.09404882791220895,0.178,114,0.10564622085543375,0.2665158334638935,0.5742769848297752,0.404216704288939,0.393385743194267
syn_LEA_1,nardini_Frac Aliphatic_zscore,0.4017776209013501,0.15509724373782174,0.4117064400034977,0.03250100417646899,0.028203876033702658,0.013998167313820553,0.014,35,0.11997389710292367,0.0673787383622176,1.1714771252554155,0.06612206572769953,1.179653587040591
syn_LEA_1,nardini_R/K Ratio_zscore,-0.2847019981341048,0.09713917026879991,-0.28272480849769177,-0.08719533545812982,0.049762382411292425,0.0026421861869140935,0.004,111,0.10649870842334519,0.01885134258181261,1.7246577141526678,0.026300653594771243,1.5800334587697278
syn_LEA_1,nardini_E/D Ratio_zscore,-0.18207339812902693,0.13735327098597963,-0.19238630823081632,-0.10193825241334292,0.08157721081480233,0.1853871213599154,0.198,49,0.12135730043468518,0.413524266270676,0.3834990002632344,0.4320780911062907,0.3644377544082084
syn_LEA_1,nardini_Frac Chain Expanding_zscore,-0.12314846561289032,0.15712373088865472,-0.12591441915838034,0.015897637784245536,0.049451947067751086,0.4210762987902308,0.426,43,0.12137959124638116,0.6427962922351627,0.19192663699029416,0.6463891402714932,0.18950594858214564
syn_LEA_1,nardini_FCR_zscore,0.19431765306697354,0.21669221108915943,0.20246040581907968,0.0628980251646231,0.06395378106397497,0.33175883296516606,0.328,25,0.1561599377216415,0.5618676531362914,0.2503659696292203,0.5650136986301371,0.24794102268081175
syn_LEA_1,nardini_NCPR_zscore,0.2942389891307132,0.25068433699718423,0.30384283803875806,0.04508885635747282,0.04597496011792286,0.2709060157318715,0.256,15,0.09202031841590522,0.5064033913645042,0.29550339452711827,0.4991007751937985,0.3018117555954532
syn_LEA_1,nardini_Hydrophobicity_zscore,-0.08747252150055786,0.2144493045047898,-0.08556154626187236,0.0015545393930435645,0.052013654577210064,0.6713229603378726,0.686,27,0.11753396454338257,0.8136757808432529,0.08954861063910248,0.8254976076555025,0.08328418101235605
syn_LEA_1,nardini_Disorder Promoting_zscore,0.2857534905093382,0.1114726492949404,0.29228408015402296,0.07473983322985588,0.019931708454976466,0.0016019353705250096,0.014,114,0.10564622085543375,0.012870378963596822,1.8904086652653187,0.06612206572769953,1.179653587040591
syn_LEA_1,nardini_Iso point_zscore,0.1519646685953395,0.13238353735062883,0.15822914194659637,0.02984569888093629,0.06895042200210666,0.2724309474648197,0.246,50,0.11833434943435052,0.5075287650918678,0.2945393383080597,0.4871574803149606,0.3123306244606316
syn_LEA_1,nardini_PPII_zscore,-0.1290060754976821,0.1308519298672078,-0.14084076925178618,-0.08325635829393095,0.08817648977702505,0.25196416839076224,0.322,68,0.10688273618327941,0.49267548015450674,0.3074390514831182,0.5604359861591696,0.25147398600478954
syn_LEA_1,cider_kappa,-0.15124060564896818,0.12879226756546305,-0.1517420192013921,-0.12618973983109805,0.08982346521878842,0.25983300483139227,0.272,57,0.10617977638567293,0.4978895292578679,0.3028670069507815,0.5105074626865672,0.2919979049386627
syn_LEA_1,cider_omega,0.07774244311308041,0.10762365635485227,0.07002802649907112,0.018050809441399206,0.18861498062927654,0.531863547611706,0.462,82,0.1054907602225395,0.7268855983007042,0.13853393568333816,0.6784992700729927,0.16845061521639146
syn_LEA_1,cider_delta,-0.11232512388143263,0.12215589943466876,-0.10853755133577911,-0.4403512156645927,0.4668992471960419,0.39713768791816584,0.37,63,0.10265068355547506,0.6242508031963669,0.2046408901884278,0.608687557763017,0.21560557560873228
syn_LEA_1,cider_mean_net_charge,0.15594805960411526,0.21283069202943664,0.1639699103421688,0.4013319118066904,0.4976496358503099,0.46590904916139086,0.444,22,0.12195953231637194,0.6737824559356547,0.17148030144265558,0.6617244444444444,0.1793228219964965
syn_LEA_1,cider_fraction_neutral,-0.04516188018241044,0.2932988029811459,-0.051724765525483815,-0.00623857438880289,0.33952552984431705,0.8437076894215703,0.842,17,0.09341971773783786,0.9296494365368014,0.03168078959631647,0.9247292576419214,0.0339854014482923
syn_LEA_1,sparrow_SCD,0.18563324995684674,0.08370251508516592,0.18457150814092033,0.002314340830424457,0.007624643768993342,0.04931120549471503,0.024,114,0.10564622085543375,0.1695337138108404,0.7707439242097224,0.10187341772151899,0.9919391235785893
syn_LEA_1,sparrow_SHD,-0.44805692136141134,0.2878596454736406,-0.48181818181818187,-0.47629679380287193,0.33089101488239314,0.1334338382568288,0.168,11,0.12623809773169864,0.3330879436386347,0.477441086630265,0.3976658823529412,0.40048166760454007
syn_LEA_1,sparrow_complexity,-0.6347006536205326,0.13629107472656196,-0.6512315270935959,-1.585825515706969,0.24707362605194919,0.00013021907919318382,0.001,29,0.07317045299930541,0.001794525940662232,2.7460502593675,0.008902654867256637,2.050480462763511
syn_LEA_1,sparrow_scaled_rg,-0.02133891370292382,0.378601692971335,-0.049999999999999996,-0.012039449028040989,0.018662683879783058,0.8983528043506301,0.906,9,0.0865826019356635,0.9593873897842187,0.018005994211919906,0.9665281018027572,0.014785514340606707
syn_LEA_1,sparrow_scaled_re,-0.24027035685476175,0.23363829044744727,-0.26153846153846155,-0.004442226947838326,0.004124695630571322,0.3664111370667421,0.314,14,0.08640307850490393,0.5916687060820908,0.2279214003617802,0.5551564147627417,0.2555846376019476
syn_LEA_1,sparrow_prefactor,0.47705930815202086,0.21720406791567604,0.5107142857142856,0.040106633725899545,0.043038811785863176,0.05172549836826929,0.064,15,0.1266637930465247,0.17429047234926495,0.7587263531036327,0.20635897435897435,0.6853766393146471
syn_LEA_1,sparrow_scaling_exponent,-0.16006726695710052,0.312758463020066,-0.18131868131868134,-0.2437495403978002,0.7890950265427445,0.5532950092839335,0.61,13,0.0814065414962763,0.7411648193603689,0.13008520338480745,0.781732484076433,0.10694184101457696
syn_LEA_1,sparrow_asphericity,-0.05349807991592291,0.30917087009706945,-0.055944055944055944,-0.5473887193057722,0.8993420882576969,0.8628980736949712,0.808,12,0.06091696524285354,0.9374465033878413,0.028053506476368662,0.9051759465478842,0.04326699517280959
syn_LEA_1,mpipi_epsilon_self,0.3511262667500163,0.09190348058710748,0.3572274701576406,0.015439766128308335,0.011564561783421056,0.0008506186769157305,0.006,84,0.11314610544436068,0.007997405504460046,2.0970508827392,0.034101694915254235,1.4672240352582544
syn_LEA_1,calvados_epsilon_self,0.3456818599177184,0.09740817890119761,0.3462923649780587,0.017327329778416018,0.004124194615122402,0.0005480595669524261,0.001,96,0.10191832746006403,0.005569170953072128,2.2542094506618,0.008902654867256637,2.050480462763511
syn_LEA_1,avg_helix_prob,0.040217948434379196,0.0996136708501751,0.04204851752021563,0.09209753069083595,0.2157197776842966,0.6701808370244657,0.698,105,0.10297210683158863,0.8132713173059258,0.08976454425637959,0.8329632265717675,0.07937417128167266
syn_LEA_1,avg_beta_prob,-0.3244304642495015,0.09541122324435404,-0.32927016776574297,-0.6503945445235494,0.4732187563477166,0.000392666759885767,0.001,112,0.10532730158262507,0.0041581343204745436,2.3811014857359836,0.008902654867256637,2.050480462763511
syn_LEA_1,avg_coil_prob,0.07416333683046164,0.11650205490875241,0.07442803905844615,0.13976086415839678,0.2114214244621033,0.4958317645295922,0.528,86,0.09930829317534941,0.7025447255165771,0.1533260224168352,0.7218493539374891,0.14155342788754996
syn_LEA_1,avg_mito_targeting,0.292494943693037,0.33502944863051365,0.2978737164032316,0.37935439298230483,0.6169281743191258,0.4032038726329136,0.388,10,0.09844182597237125,0.6280402800539543,0.20201250141539664,0.619568253968254,0.20791084313946587
syn_LEA_1,avg_nes,-0.05272858705578938,0.09931417828318947,-0.05124512627598503,-0.4375216387641974,0.7872252652578502,0.6001378938341188,0.61,107,0.10099056537244275,0.774534559447483,0.11095919941221617,0.781732484076433,0.10694184101457696
syn_LEA_1,avg_nis,0.1969508292015721,0.0884057871670676,0.19919192264325009,0.4909877871702653,0.5569641108502383,0.03524357876345459,0.026,112,0.10539069422038251,0.1338986647402357,0.8732237538232333,0.10898333333333333,0.9626399130208795
Asyn_isoform_5,nardini_Frac A_raw,-0.01227579994434757,0.1290765755336387,-0.014731950373366904,-0.10346530290904196,0.5407148062652272,0.9095192837392921,0.918,62,0.11604425729271485,0.9610592725429953,0.017249826749212605,0.9680377358490566,0.014107712782944083
Asyn_isoform_5,nardini_Frac C_raw,-0.09965102514357645,0.17151663090293076,-0.10424385968707475,-5.782661214376432,8.299402900347761,0.5512120348420252,0.536,35,0.11479234330461706,0.7411648193603689,0.13008520338480745,0.7267061994609165,0.1386411348663484
Asyn_isoform_5,nardini_Frac D_raw,-0.023827797537590553,0.1315149981919157,-0.02484418129825507,-1.2792759396915425,1.3717640838506955,0.8492665871985375,0.852,61,0.1263229918211275,0.9316519020153933,0.030746325063286246,0.9276103896103897,0.03263439573349797
Asyn_isoform_5,nardini_Frac E_raw,0.005585777713470552,0.1311381450334187,0.001660986390302537,-0.8441301535232295,1.2725520614269048,0.9896070488217728,0.976,64,0.12496954084693798,0.9982817736644609,0.0007468580356622492,0.9927765419615774,0.003148493210578983
Asyn_isoform_5,nardini_Frac F_raw,0.0320692939229153,0.14804832603015067,0.03312454731578335,0.528166156692809,1.3113907094770032,0.8309709935796432,0.822,44,0.10822491188659851,0.9267813963870521,0.03302269254233068,0.9117221609702315,0.040137488800136276
Asyn_isoform_5,nardini_Frac G_raw,0.16883369592246436,0.19740043782377228,0.16304165208808452,0.1951458880398717,1.503863627446825,0.3646309815836041,0.384,33,0.10820797464499358,0.5906904468165953,0.22864005289096986,0.6190769230769231,0.20825538459498458
Asyn_isoform_5,nardini_Frac H_raw,-0.2206155663953959,0.19333792995882448,-0.22489152696810563,-2.616759180501182,1.9684705583180142,0.25940552981993253,0.27,27,0.11324534524572992,0.4978895292578679,0.3028670069507815,0.5086516853932584,0.2935795121496605
Asyn_isoform_5,nardini_Frac I_raw,0.02700495457006669,0.13317106318072877,0.02811129832709707,1.8317779050160043,2.001158573326627,0.8340812281477807,0.822,58,0.1226779267909683,0.9283560508381817,0.032285427598120454,0.9117221609702315,0.040137488800136276
Asyn_isoform_5,nardini_Frac K_raw,0.15007970627603498,0.1262051136124017,0.14701706595774233,1.4319672028277524,0.8167356038033431,0.2351471957887657,0.242,67,0.11614463575994642,0.47686240829665044,0.321606912233376,0.48303968253968255,0.3160171897451854
Asyn_isoform_5,nardini_Frac L_raw,-0.013507987133968755,0.12746051798907157,-0.019516815673177694,-0.6037042704300589,1.9494329102234653,0.8823344849187376,0.918,60,0.10775410629916934,0.9503517043129015,0.022115642105461436,0.9680377358490566,0.014107712782944083
Asyn_isoform_5,nardini_Frac M_raw,-0.05586115507194292,0.1179655062275196,-0.06102011790149711,-1.0036479627257124,1.7595261701411948,0.600533753845961,0.628,76,0.11973157243610459,0.774534559447483,0.11095919941221617,0.7926825595984944,0.10090069693900759
Asyn_isoform_5,nardini_Frac N_raw,-0.060090208801906186,0.13099642076258183,-0.06882549258907529,-0.3263633056049565,0.542712368494998,0.5981593444616047,0.652,61,0.12333023093115997,0.774534559447483,0.11095919941221617,0.811729397293973,0.09058872549849928
Asyn_isoform_5,nardini_Frac P_raw,0.1399580774718414,0.1862167688165925,0.1449086424221743,1.2383411549739394,1.2253809921460233,0.4366985536853061,0.47,31,0.10602915490589442,0.6518082270139731,0.18588016224426768,0.6822799422799423,0.1660373959561807
Asyn_isoform_5,nardini_Frac Q_raw,-0.15773013936384933,0.12463730604261823,-0.165402913316322,-0.3719253552355449,0.6848758064169358,0.19149775819799947,0.21,64,0.12396044439464764,0.42433203688807813,0.37229417794710806,0.4485350318471338,0.3482036316750683
Asyn_isoform_5,nardini_Frac R_raw,-0.1643996866640311,0.12202419299105267,-0.17183790370715563,0.07151345320865525,1.1362766830609543,0.17108504598439944,0.19,65,0.1094035798329506,0.3947512758263896,0.40367645768834337,0.42101321585903084,0.37570427118436633
Asyn_isoform_5,nardini_Frac S_raw,0.06362084957747735,0.1389683354797229,0.06602436950807644,-0.03743866265000618,0.586699021651215,0.6385577966380049,0.626,53,0.12351940112590379,0.795036068586427,0.09961316815771219,0.7921459119496855,0.10119481472613201
Asyn_isoform_5,nardini_Frac T_raw,0.041431595097499226,0.129192318719,0.047982763488195225,-0.2511113818118525,0.7923539725844606,0.7279327699936118,0.752,55,0.13055979952788382,0.8515120542018295,0.06980919968460544,0.8665658648339061,0.06219842239401889
Asyn_isoform_5,nardini_Frac V_raw,0.22797003595581528,0.13863753659589043,0.23261008013853185,0.6754400653694644,1.449189677788905,0.11562123746688341,0.122,47,0.1088664275289254,0.30587796195610983,0.5144518121478261,0.32128795811518324,0.49310555151705193
Asyn_isoform_5,nardini_Frac W_raw,-0.06344263771536636,0.17718065406234698,-0.07556274864377122,-0.11775974996703986,3.0204105273036475,0.621777562098253,0.7127127127127127,45,0.10511060842040898,0.7809091479036735,0.10739948963003862,0.840098245614035,0.0756699222320897
Asyn_isoform_5,nardini_Frac Y_raw,-0.0009468920788337712,0.14942563189003774,-0.002025733972011446,1.5649727382880674,2.581029923185605,0.9886283917443063,0.994,52,0.10404920887193342,0.9982817736644609,0.0007468580356622492,0.9959800796812749,0.0017493476917786307
Asyn_isoform_5,nardini_Frac K+R_raw,0.0291938905968458,0.21442519875589883,0.03359628678705278,1.1800517196431501,1.1937605671563278,0.8705746460656428,0.894,26,0.14663134899473726,0.9437479460582292,0.02514398054585244,0.9577891373801918,0.01873009275028462
Asyn_isoform_5,nardini_Frac D+E_raw,-0.1120825020635717,0.20378670262247695,-0.10560648314392336,-0.9893260520026889,1.017066883816161,0.6076396212817758,0.608,26,0.14663134899473726,0.77474011345664,0.1108439571327223,0.7811596424010216,0.1072602020652999
Asyn_isoform_5,nardini_Frac Polar_raw,-0.12652881415639555,0.15819571826491374,-0.12865410626753995,-0.3545836407025804,0.3258423996260285,0.44142346435253255,0.416,38,0.12917660361025615,0.6548699732415173,0.18384492216010662,0.6369802130898021,0.19587405821312945
Asyn_isoform_5,nardini_Frac Aliphatic_raw,0.24033032731586323,0.22042641357525028,0.2505688622243032,1.616610092233806,1.1636907587645322,0.24883420207281337,0.272,23,0.09649948050698405,0.4908376613436279,0.30906212180849957,0.5105074626865672,0.2919979049386627
Asyn_isoform_5,nardini_Frac Aromatic_raw,-0.18685187699920933,0.19484677342479576,-0.18822282904914456,-0.95059159482659,2.3552684399274906,0.3022386780893526,0.358,32,0.1144277269808928,0.5355344275691135,0.2712126047150656,0.5962715231788079,0.22455593125734888
Asyn_isoform_5,nardini_R/K Ratio_raw,-0.18485005474207777,0.11900030340911204,-0.19104367241708098,-0.07428552731638546,0.04391371554498235,0.115844436883974,0.124,69,0.11669412160078023,0.30587796195610983,0.5144518121478261,0.3223359173126615,0.4916912991367678
Asyn_isoform_5,nardini_E/D Ratio_raw,-0.01619916458391392,0.13062825888679552,-0.015351560197907845,0.024297292192632124,0.1520037622051381,0.9049456274104262,0.876,63,0.1186443337411884,0.9610016379367508,0.017275872116796633,0.9425197860962566,0.025709523984528474
Asyn_isoform_5,nardini_Frac Chain Expanding_raw,0.009719382303462329,0.16804109009324603,0.006413273483417426,0.11934265095028916,0.34415964808423166,0.9717438771330054,0.94,33,0.12044710429121616,0.9920015720020221,0.003487639628822553,0.9718807810894141,0.01238700594874469
Asyn_isoform_5,nardini_FCR_raw,0.007895293727996397,0.26734532344655426,0.002952049618466984,-0.017753009487975844,0.46158739450873726,0.9913429194371242,0.972,16,0.1460764417598579,0.9982817736644609,0.0007468580356622492,0.9907112462006078,0.004052907023453609
Asyn_isoform_5,nardini_NCPR_raw,0.037491923191990725,0.09405576343010112,0.039688784101273356,1.0530946807725616,0.9496839971411367,0.65646588369266,0.674,128,0.10880021661145742,0.8024358189487436,0.09558969361601594,0.8218715151515152,0.08519607129469663
Asyn_isoform_5,nardini_Hydrophobicity_raw,0.40289745199845767,0.22372000826371563,0.44755244755244755,0.2636364416249643,0.31489739545998785,0.14458630130334754,0.104,12,0.12355292709965891,0.35218842399798456,0.4532249228616977,0.2930644257703081,0.5330368960935042
Asyn_isoform_5,nardini_Disorder Promoting_raw,-0.003882269671652688,0.1395299955416454,-0.003948091672008622,-0.07624080064630587,0.3279122949917116,0.97717770846608,0.99,55,0.11002455682060075,0.9920015720020221,0.003487639628822553,0.9949450549450549,0.0022009021618601445
Asyn_isoform_5,nardini_Iso point_raw,0.14332644034054648,0.2492021676669605,0.1483435417237011,0.04606890400843693,0.0367424031034667,0.5325195685364006,0.568,20,0.1356854123898347,0.7268855983007042,0.13853393568333816,0.7548322324966974,0.12214956306914534
Asyn_isoform_5,nardini_PPII_raw,0.14069662978783953,0.22004651401742842,0.15194805194805194,0.810341107795981,1.41824137875017,0.5108526218124549,0.5,21,0.09058778406540267,0.7139204013808785,0.14635020722680916,0.7074542897327708,0.15030161567383887
Asyn_isoform_5,nardini_A Patch_raw,0.1022113272341561,0.2391849076879115,0.11968008155646091,-0.19406272627253518,2.031410265104121,0.6472988528258172,0.656,17,0.08074999955313765,0.8017263703271368,0.0959738313842605,0.811729397293973,0.09058872549849928
Asyn_isoform_5,nardini_D Patch_raw,-0.13790323118769207,0.45452924673326156,-0.11927107455535574,7.492237277393648,88.65711150988933,0.7598849640272775,0.821285140562249,9,0.1643807276305627,0.8726532806066679,0.059158274311548444,0.9117221609702315,0.040137488800136276
Asyn_isoform_5,nardini_E Patch_raw,-0.03998304351968734,0.25133761004551475,-0.03649024410350015,-0.43025717725636375,1.0604215265904622,0.8786097509977658,0.864,20,0.137789299925223,0.9483706110555284,0.023021912785554995,0.9366206896551724,0.028436253020060177
Asyn_isoform_5,nardini_G Patch_raw,0.19339712853947072,0.3094703867002456,0.2439750182371333,1.6888595948205667,5.642288385091292,0.560375584963329,0.45245245245245247,8,0.1556965997544948,0.7446999187227331,0.1280186935559464,0.6713380046713381,0.1730587665617549
Asyn_isoform_5,nardini_P Patch_raw,-0.05006701977501018,0.5334498004970092,-0.10714285714285716,0.5056664679260758,2.494478870215167,0.8191508555699912,0.866,7,0.0656173054913317,0.9186909260907594,0.03683057312967248,0.9377782561894511,0.027899841256386497
Asyn_isoform_5,nardini_R Patch_raw,-0.12385762785139937,0.3959649180421291,-0.11468372553399589,-1.5325363781788073,1.9492391750541747,0.7370491188507381,0.758,11,0.056206750526958345,0.8581053430477582,0.06645939385753005,0.8714834285714287,0.059740866670351056
Asyn_isoform_5,nardini_S Patch_raw,0.08401256041642015,0.11299867300067397,0.087047983386773,0.34414116197552014,0.46441821876314615,0.42272105732680765,0.468,87,0.10376127322633376,0.644329369198134,0.19089207261144858,0.6803583815028902,0.16726226066272518
Asyn_isoform_5,nardini_Frac A_zscore,0.019113724840318688,0.13474811189939936,0.008662746242957403,0.008101680910959882,0.022951637113180316,0.9476238366879007,0.872,60,0.11637976615561797,0.9797631857225366,0.008878883044548588,0.941236051502146,0.026301446701505533
Asyn_isoform_5,nardini_Frac C_zscore,0.18183549607152538,0.15870579944661073,0.1543033499620919,0.1225354501560634,0.06856512766235895,0.6147373473434845,0.1557632398753894,13,0.1340517390888842,0.7801248756453494,0.10783587363912402,0.375444976076555,0.425453702700665
Asyn_isoform_5,nardini_Frac D_zscore,0.13243727309770634,0.09558324183145066,0.1380581347360977,0.03612414010802635,0.0685298966828142,0.12468752767924723,0.154,125,0.1023281279628911,0.31998891031970084,0.49486507252514095,0.37241346153846155,0.4289746290703711
Asyn_isoform_5,nardini_Frac E_zscore,0.06466364531057167,0.13649778050513992,0.06527151116648973,0.015509206600610878,0.07337140825564695,0.6172342855692771,0.68,61,0.11250227677539128,0.7801248756453494,0.10783587363912402,0.8254976076555025,0.08328418101235605
Asyn_isoform_5,nardini_Frac F_zscore,0.12212941874740053,0.09753459067994541,0.126422473707208,0.04019666190630754,0.026648583449984185,0.2031948760797473,0.216,103,0.10439785060728096,0.4358508429343833,0.3606621097531186,0.45746526315789476,0.33964187775402704
Asyn_isoform_5,nardini_Frac G_zscore,0.15896472627185843,0.1993276918660031,0.16304165208808452,0.005190669960858954,0.0639459083824749,0.3646309815836041,0.416,33,0.10820797464499358,0.5906904468165953,0.22864005289096986,0.6369802130898021,0.19587405821312945
Asyn_isoform_5,nardini_Frac H_zscore,0.026567563987662475,0.10169138797107066,0.023454290810933306,-0.04293799825289558,0.05486326996669053,0.8069654600109447,0.778,111,0.10665993248203594,0.9100978170078592,0.040911927345142506,0.8843706214689266,0.05336569298822787
Asyn_isoform_5,nardini_Frac I_zscore,0.06872671374262833,0.1051124761621848,0.06894577243810701,0.07158178443575403,0.05977024462916317,0.49994617150808696,0.488,98,0.1141196294969184,0.7044059503321226,0.1521769840711838,0.6953654390934845,0.15778689832918452
Asyn_isoform_5,nardini_Frac K_zscore,0.35041032647212317,0.09582365320383328,0.3521916034111417,0.1490855433968453,0.044862229183470596,7.444996676367041e-05,0.001,121,0.10562201961503755,0.0011178606949888423,2.9516123137726122,0.008902654867256637,2.050480462763511
Asyn_isoform_5,nardini_Frac L_zscore,-0.20371215974161397,0.10640077147470385,-0.20505930089153526,-0.07698025886560064,0.049821401209216284,0.0645914063033992,0.06,82,0.13119995973045956,0.20760049438089329,0.6827716165912182,0.19855263157894737,0.7021243525052016
Asyn_isoform_5,nardini_Frac M_zscore,-0.06110414659175039,0.11655494319892602,-0.06102011790149711,-0.01995483506930435,0.034659894703044064,0.600533753845961,0.618,76,0.11973157243610459,0.774534559447483,0.11095919941221617,0.7879695817490494,0.10349054740069588
Asyn_isoform_5,nardini_Frac N_zscore,-0.0895129102663344,0.10202989721581243,-0.09474985904192997,-0.03609344572631518,0.04686976347923071,0.33398482101650306,0.378,106,0.10096640535124839,0.5630561961267524,0.2494482579909238,0.6123478260869565,0.21300181961944628
Asyn_isoform_5,nardini_Frac P_zscore,0.1442492138799054,0.18427642342818312,0.1449086424221743,0.061187220038874814,0.05942531739560082,0.4366985536853061,0.404,31,0.10602915490589442,0.6518082270139731,0.18588016224426768,0.6320746500777605,0.19923162709370848
Asyn_isoform_5,nardini_Frac Q_zscore,0.034699018668048164,0.09957789280551353,0.032426042220714046,0.029033437887220796,0.04945285410531548,0.7378341170341063,0.738,109,0.10879643660965574,0.8581053430477582,0.06645939385753005,0.8582982658959537,0.06636176492186409
Asyn_isoform_5,nardini_Frac R_zscore,0.16388789880840296,0.19449576927086512,0.17749643549754107,0.10237855518474519,0.10056351856027312,0.31525146355486516,0.388,34,0.11233163160913887,0.5486902635574297,0.2606727462387638,0.619568253968254,0.20791084313946587
Asyn_isoform_5,nardini_Frac S_zscore,0.1367469125334828,0.08939897147466408,0.13563625066596635,0.052079405415878764,0.04124295020109751,0.12993791949044986,0.118,126,0.10942300133729917,0.32843604775726776,0.4835491826034411,0.3132137203166227,0.5041592219420383
Asyn_isoform_5,nardini_Frac T_zscore,0.14079281164621651,0.09108936420236,0.14484293579187296,0.04316734822692012,0.04487221074198971,0.10421845110000989,0.142,127,0.10804045242366939,0.28412943579027083,0.5464837710674135,0.35712999999999995,0.4471736662249974
Asyn_isoform_5,nardini_Frac V_zscore,-0.061834419653824683,0.08301172953684219,-0.06494262718139118,-0.02857939562443223,0.049773235213008624,0.4847483946053167,0.456,118,0.11011772985033025,0.6936797794778785,0.1588409648476907,0.6746117647058824,0.17094608932189273
Asyn_isoform_5,nardini_Frac W_zscore,-0.28546529684697497,0.36739340905115603,-0.3349469226516178,-0.023260469542398587,0.050598458670566615,0.4627290357186038,0.34454638124362896,7,0.08260832765802052,0.673669189483235,0.17155331481653618,0.5835246793452706,0.2339407713635787
Asyn_isoform_5,nardini_Frac Y_zscore,0.1697829881736266,0.25675085963726674,0.17617579500178854,0.05694516543470336,0.08075243940962387,0.5468585316104515,0.504,14,0.10789730254200335,0.7384425272484755,0.13168330004077924,0.7091244755244756,0.14927752463564672
Asyn_isoform_5,nardini_Frac K+R_zscore,0.0853882885597347,0.09812572692158945,0.08647977347157786,0.1542348586808037,0.11995217467822669,0.3375800140498526,0.394,125,0.10671020562349127,0.5650673779270411,0.24789976436237957,0.6241952755905512,0.20467952274649293
Asyn_isoform_5,nardini_Frac D+E_zscore,0.010656561126133043,0.22915218936412682,0.023315717057749315,-0.004349389350812488,0.09450502679774953,0.9099866880590284,0.954,26,0.11433354693600102,0.9610592725429953,0.017249826749212605,0.9823172978505629,0.007748208294769395
Asyn_isoform_5,nardini_Frac Polar_zscore,0.07113673684488277,0.09389446013956171,0.0746128763633567,-0.010888964296577019,0.04641669771762665,0.4025728968838822,0.456,128,0.10880021661145742,0.6280402800539543,0.20201250141539664,0.6746117647058824,0.17094608932189273
Asyn_isoform_5,nardini_Frac Aliphatic_zscore,-0.006173034167111853,0.11266989687591814,-0.011860958890609638,-0.0027838495505737473,0.06298083653863797,0.9077198839689928,0.94,98,0.12472121896950787,0.9610592725429953,0.017249826749212605,0.9718807810894141,0.01238700594874469
Asyn_isoform_5,nardini_Frac Aromatic_zscore,-0.12153180500907501,0.3146269132532288,-0.11893992847999507,-0.011791888360196671,0.08644446743956374,0.6728841160066614,0.712,15,0.09761037256871448,0.8145865471753325,0.08906276652569373,0.840098245614035,0.0756699222320897
Asyn_isoform_5,nardini_R/K Ratio_zscore,-0.23168980266329078,0.12562156074568143,-0.23695369762472226,-0.029095150622902903,0.016302768581517788,0.06596485792000857,0.078,61,0.10962489295990467,0.21066872084929722,0.6763999417102277,0.2406993865030675,0.61852501665755
Asyn_isoform_5,nardini_E/D Ratio_zscore,0.03183543868696626,0.13545683390467084,0.03272663370756058,0.01962874707083378,0.047716735234310505,0.8125047416135006,0.822,55,0.10677098598029736,0.9142950448134022,0.03891363396285723,0.9117221609702315,0.040137488800136276
Asyn_isoform_5,nardini_Frac Chain Expanding_zscore,0.12285274962116859,0.10843173276851943,0.12438301502563322,0.025729495451547825,0.04673816057733931,0.22236043950131348,0.276,98,0.12472121896950787,0.45651959620065585,0.3405405755466581,0.5151317254174397,0.2880817024016124
Asyn_isoform_5,nardini_FCR_zscore,0.0047604632794308556,0.10763594150098525,-0.00010724771188106943,0.013996790715362542,0.0922970651017096,0.999172559202443,0.992,96,0.12162782936546442,1.0,-0.0,0.9959600798403194,0.0017580686571396374
Asyn_isoform_5,nardini_NCPR_zscore,0.03382373318065594,0.09317448891139311,0.03788526688625757,0.146689308019843,0.12825777484689696,0.6748759693168904,0.722,125,0.10641404693136229,0.8160158955922978,0.08830138131870753,0.8445720930232558,0.07336327295402004
Asyn_isoform_5,nardini_Hydrophobicity_zscore,0.09515130214658714,0.10767303516438291,0.0956335312310947,0.037503138723154916,0.0627835450148993,0.3645000795423753,0.37,92,0.12066723849465112,0.5906904468165953,0.22864005289096986,0.608687557763017,0.21560557560873228
Asyn_isoform_5,nardini_Disorder Promoting_zscore,0.2077882459320822,0.08771844972873488,0.20709638631129068,0.03039937155441553,0.018894413603097564,0.018999966215944734,0.022,128,0.10880021661145742,0.08515764273980052,1.0697763688314854,0.09498712446351931,1.0223352594839041
Asyn_isoform_5,nardini_Iso point_zscore,-0.07289757241762163,0.10725657515304893,-0.07184200316505411,0.09508575782187197,0.10667572469662831,0.4203188906785047,0.488,128,0.10880021661145742,0.6427962922351627,0.19192663699029416,0.6953654390934845,0.15778689832918452
Asyn_isoform_5,nardini_PPII_zscore,0.19594646789672482,0.0975664518956317,0.20001349273391217,0.11668699412067887,0.049411109394115825,0.023597489815365056,0.046,128,0.10880021661145742,0.09974401157250944,1.0011131690154946,0.1646832740213523,0.7833505075035972
Asyn_isoform_5,nardini_S Patch_zscore,-0.13466968539936483,0.13265235163560715,-0.13280450988003625,-0.050509803185201804,0.09123750494748871,0.2766698175620485,0.32,69,0.10090348079860767,0.5114214753473963,0.29122103925640014,0.5588888888888889,0.2526745243833975
Asyn_isoform_5,cider_kappa,0.1187670075725698,0.15489633373079514,0.12165014026071545,-0.014454964335255933,0.11045337753313048,0.41532096692225406,0.466,47,0.12070354040057683,0.6388576341342318,0.19459591116631764,0.6803583815028902,0.16726226066272518
Asyn_isoform_5,cider_omega,-0.010830169298035543,0.10146643710943584,-0.00519236364464663,0.09828633979796618,0.11946632162358209,0.9606033666734776,0.918,93,0.10912929139011936,0.9888356941295436,0.004875865188401373,0.9680377358490566,0.014107712782944083
Asyn_isoform_5,cider_delta,0.14465360326453622,0.14324400570225082,0.14816330115330453,0.7647291194609008,0.8092460219791457,0.2627528392570263,0.302,59,0.12430723266602282,0.5025272933318792,0.2988403458049226,0.5444659498207886,0.2640292752605195
Asyn_isoform_5,cider_mean_net_charge,-0.15025138796670406,0.2380030048258554,-0.15967317964102545,0.3607652685348429,1.5760240202207767,0.4667660509839908,0.512,23,0.13040369578678374,0.6737824559356547,0.17148030144265558,0.7153777777777778,0.1454645547355291
Asyn_isoform_5,cider_fraction_neutral,-0.026553784021819217,0.29249177814964217,-0.033149677206589796,-0.023488985321753364,0.42466360371289896,0.9104269251823802,0.912,14,0.15805825819818034,0.9610592725429953,0.017249826749212605,0.9677974683544304,0.01421551828974149
Asyn_isoform_5,sparrow_SCD,-0.34274164620603215,0.0825318330667153,-0.3475459204911899,-0.005392469058315584,0.01390825747681095,5.832239431980056e-05,0.001,128,0.10880021661145742,0.0009069465740815684,3.0424182953709464,0.008902654867256637,2.050480462763511
Asyn_isoform_5,sparrow_SHD,0.20900023664197423,0.294451597102541,0.22058823529411767,0.2260621083141427,0.17656413048394792,0.4116664304979635,0.494,16,0.11457624372870076,0.635178572210048,0.19710416128609637,0.7009365303244006,0.15432130553951098
Asyn_isoform_5,sparrow_complexity,-0.023416714247517626,0.14215848110089171,-0.02156062424969988,0.03840800240224689,0.6642674476208019,0.8818552524140808,0.85,50,0.11143753465565841,0.9503517043129015,0.022115642105461436,0.9264355362946912,0.03318479459171073
Asyn_isoform_5,sparrow_scaled_rg,0.3265769061299017,0.1463500529021633,0.33854827343199434,0.040103374986558,0.026041936653376258,0.024584933730604167,0.034,44,0.12477678841288364,0.10289507843202855,0.9876053974526171,0.13206177606177608,0.8792228663190881
Asyn_isoform_5,sparrow_scaled_re,0.06464344643947857,0.11706103702581919,0.06829268292682927,0.002168026251270279,0.003920747354642169,0.5446549443231512,0.554,81,0.11675518674611375,0.7364554757917878,0.1328535043575988,0.7430986666666668,0.12895351794336163
Asyn_isoform_5,sparrow_prefactor,0.2667065047933476,0.09876740817857507,0.26531294792164356,0.01051793050394949,0.013989705063681733,0.011032694569644787,0.008,91,0.11965254585573322,0.05605500372253867,1.251385614253758,0.04421978021978022,1.3543834202732226
Asyn_isoform_5,sparrow_scaling_exponent,-0.12198586796736592,0.11195707462370161,-0.1263031275060144,-0.2772843594839229,0.46187540715287845,0.24373051897573295,0.27,87,0.12059827983007873,0.4855304991873016,0.3137834841643825,0.5086516853932584,0.2935795121496605
Asyn_isoform_5,sparrow_asphericity,-0.304948140031213,0.1204528060130418,-0.30758793445360616,-0.7327799545131124,2.0118241271163058,0.011993272999875217,0.018,66,0.11661725861676404,0.05966096905099387,1.224309696832464,0.08120179372197309,1.090434377224946
Asyn_isoform_5,mpipi_epsilon_self,0.16963059216754778,0.10415329380323461,0.17680132722355285,0.013395485167071043,0.008946067641424015,0.07258886796045709,0.102,104,0.11935175399827981,0.22538395422290072,0.6470770059496458,0.29097652893686893,0.5361420411319786
Asyn_isoform_5,calvados_epsilon_self,0.1627535942778864,0.08541932598260521,0.16311200639805606,0.005789325094509964,0.0026198070351571285,0.08020784858345077,0.062,116,0.1090681290309902,0.24158411878727987,0.6169316186839614,0.2025064935064935,0.6935610462822818
Asyn_isoform_5,avg_helix_prob,-0.24548916402513218,0.09024912126285048,-0.24596099714465078,-0.6639516185907601,0.5134234259033499,0.008343193694050769,0.006,114,0.11183090308912787,0.0458647697060933,1.3385207828088206,0.034101694915254235,1.4672240352582544
Asyn_isoform_5,avg_beta_prob,-0.23249766460303792,0.09409503983409097,-0.23903746635551223,-2.218714577971751,2.26141117458542,0.00913724591080437,0.012,118,0.11323041325737046,0.048379312559311556,1.3153403069914755,0.05888780487804878,1.229974634288221
Asyn_isoform_5,avg_coil_prob,0.20541884357887136,0.29829854848139914,0.20357142857142854,0.06546831031672923,1.4541193091091535,0.46679507248911234,0.52,15,0.1235679590381794,0.6737824559356547,0.17148030144265558,0.7215448275862069,0.14173668221628596
Asyn_isoform_5,avg_mito_targeting,0.029479464511389372,0.08416190366616816,0.03184981938021979,0.03795207924707482,0.12553262056546527,0.7331817892376638,0.714,117,0.1142801756773688,0.8557309694783823,0.06766275031737276,0.840098245614035,0.0756699222320897
Asyn_isoform_5,avg_nes,0.04793576105476195,0.10022210724259815,0.05235940530058177,0.14811035680392856,1.7809520301963897,0.5733664246345409,0.632,118,0.11132318455996727,0.7559719832009806,0.12149429942826478,0.7967318295739348,0.09868783234843581
Asyn_isoform_5,avg_nis,0.29083500343877894,0.08758736063189872,0.29115216334467664,1.3919381020787505,0.5137933608622901,0.0012543636917120267,0.002,120,0.11132541956232907,0.011069209419844727,1.95588339600111,0.014794117647058824,1.8299109319863278
A0A4D6M434,nardini_Frac A_raw,0.4436729802598212,0.07469751202775146,0.4440798081784316,0.8567862719237348,0.15643340476991874,1.3529371491170544e-07,0.001,129,0.09777512652122915,7.16344616848293e-06,5.144877998377094,0.008902654867256637,2.050480462763511
A0A4D6M434,nardini_Frac C_raw,-0.012008354092477734,0.21383649424705256,-0.009331398132905745,0.10555374473407844,0.8115886594741158,0.9654825575554551,0.968,24,0.1302315277960043,0.9900871079518735,0.004326594454354891,0.9906490335707019,0.004080179803833383
A0A4D6M434,nardini_Frac D_raw,0.07732856497099655,0.07733061523543719,0.08286970185965246,0.00885250816198023,0.48356761150797534,0.3251284152708248,0.324,143,0.10512651104111931,0.5543490370661289,0.25621670252738754,0.5610051635111877,0.25103314146380995
A0A4D6M434,nardini_Frac E_raw,0.09908411577169872,0.07944014120492833,0.09363477161783243,0.4666745989527252,0.3141798344627241,0.2576569353927642,0.2,148,0.10510323084685705,0.49568963752410905,0.3047901599997077,0.43455723542116637,0.36195301463406326
A0A4D6M434,nardini_Frac F_raw,0.13595325274665748,0.21157982660643723,0.13338261166766893,0.5633957493461996,4.7213133258444255,0.49862865464680683,0.482,28,0.14281929866090254,0.7044059503321226,0.1521769840711838,0.6917146932952924,0.16007299900790048
A0A4D6M434,nardini_Frac G_raw,-0.23116459552442206,0.1141499295405819,-0.23342601479648462,-1.6291308481759907,0.8444949907816777,0.05180203899843958,0.044,70,0.09934453743619391,0.17429047234926495,0.7587263531036327,0.15979783393501804,0.7964291118583525
A0A4D6M434,nardini_Frac H_raw,-0.43678478013849636,0.1332123976877561,-0.44834879193654004,-4.489256280679332,1.6425430536196601,0.0002576974192304631,0.006,62,0.10498048884699611,0.0030862333779267366,2.510571236110359,0.034101694915254235,1.4672240352582544
A0A4D6M434,nardini_Frac I_raw,-0.05959841429561671,0.08780481421888713,-0.06517304170545098,-0.3110360822000097,0.9069450527061237,0.4595566101863299,0.492,131,0.10465502003581978,0.673669189483235,0.17155331481653618,0.6990847457627118,0.15547017420250012
A0A4D6M434,nardini_Frac K_raw,0.0699023930044061,0.09240736737390647,0.0785726596648627,0.1493043933803789,0.27129194808567497,0.36142412477067054,0.434,137,0.09663729853925832,0.590589231251678,0.22871447618335358,0.6516477611940299,0.1859870924684071
A0A4D6M434,nardini_Frac L_raw,-0.06018063415243154,0.09479576254601065,-0.056324271131810454,0.0746988530287093,1.0798495820635616,0.5429069012333786,0.528,119,0.09712825465416192,0.7364554757917878,0.1328535043575988,0.7218493539374891,0.14155342788754996
A0A4D6M434,nardini_Frac M_raw,-0.0771804886818496,0.07634193426125346,-0.07619272863785236,-0.41391547964446557,0.7244544993738234,0.31486314718255604,0.296,176,0.09021065979317452,0.5486902635574297,0.2606727462387638,0.5384737793851718,0.26883543952585104
A0A4D6M434,nardini_Frac N_raw,-0.13155196882681888,0.08564093801406072,-0.13182505999847866,-0.39484729617261927,0.3169073045724584,0.13338031643878312,0.104,131,0.09754468883140785,0.3330879436386347,0.477441086630265,0.2930644257703081,0.5330368960935042
A0A4D6M434,nardini_Frac P_raw,-0.5560288509072713,0.09211817528397173,-0.5652910175594466,-4.043005884401759,0.8270269941385422,7.607176617194373e-07,0.001,66,0.10325730185838639,2.7331498846062636e-05,4.5633365511567625,0.008902654867256637,2.050480462763511
A0A4D6M434,nardini_Frac Q_raw,-0.17445090495369772,0.08493092375516996,-0.1723327773047175,-0.4881619765103691,0.3556397090439451,0.04249602182927654,0.048,139,0.09913961117190451,0.15378056820234604,0.8130985387586334,0.17002816901408452,0.7694791219515419
A0A4D6M434,nardini_Frac R_raw,-0.15094310057420518,0.09136242290233655,-0.15295129455956588,0.03697300587604468,0.44151520801419736,0.07436518186964475,0.094,137,0.09656177081053448,0.2273901913704031,0.6432282728302675,0.27569679300291544,0.5595682857231633
A0A4D6M434,nardini_Frac S_raw,-0.10431923923789421,0.09179326794876601,-0.10148546798959261,-1.0026072290607932,0.540684295666967,0.2826419164002322,0.254,114,0.0939001098911717,0.517065600325913,0.2864543542905478,0.49616310679611647,0.3043755317013444
A0A4D6M434,nardini_Frac T_raw,-0.39253727459502386,0.09583482524484507,-0.3958550932532331,-1.9819223352891453,0.7892723198113303,2.6672772857929586e-05,0.001,106,0.0976153839075237,0.0004925228816616546,3.3075735882149906,0.008902654867256637,2.050480462763511
A0A4D6M434,nardini_Frac V_raw,0.14721009479535013,0.09359957315351114,0.14688600534086296,0.430303309740422,1.0384662290820181,0.10074050976063276,0.116,126,0.09596444681521865,0.2807339413274143,0.5517050770695584,0.3120213903743316,0.5058156322536531
A0A4D6M434,nardini_Frac W_raw,-0.26758256594089846,0.24647258215797493,-0.2686361665912162,-4.415416977321882,3.269953806770143,0.26611204723745485,0.262,19,0.0900450430261768,0.5051107915488294,0.296613352810077,0.503,0.2984320149440726
A0A4D6M434,nardini_Frac Y_raw,-0.27357597085194735,0.30516783152123883,-0.2904737509655563,-20.027167582105815,10.534561263226882,0.2935964391211264,0.3711967545638945,15,0.10147513209674956,0.5264848801352107,0.27861409659270914,0.6091744454996377,0.21525832334530695
A0A4D6M434,nardini_Frac K+R_raw,-0.005819838749291854,0.1280682277853582,-0.0003032158332477781,0.2018101134294902,0.3544771359580171,0.9981338020864773,0.976,62,0.10636958344441379,1.0,-0.0,0.9927765419615774,0.003148493210578983
A0A4D6M434,nardini_Frac D+E_raw,0.16186356469387891,0.12538732780384063,0.15839927430966216,0.306541906065564,0.270575878753343,0.21125254121254594,0.19,64,0.10308759124284243,0.4446026285770318,0.35202797399617,0.42101321585903084,0.37570427118436633
A0A4D6M434,nardini_Frac Polar_raw,-0.3999645151029518,0.09665241362111876,-0.4067387268045642,-0.5832849630604864,0.18374214389682797,3.238531662353369e-05,0.001,98,0.09389852502962609,0.0005817790807727659,3.2352418988818257,0.008902654867256637,2.050480462763511
A0A4D6M434,nardini_Frac Aliphatic_raw,0.6491048245359375,0.09722214926547394,0.6612522915849317,1.3263891252573103,0.20746224529182647,4.2011987048551885e-07,0.001,47,0.11021329097338321,1.7610024571184665e-05,4.754240038063247,0.008902654867256637,2.050480462763511
A0A4D6M434,nardini_Frac Aromatic_raw,-0.15187058403753317,0.19910610587776084,-0.14406573463675648,-1.1567995772028241,1.8715759926359805,0.4162910826937162,0.452,34,0.13490998932132878,0.639372258305158,0.19424621123974722,0.6713380046713381,0.1730587665617549
A0A4D6M434,nardini_R/K Ratio_raw,-0.04878971583516745,0.06452166465043585,-0.0479492102301474,-0.01260501331134909,0.0332519744009955,0.4512984741598173,0.464,249,0.09077083081287025,0.6666758663799943,0.17608526601993188,0.6794526928675401,0.16784077578476095
A0A4D6M434,nardini_E/D Ratio_raw,0.022186155420641056,0.08050167293619279,0.02181750350403269,0.04568285838369326,0.06701283979922237,0.7959127315947075,0.776,143,0.10586999650902218,0.9003515701450415,0.045587873716425115,0.8843706214689266,0.05336569298822787
A0A4D6M434,nardini_Frac Chain Expanding_raw,-0.1404511394118062,0.13961901284196848,-0.1402036719579382,-0.10180349163764224,0.16623941640927828,0.3166740078827345,0.31,53,0.0875334434732569,0.5487939124506639,0.2605907147279596,0.5529432624113475,0.25731942942916103
A0A4D6M434,nardini_FCR_raw,0.051374474042384564,0.14743556763488364,0.04944339056031323,0.010897373791645763,0.21447887796930437,0.7470434337223046,0.7,45,0.09553827617673867,0.8652634886051478,0.06285162175804897,0.8333727810650887,0.07916068821552694
A0A4D6M434,nardini_NCPR_raw,-0.14603229767545678,0.1429617961883977,-0.14931787705021568,-0.06047024062837541,0.2704674350486225,0.3006932682292042,0.314,50,0.11257067430362444,0.5344477523649814,0.2720947450270921,0.5551564147627417,0.2555846376019476
A0A4D6M434,nardini_Hydrophobicity_raw,0.36879552616060973,0.20233469288255515,0.3782608695652173,0.47106863109490427,0.17985443056096348,0.06836896832220618,0.084,24,0.1151870554988917,0.21765563965866902,0.6622300753896151,0.25376576576576576,0.5955669667245296
A0A4D6M434,nardini_Disorder Promoting_raw,0.33827983329149575,0.07959849628835888,0.34090244430190686,0.46744119166809506,0.1623035826509998,0.00019288870655689126,0.001,115,0.10041523230217304,0.00245627897210421,2.6097223096949382,0.008902654867256637,2.050480462763511
A0A4D6M434,nardini_Iso point_raw,-0.014387865063964696,0.13387988462891812,-0.026267475555981024,0.003341897148673994,0.012760555850248248,0.8518940333189304,0.936,53,0.11858293139069986,0.9316519020153933,0.030746325063286246,0.9718807810894141,0.01238700594874469
A0A4D6M434,nardini_PPII_raw,0.0766600207759986,0.2142765318982073,0.07811283399498326,-1.0592146411033168,2.38505009264725,0.6815933314644034,0.704,30,0.07272339107929551,0.8190915169293044,0.08666757189410179,0.8361558441558441,0.07771277046868613
A0A4D6M434,nardini_A Patch_raw,0.09171034130318477,0.07548514832767543,0.08960119969047588,0.14300078339083266,0.12409464705579204,0.28214452007770213,0.226,146,0.08728261010392908,0.517065600325913,0.2864543542905478,0.4630317545660426,0.33438922418742195
A0A4D6M434,nardini_D Patch_raw,-0.532788383802,0.13461738225594655,-0.5251050315105037,-38.63443365123478,57.51067022765317,0.030431179541831072,0.001,17,0.11426349227095266,0.1195850258557893,0.9223231982350795,0.008902654867256637,2.050480462763511
A0A4D6M434,nardini_E Patch_raw,0.11738190941331789,0.07106522038596762,0.11695537195598545,0.32235743923847837,0.22816277895009926,0.10995252242921852,0.102,188,0.09438626693942417,0.29496596683678356,0.5302280900138224,0.29097652893686893,0.5361420411319786
A0A4D6M434,nardini_K Patch_raw,-0.007167369022424699,0.17825374685886525,-0.019808251412063865,-0.22264760064722502,0.72459638940556,0.8996716577821924,0.926,43,0.08217337232350595,0.959776975322254,0.01782967283497235,0.9713826903023983,0.012609639768820681
A0A4D6M434,nardini_N Patch_raw,-0.48882963594567963,0.48374106041903303,-0.550782483869826,-2.75757455806917,3.5216658447850557,0.2573693316225745,0.22645290581162325,6,0.07623430637496627,0.49568963752410905,0.3047901599997077,0.4630317545660426,0.33438922418742195
A0A4D6M434,nardini_Q Patch_raw,-0.8403559631007829,0.20256587517174848,-0.8857142857142858,-2.4167215459526132,1.6446150658084622,0.01884548104956266,0.001,6,0.08054830670777295,0.08515764273980052,1.0697763688314854,0.008902654867256637,2.050480462763511
A0A4D6M434,nardini_R Patch_raw,0.014027772669380012,0.2839263235317451,0.021622499104693417,-1.0566355041854671,1.489706496310431,0.9390320193843182,0.96,15,0.15515865067384063,0.9772448574879916,0.00999660625817586,0.985469387755102,0.006356861933017889
A0A4D6M434,nardini_Frac A_zscore,0.36408522899174295,0.0724071680000106,0.3649877017427433,0.033460342845094575,0.006431795514893942,6.3703917606653645e-06,0.001,145,0.09546172493554185,0.00015630766124949652,3.806019734988881,0.008902654867256637,2.050480462763511
A0A4D6M434,nardini_Frac D_zscore,-0.06515160365800511,0.06299920597690034,-0.06582175971791172,-0.027444070233462955,0.02234884031979879,0.31295050647381956,0.326,237,0.09047388762567658,0.5475273208915868,0.2615942052249761,0.5625317324185248,0.24985297397116651
A0A4D6M434,nardini_Frac E_zscore,0.131933597965834,0.08094420998823416,0.13303307403914172,0.039788807944635365,0.023974742045535482,0.11450040898511733,0.106,142,0.1043113481554738,0.3047286016905503,0.5160867811779828,0.2962111111111111,0.5283986547826085
A0A4D6M434,nardini_Frac G_zscore,-0.08571666859704906,0.07061656498270757,-0.0866566274158787,-0.10477111407656539,0.04460807808170981,0.19231939569483358,0.214,228,0.09431844887230324,0.4245147453944251,0.37210722006734726,0.4541856540084388,0.34276658760498563
A0A4D6M434,nardini_Frac H_zscore,-0.013232370174137453,0.07955815521490107,-0.014272276995119055,-0.15755273378797136,0.05789825936956104,0.8402305349467136,0.856,202,0.09022291559260956,0.9296494365368014,0.03168078959631647,0.9309578378378378,0.0310699873419708
A0A4D6M434,nardini_Frac I_zscore,0.12136734694775857,0.14221541482036404,0.13262167282380055,0.006114341352761996,0.03127997462763646,0.31242638492631236,0.414,60,0.11549697143313589,0.5475273208915868,0.2615942052249761,0.6369802130898021,0.19587405821312945
A0A4D6M434,nardini_Frac K_zscore,0.1529676313074281,0.09621335497716829,0.15346352386896017,0.02552143558177486,0.020107196849653435,0.08129947198829648,0.116,130,0.09820851444095978,0.24410876440354642,0.6124166275317425,0.3120213903743316,0.5058156322536531
A0A4D6M434,nardini_Frac L_zscore,0.2142394259201218,0.07474774087719588,0.21579037605500373,0.07342668849784667,0.04604012824320995,0.0028622010492080187,0.004,189,0.09238460995386077,0.01927196926777018,1.7150739055610034,0.026300653594771243,1.5800334587697278
A0A4D6M434,nardini_Frac M_zscore,-0.07529499063592997,0.07530270394167479,-0.07619272863785236,-0.007869429665579061,0.014133917019181557,0.31486314718255604,0.34,176,0.09021065979317452,0.5486902635574297,0.2606727462387638,0.5777702702702704,0.23824480896075598
A0A4D6M434,nardini_Frac N_zscore,0.019882718273042777,0.07650699098133505,0.019629342866689155,-0.026771050310076726,0.021609650258377692,0.7965336952575417,0.818,175,0.08892851245094331,0.9003515701450415,0.045587873716425115,0.9117221609702315,0.040137488800136276
A0A4D6M434,nardini_Frac Q_zscore,0.08332179034665275,0.07917284237794839,0.08418585987784079,-0.02859889906725946,0.023791362175496617,0.2793986520386209,0.268,167,0.09096471129069356,0.5147894577854444,0.28837035545935313,0.5077363465160075,0.2943617463327717
A0A4D6M434,nardini_Frac R_zscore,0.09994612657495124,0.11457739168143462,0.1065709443914999,0.04740543007757405,0.030123510359324628,0.3346175470752658,0.356,84,0.1062022414532777,0.5630561961267524,0.2494482579909238,0.5949102990033223,0.22554851256504077
A0A4D6M434,nardini_Frac S_zscore,0.026621083172275767,0.06660077786690372,0.0259391826292103,-0.0526338106923918,0.03442842805926017,0.697482482941154,0.672,227,0.0918893512985209,0.8289895480446193,0.081450945028933,0.8204271844660195,0.08595995792338192
A0A4D6M434,nardini_Frac T_zscore,-0.08553905028072677,0.07451524719005248,-0.08557128220850256,-0.1005511135141486,0.057984509601011314,0.23065597057190068,0.248,198,0.0944184960653202,0.47066918132927404,0.3272842376755981,0.4901532416502947,0.3096681207906339
A0A4D6M434,nardini_Frac V_zscore,0.12711544907093106,0.10787244464295735,0.12932329894453629,0.000885885391206529,0.028916813911902678,0.17612910403206253,0.244,111,0.09144689482917143,0.40001913479910967,0.3979192338247727,0.4851067193675889,0.3141627097811611
A0A4D6M434,nardini_Frac K+R_zscore,0.06313304414300236,0.13420872941844839,0.06278538867007474,0.03596301858281571,0.0383605562960579,0.6366329532137638,0.666,59,0.10984280918430123,0.7936217483680872,0.10038643930797093,0.8160730816077953,0.08827094722923112
A0A4D6M434,nardini_Frac D+E_zscore,0.18494931242739526,0.06898656737503209,0.18542815862862305,0.05521213253662521,0.03627285202165983,0.007188621402924918,0.002,209,0.09410050732500658,0.04040085548236016,1.3936094386682367,0.014794117647058824,1.8299109319863278
A0A4D6M434,nardini_Frac Polar_zscore,-0.1767391331760163,0.06288627091077408,-0.17883304289248467,-0.07107837893866409,0.021248484844774967,0.0046461859389772585,0.01,249,0.09077083081287025,0.028575997396740167,1.5439986023555674,0.052395833333333336,1.280703247983641
A0A4D6M434,nardini_Frac Aliphatic_zscore,0.6493955920280833,0.08721449055555458,0.6625002965868624,0.057129085696332044,0.010273000469688875,4.49132894889741e-09,0.001,62,0.09716102907388365,4.10752447508254e-07,6.386419840099444,0.008902654867256637,2.050480462763511
A0A4D6M434,nardini_R/K Ratio_zscore,-0.04359100839032496,0.06741858360854726,-0.046500741193903065,-0.0033281694281254563,0.01289812687898568,0.47429875636876284,0.532,239,0.09125549165016375,0.6826102273347288,0.16582720911075968,0.7242110960757782,0.1401348253798689
A0A4D6M434,nardini_E/D Ratio_zscore,0.06151437177937805,0.09027641854758196,0.05636779171155882,0.0189306237885205,0.02060829662339205,0.551385989106564,0.52,114,0.10410999160211822,0.7411648193603689,0.13008520338480745,0.7215448275862069,0.14173668221628596
A0A4D6M434,nardini_Frac Chain Expanding_zscore,0.020177142207250802,0.06724672148865032,0.016164967459607254,0.01081569354358507,0.024750642568741897,0.8149933465715201,0.766,212,0.09663264749252944,0.9160707336882115,0.03807099132727748,0.8756772727272728,0.05765592179765606
A0A4D6M434,nardini_FCR_zscore,0.14804017330607963,0.13976804724243524,0.15974737057554741,0.031072992551757706,0.03172971593438014,0.3122336361672961,0.29,42,0.09610228789059783,0.5475273208915868,0.2615942052249761,0.5304363636363636,0.2753667108753792
A0A4D6M434,nardini_NCPR_zscore,-0.13641176817948097,0.15586859822759971,-0.1400189787048079,-0.008267246701919268,0.03582933021309702,0.35894625505546096,0.374,45,0.11462239339061582,0.5890700368446881,0.2298330671705707,0.6107857142857143,0.21411112924403672
A0A4D6M434,nardini_Hydrophobicity_zscore,0.25397503785690434,0.08151222321186974,0.25683326148552094,0.09186358260704891,0.02895477529455978,0.0013028061242334093,0.001,154,0.0850447815123536,0.011368484839204218,1.9442974130449666,0.008902654867256637,2.050480462763511
A0A4D6M434,nardini_Disorder Promoting_zscore,0.16669855145670737,0.06155502653146038,0.16827382147070657,0.027768544994288,0.01085449791678297,0.012038943058997768,0.016,222,0.09566833510160676,0.05966096905099387,1.224309696832464,0.07283257918552036,1.1376743103092775
A0A4D6M434,nardini_Iso point_zscore,-0.04555615437047643,0.09840880917885618,-0.04462752909030432,0.004363903753339379,0.041243258272844203,0.6211757736369399,0.616,125,0.09785424186989063,0.7809091479036735,0.10739948963003862,0.7864162436548223,0.10434752460522127
A0A4D6M434,nardini_PPII_zscore,-0.07261629295469564,0.08380660309018215,-0.0739388457136676,-0.038124807588827414,0.04107539809221535,0.34674308059686854,0.386,164,0.10075763604122084,0.5737229261191609,0.24129779524897882,0.6193237639553429,0.20808225543905287
A0A4D6M434,nardini_E Patch_zscore,0.14832986150377933,0.15065811647714106,0.16019985020396948,0.01862965024503274,0.030539127669645342,0.28754895924581375,0.336,46,0.06884178828867063,0.5239459375321136,0.28071352263986377,0.5738811544991511,0.241178036677349
A0A4D6M434,cider_kappa,-0.2488109165187829,0.08033905223751032,-0.2509786223330863,-0.14752332143140634,0.077167032580828,0.0028813064300740247,0.001,139,0.087927065431996,0.01927196926777018,1.7150739055610034,0.008902654867256637,2.050480462763511
A0A4D6M434,cider_omega,0.08788941273883541,0.07460225446855724,0.09128276284400628,-0.046165611878338154,0.06520740604410037,0.24070587813326458,0.228,167,0.08856621959541609,0.48237074382881306,0.31661904037662936,0.463369696969697,0.3340723712132063
A0A4D6M434,cider_delta,-0.14626712026012428,0.07966604470193667,-0.15091643843440863,-0.5644822397863584,0.2897103550353157,0.07098559278322698,0.056,144,0.09246313299755687,0.22177486440970917,0.6540876776041442,0.1896835016835017,0.7219704415911034
A0A4D6M434,cider_mean_net_charge,0.20122837552050316,0.14125892566655185,0.21467000675437387,0.7563517945861266,0.3259882186147055,0.13854591991376228,0.154,49,0.11387078114020828,0.3407755389565889,0.4675315866677751,0.37241346153846155,0.4289746290703711
A0A4D6M434,cider_fraction_neutral,0.0793928629282167,0.15639641698771453,0.07163220128580995,0.06463248254630029,0.2215710602217117,0.656277937610162,0.644,41,0.09625139315430625,0.8024358189487436,0.09558969361601594,0.8068044831880449,0.09323169719896023
A0A4D6M434,sparrow_SCD,0.17493186374601566,0.06309108970967774,0.17480449751844043,0.010294299522064185,0.00365878662117706,0.00567805199065967,0.006,249,0.09077083081287025,0.034000716086926355,1.4685119362128696,0.034101694915254235,1.4672240352582544
A0A4D6M434,sparrow_SHD,-0.11923345941411069,0.1922727477618301,-0.1346974504869242,-0.10574624932490051,0.17329145656303224,0.42008269563369216,0.544,38,0.08011010896187283,0.6427962922351627,0.19192663699029416,0.733597855227882,0.1345419470545803
A0A4D6M434,sparrow_complexity,-0.3640707013496143,0.08686658137390652,-0.37476895056599124,-0.8307867872859419,0.18688761759413988,5.48955356489735e-05,0.001,110,0.08850654205874724,0.000905326374801104,3.0431948271786835,0.008902654867256637,2.050480462763511
A0A4D6M434,sparrow_scaled_rg,0.36617789337348183,0.13036743431968778,0.3812807881773398,0.037301101983080294,0.014205628403235193,0.04127423437283846,0.012,29,0.1080222436490916,0.1509886537420927,0.8210556871594211,0.05888780487804878,1.229974634288221
A0A4D6M434,sparrow_scaled_re,0.3519568509300647,0.12154138059437908,0.3612648221343873,0.008299157066305768,0.003163770435575351,0.014759965105701768,0.006,45,0.10293359625721607,0.07004021177516971,1.1546525494439803,0.034101694915254235,1.4672240352582544
A0A4D6M434,sparrow_prefactor,-0.07574069190391992,0.15393790580920635,-0.08142857142857142,-0.002968695489170922,0.005215685604550056,0.5780670853006619,0.62,49,0.0904049600329007,0.7591387224867905,0.11967885532246526,0.7895189873417721,0.10263742107227901
A0A4D6M434,sparrow_scaling_exponent,0.27438414115639176,0.1389448272388534,0.2828782108419091,0.19076622004352986,0.1497474256334947,0.06949155942939236,0.046,42,0.07632429044391756,0.22053157345731456,0.656529223898389,0.1646832740213523,0.7833505075035972
A0A4D6M434,sparrow_asphericity,0.4671637959758881,0.12418924845982111,0.47735191637630664,2.2238166128531383,0.7255545466926395,0.0013906674925044347,0.002,42,0.09100141358072143,0.011562078491400507,1.9369640866590172,0.014794117647058824,1.8299109319863278
A0A4D6M434,mpipi_epsilon_self,0.25109579831732226,0.06321966563411735,0.2518120688887649,0.011855169254593628,0.0038245051780377327,0.00016019617824836746,0.001,220,0.09202752546797835,0.0021204915173402327,2.6735634605207994,0.008902654867256637,2.050480462763511
A0A4D6M434,calvados_epsilon_self,0.1934697083193301,0.05884815197115088,0.19206191100559988,0.004561842346593048,0.0014352602782248334,0.002928599425883758,0.001,238,0.09107376133744703,0.019382704094993822,1.7125856343228334,0.008902654867256637,2.050480462763511
A0A4D6M434,avg_helix_prob,0.09639086532440683,0.077358756937939,0.10065367413433711,0.15793727331342586,0.07731071653879452,0.1775936287983729,0.234,181,0.09168635016994932,0.40238556434946654,0.3953576080610369,0.47269879518072294,0.32541550462966606
A0A4D6M434,avg_beta_prob,-0.21929073097713456,0.06258386738260382,-0.22201863475108188,-2.4810531359582892,0.977098599721531,0.0007551727973471916,0.001,227,0.0897278498631223,0.007167017303125233,2.144661547024427,0.008902654867256637,2.050480462763511
A0A4D6M434,avg_coil_prob,-0.17531961883923813,0.06617082863362485,-0.175875273388089,-0.1758619943167663,0.06203764870702353,0.007503729287972364,0.014,230,0.0887629353435161,0.04170581029668618,1.3798034365368665,0.06612206572769953,1.179653587040591
A0A4D6M434,avg_mito_targeting,-0.22221854639537494,0.23812289704235692,-0.23118989588080613,-0.8213918263875633,0.613751747513112,0.277062330083828,0.366,24,0.09123683408217809,0.5114214753473963,0.29122103925640014,0.6055855263157895,0.21782451315841564
A0A4D6M434,avg_nes,0.06405462794211954,0.07173872674797528,0.06424531858740733,-0.14836578611374276,0.717311031651184,0.3440053091913333,0.386,219,0.09241182443093077,0.571071519878682,0.24330949815767758,0.6193237639553429,0.20808225543905287
A0A4D6M434,avg_nis,-0.013699504880111716,0.0628750808013033,-0.01173457872532509,-0.012858521600765905,0.20598252995281538,0.8564865465406577,0.82,240,0.09192738946587828,0.9345178588068347,0.029412394759036675,0.9117221609702315,0.040137488800136276
A0A1U8F7A1,nardini_Frac A_raw,0.38513323787788856,0.09167473323484714,0.3873955108929084,1.2586482287220038,0.3459793065435786,5.2841047276050483e-05,0.001,103,0.0735989431356445,0.0008859682259951131,3.0525818531947024,0.008902654867256637,2.050480462763511
A0A1U8F7A1,nardini_Frac C_raw,0.035706066175211326,0.038445155312104996,0.02919836612898059,-1.9230837913417935,2.6450611316999417,0.8308450310388764,0.31385642737896496,56,0.061167462357126896,0.9267813963870521,0.03302269254233068,0.5551564147627417,0.2555846376019476
A0A1U8F7A1,nardini_Frac D_raw,-0.1527438826564433,0.0924347391492896,-0.14612306096256303,-0.9579691108589133,0.6534883471973965,0.10680861915963795,0.082,123,0.08591058660358847,0.2896212152954064,0.5381696284270355,0.2507355623100304,0.6007840648463489
A0A1U8F7A1,nardini_Frac E_raw,-0.1158183250272452,0.09101387790350485,-0.11637931268839204,-0.8243095878323168,0.45311537456575707,0.19988087531510093,0.194,123,0.0861553924550195,0.435238442785696,0.3612727522061224,0.4261222707423581,0.37046576735373454
A0A1U8F7A1,nardini_Frac G_raw,-0.11518945524696492,0.14270227154741746,-0.11298461054692181,-0.909501987263968,1.364410246532704,0.43954897560700246,0.42,49,0.06198725885365504,0.654575219714634,0.18404043982376694,0.6392133131618759,0.19435418836783122
A0A1U8F7A1,nardini_Frac I_raw,-0.2512544158244964,0.09321795105599548,-0.2575730056191404,-1.6727009870301293,0.9566269818984114,0.00659592188596041,0.012,110,0.07722961073608202,0.03748868597331171,1.4260997818921628,0.05888780487804878,1.229974634288221
A0A1U8F7A1,nardini_Frac K_raw,0.09806574574336417,0.09099142085547265,0.10072817317803526,0.03888512185221836,0.4185031860187182,0.26762642787973046,0.29,123,0.08089777097214028,0.5060359052860601,0.29581866712386823,0.5304363636363636,0.2753667108753792
A0A1U8F7A1,nardini_Frac L_raw,-0.25592424824751864,0.09131659214094878,-0.2578382549084481,-2.965083747490761,0.9236449172436874,0.006793444709303157,0.006,109,0.08122155081149092,0.03839441223347739,1.415731976485256,0.034101694915254235,1.4672240352582544
A0A1U8F7A1,nardini_Frac M_raw,-0.1711797269718382,0.07664610199552911,-0.1714560339522703,-1.8825217391953308,0.6558785723717253,0.02537791234310933,0.03,170,0.07661306350736861,0.10463188449659012,0.9803359526496851,0.12218623481781377,0.9129777178200947
A0A1U8F7A1,nardini_Frac N_raw,-0.12693529506696882,0.10211335539090188,-0.12483932306018448,0.5004635369259045,0.5564311021170313,0.18373764282410476,0.204,115,0.08060628240147732,0.41167053158362893,0.38545021978576627,0.4380158410009156,0.35851018279525826
A0A1U8F7A1,nardini_Frac P_raw,0.25494935174348327,0.13386015111922805,0.25001374856774683,3.3157656380431595,1.8147769554521413,0.09378918675514625,0.07,46,0.061136547583769844,0.2665158334638935,0.5742769848297752,0.21937694704049845,0.6588090116707066
A0A1U8F7A1,nardini_Frac Q_raw,-0.107601369627357,0.09191469982023925,-0.1114143408819815,0.2975175477383914,0.568314225006576,0.23377725733910168,0.264,116,0.08343207878391662,0.47593836204380446,0.3224492883668635,0.5058742857142858,0.2959573958162171
A0A1U8F7A1,nardini_Frac R_raw,-0.30643233907607526,0.0839427762907893,-0.30955074512144304,-0.9359759227789113,0.7682748869473958,0.0005213796504880096,0.001,122,0.08272281845102872,0.005352121718274874,2.2714740183766255,0.008902654867256637,2.050480462763511
A0A1U8F7A1,nardini_Frac S_raw,0.04764014816165295,0.09674889136821568,0.05060311328931317,0.07926226144853024,0.3984927302582241,0.6243983812209561,0.612,96,0.08120231576238642,0.7812745914282113,0.10719629956339896,0.7823024142312579,0.1066253294935948
A0A1U8F7A1,nardini_Frac T_raw,-0.249962746632703,0.0892221429344767,-0.249833579193551,-1.8342055479056893,0.5592913420966332,0.012633923464452428,0.012,99,0.08242648343864972,0.06169770390892788,1.2097309980127462,0.05888780487804878,1.229974634288221
A0A1U8F7A1,nardini_Frac V_raw,-0.12638508892619277,0.08978011690625722,-0.1281882845481882,-1.938709630127787,1.06040985573463,0.1820056526851363,0.18,110,0.081646996599213,0.40870019330635515,0.3885951568764577,0.40600896860986546,0.3914643728889272
A0A1U8F7A1,nardini_Frac K+R_raw,-0.13100970488089628,0.1591370087245919,-0.1300683993386763,-0.3321195721422104,0.33749727549304503,0.40579143343446356,0.396,43,0.08671761777161162,0.6280402800539543,0.20201250141539664,0.6244137931034484,0.20452751207574138
A0A1U8F7A1,nardini_Frac D+E_raw,-0.30273881335633107,0.1414101604802387,-0.3128304364606159,-0.5904014702848727,0.3155500695075803,0.036410676268098296,0.044,45,0.08741671473603922,0.13667589673771224,0.8643080679982305,0.15979783393501804,0.7964291118583525
A0A1U8F7A1,nardini_Frac Polar_raw,-0.052916215827937124,0.12489306890372845,-0.05554333672676784,0.0789123153405763,0.2523125019736811,0.6603316270949535,0.686,65,0.07242041113371224,0.8061815738562175,0.09356713233530975,0.8254976076555025,0.08328418101235605
A0A1U8F7A1,nardini_Frac Aliphatic_raw,0.6527222696492665,0.14832435142862974,0.6711255196670117,6.2582789219202715,1.3355256391762533,0.0008667106546978135,0.002,21,0.055435355805019335,0.00807324924653704,2.092951639276189,0.014794117647058824,1.8299109319863278
A0A1U8F7A1,nardini_Frac Aromatic_raw,-0.0012305060992264005,0.23950511008185743,0.0,1.1897837464393122,9.656967814058033,1.0,0.7840735068912711,9,0.05830297641510232,1.0,-0.0,0.8902685642580347,0.0504789614663853
A0A1U8F7A1,nardini_R/K Ratio_raw,-0.2041213274619801,0.0654911005846492,-0.20440318114641015,-0.0887356292479431,0.05935206307026286,0.0013562959077724668,0.004,243,0.07571386436410737,0.011465829270748754,1.9405945292736884,0.026300653594771243,1.5800334587697278
A0A1U8F7A1,nardini_E/D Ratio_raw,-0.020848747365149557,0.09085980497189752,-0.019955655255043676,-0.049901006898046496,0.10080230220864039,0.8272966238618934,0.788,122,0.08609994026495094,0.9247337817834053,0.033983276713015174,0.8927117117117118,0.049288767569137054
A0A1U8F7A1,nardini_Frac Chain Expanding_raw,-0.21088608315523363,0.14816863771238292,-0.2173357862459042,-0.2044422450653999,0.2731736616439979,0.16679335427280184,0.162,42,0.08359278890037575,0.3875152757469715,0.41171117304965466,0.3871068883610451,0.4121691005731288
A0A1U8F7A1,nardini_FCR_raw,-0.3044068007799825,0.18669194573316647,-0.3156022971372446,-0.3510018531323621,0.26200854403764906,0.12434068674982379,0.118,25,0.09614963113831689,0.3199149127118228,0.49496551497215263,0.3132137203166227,0.5041592219420383
A0A1U8F7A1,nardini_NCPR_raw,0.1383735648382344,0.21255201680389205,0.1400198723328865,0.11260461844865988,0.16717449336345855,0.5044160906316788,0.522,25,0.07663652699394491,0.7097099121335229,0.14891912917321057,0.7218493539374891,0.14155342788754996
A0A1U8F7A1,nardini_Hydrophobicity_raw,-0.31597041258129205,0.43503520035065874,-0.3571428571428572,-0.549665442031982,0.9711225350311,0.4316113520383278,0.458,7,0.07058800596075594,0.6510535476899535,0.18638329021846803,0.67558357771261,0.1703209159327011
A0A1U8F7A1,nardini_Disorder Promoting_raw,0.2666638563739583,0.11611144506104855,0.26852928513590896,0.20213942181018485,0.30660299719578754,0.013519713855270855,0.026,84,0.07029120657548649,0.06538861605001192,1.184497854382205,0.10898333333333333,0.9626399130208795
A0A1U8F7A1,nardini_Iso point_raw,0.08556846562421214,0.20803016577684566,0.0882868334693834,-0.0010110635636100622,0.01033552181046808,0.6680139854920422,0.708,26,0.07208147510202993,0.811620856769317,0.09064680113667195,0.8379388235294117,0.07678768730461513
A0A1U8F7A1,nardini_PPII_raw,0.06984670866597373,0.19903343786739947,0.07631257631257632,0.8561840595346093,1.9618672135492796,0.7051922330874235,0.726,27,0.07751165872928849,0.8346157488069977,0.07851342461419127,0.8472807424593968,0.07197266440471048
A0A1U8F7A1,nardini_A Patch_raw,0.16235229624113187,0.07227848987189173,0.16648732894417761,0.49096612385169613,0.15727476635363946,0.023137776714087954,0.026,186,0.07637894078111869,0.09862967531513764,1.005992396553728,0.10898333333333333,0.9626399130208795
A0A1U8F7A1,nardini_D Patch_raw,-0.2733034554561129,0.35791398866450636,-0.3571428571428572,-0.8177793413019826,2.610173281652303,0.4316113520383278,0.406,7,0.08373231905545088,0.6510535476899535,0.18638329021846803,0.6322538699690403,0.19910850369798133
A0A1U8F7A1,nardini_E Patch_raw,-0.11244333012132657,0.19535015702699599,-0.1203594725702705,-0.22494538753707666,0.7795682668267536,0.5117215804636097,0.55,32,0.0663320932728899,0.7139971011739131,0.14630355145453874,0.7397058823529413,0.13094092765030885
A0A1U8F7A1,nardini_K Patch_raw,0.017850939864938596,0.0826086607057289,0.015564223470339714,-0.02238283652545881,0.23862087142374408,0.8531081629195246,0.85,144,0.08065568642188858,0.9318423581943993,0.030657551977539915,0.9264355362946912,0.03318479459171073
A0A1U8F7A1,nardini_N Patch_raw,0.31028851368907917,0.4318142668144833,0.3091420111676559,1.4010070878125864,3.586923525020995,0.49989851459945445,0.426,7,0.09292397622111126,0.7044059503321226,0.1521769840711838,0.6463891402714932,0.18950594858214564
A0A1U8F7A1,nardini_Q Patch_raw,-0.41592523685051785,0.47227301938057387,-0.41443123283995714,-1.5762345865506757,2.844514806242839,0.3552689437660521,0.318,7,0.09406576810664831,0.5849436291794573,0.23288598471423472,0.5563617391304347,0.25464274398528924
A0A1U8F7A1,nardini_R Patch_raw,0.001178146477695736,0.4164680071540483,0.030358837035945815,-0.7445887582905863,3.268945105556801,0.9544757346935633,0.9089068825910931,6,0.08262516160614895,0.9848231683094611,0.006641743026985249,0.9675770623139044,0.014314435709678119
A0A1U8F7A1,nardini_S Patch_raw,0.04294555411306149,0.2428211849232591,0.04716856587002767,-0.30522416258027346,1.264552800143007,0.8391114521129925,0.838,21,0.053128397406974046,0.9296494365368014,0.03168078959631647,0.9223501094091903,0.03510419638364637
A0A1U8F7A1,nardini_T Patch_raw,0.29631203365252057,0.3623426528398306,0.3242042931338284,1.9299863601828224,2.377592562648205,0.3307193054667417,0.412,11,0.07814261818369037,0.5610516379418923,0.25099716540842665,0.6369802130898021,0.19587405821312945
A0A1U8F7A1,nardini_Frac A_zscore,0.33987506905441495,0.08540917111541872,0.3393773058905679,0.05527486098259291,0.013814288326520928,0.00014946404188423122,0.001,120,0.08009476290387235,0.0020048110151404883,2.697926560175948,0.008902654867256637,2.050480462763511
A0A1U8F7A1,nardini_Frac D_zscore,-0.0522289415979305,0.07135277859955834,-0.05145567409680911,-0.029567537845619538,0.031841865336624114,0.4323862860504677,0.464,235,0.07524672888018724,0.6511685685131294,0.18630657072750312,0.6794526928675401,0.16784077578476095
A0A1U8F7A1,nardini_Frac E_zscore,-0.051096264463054805,0.09216686968890392,-0.04789647584770258,-0.03731962257577563,0.035072565481897265,0.608083091051587,0.586,117,0.08618180026319183,0.77474011345664,0.1108439571327223,0.7616485788113694,0.11824536394489342
A0A1U8F7A1,nardini_Frac G_zscore,0.09037407907068509,0.06467550304474114,0.09135481399579345,0.06106186345355909,0.04351109320646488,0.1574227971899599,0.176,241,0.07597282226179469,0.3726290211131757,0.4287233243767145,0.404216704288939,0.393385743194267
A0A1U8F7A1,nardini_Frac I_zscore,0.05561101056554287,0.14161295984083302,0.06066129136528263,0.0026653138875524273,0.028041274597065735,0.6661135315214415,0.688,53,0.09273227189397304,0.811084929218894,0.09093366815633866,0.8269151732377538,0.08253903903784016
A0A1U8F7A1,nardini_Frac K_zscore,0.19233905556056186,0.09451546741848929,0.2002749236356204,0.028876715677036886,0.03746812663566484,0.028292294311339717,0.052,120,0.08488513230736626,0.11400763117621433,0.9430660779021283,0.17976632302405499,0.7452916646311996
A0A1U8F7A1,nardini_Frac L_zscore,0.07932136264213566,0.07167770303704459,0.08230374865562437,-0.041616191973638916,0.0577790466105176,0.25516045604636456,0.284,193,0.07950676378360898,0.4955432795031713,0.30491840933494585,0.5242275229357798,0.28048018150969617
A0A1U8F7A1,nardini_Frac M_zscore,-0.16891309541140312,0.07460594695593818,-0.1714560339522703,-0.036557857681287845,0.012628671854897187,0.02537791234310933,0.034,170,0.07661306350736861,0.10463188449659012,0.9803359526496851,0.13206177606177608,0.8792228663190881
A0A1U8F7A1,nardini_Frac N_zscore,0.23594395416946198,0.07808291595816615,0.23832581827259852,0.10832301877989893,0.03865463524099129,0.0013150993602501228,0.004,179,0.07886380194716851,0.011368484839204218,1.9442974130449666,0.026300653594771243,1.5800334587697278
A0A1U8F7A1,nardini_Frac P_zscore,0.2473951440752813,0.06405354912755162,0.2492585327886235,0.26424572554644166,0.06814261752532681,9.824169822263025e-05,0.001,239,0.07591919172050635,0.0014533992413524417,2.837615070836397,0.008902654867256637,2.050480462763511
A0A1U8F7A1,nardini_Frac Q_zscore,0.10428004838854413,0.07925961939590852,0.10741265727411474,0.0785152085508149,0.03145131972860972,0.15122785748050951,0.182,180,0.07832638573000958,0.3648326729625721,0.4379062749161336,0.4077772828507795,0.38957697229833976
A0A1U8F7A1,nardini_Frac R_zscore,-0.09420576784842093,0.07381805689223973,-0.09628826438080386,0.017476944998876,0.04131349884301858,0.18749436067429887,0.214,189,0.07925004666832801,0.41729939566005453,0.37955224424034856,0.4541856540084388,0.34276658760498563
A0A1U8F7A1,nardini_Frac S_zscore,0.07814339707515489,0.06328142069456417,0.07984055522657511,0.02186371055517217,0.02908525389881888,0.2187727383512755,0.22,239,0.07498865360496185,0.4537842778997591,0.34315055503473463,0.46012474012474014,0.3371244148317169
A0A1U8F7A1,nardini_Frac T_zscore,-0.2025244072098801,0.10081260884232399,-0.20707838270704998,-0.1038598616664228,0.0390391050223408,0.07075829084180169,0.054,77,0.08440974349025702,0.22175339746683018,0.6541297176527469,0.1854061433447099,0.7318758798112324
A0A1U8F7A1,nardini_Frac K+R_zscore,-0.016264639747734656,0.18554437827997958,-0.02967958507376865,-0.014971528580868724,0.036561231752741626,0.85765668456581,0.922,39,0.08945934184765572,0.9346919047578558,0.029331518660679085,0.9702217573221757,0.013128990502562136
A0A1U8F7A1,nardini_Frac D+E_zscore,-0.2255808278177159,0.18077161750763382,-0.22165934490006456,-0.050250960144599816,0.045114065481256446,0.1750468066342794,0.218,39,0.08768998774225156,0.39931312352400244,0.3986864163761632,0.45880334728033473,0.3383734222876055
A0A1U8F7A1,nardini_Frac Polar_zscore,-0.078307354126443,0.07149745339515215,-0.08199776707141254,0.020139641696337463,0.03590724244303101,0.2027435509602102,0.266,243,0.07571386436410737,0.4358508429343833,0.3606621097531186,0.506810606060606,0.2951543051828367
A0A1U8F7A1,nardini_Frac Aliphatic_zscore,0.6517570137528823,0.08596844354422176,0.6591798320394897,0.29041737209276197,0.04260241881962813,9.140117163253841e-06,0.001,37,0.05595612989615663,0.00020433239702740807,3.689662770250652,0.008902654867256637,2.050480462763511
A0A1U8F7A1,nardini_R/K Ratio_zscore,-0.24515541619214745,0.06343514847001676,-0.2460517500297944,-0.04084572426396771,0.02560283999133227,0.0001433395660695492,0.001,234,0.0755499748032252,0.0019486432900806285,2.7102676536109462,0.008902654867256637,2.050480462763511
A0A1U8F7A1,nardini_E/D Ratio_zscore,-0.024499111237470998,0.10164053775388462,-0.025308133701096663,-0.012106889513936596,0.032772364157244785,0.7996844577959608,0.818,103,0.08781354689740636,0.9028985011702991,0.04436106791373851,0.9117221609702315,0.040137488800136276
A0A1U8F7A1,nardini_Frac Chain Expanding_zscore,0.14864102986758354,0.07788343617814451,0.1500315862976543,-0.039060106135471284,0.03265453698817694,0.034882398164927164,0.06,198,0.07784724823652524,0.13348861516693955,0.8745557723594405,0.19855263157894737,0.7021243525052016
A0A1U8F7A1,nardini_FCR_zscore,-0.2593330543692161,0.23433161426031318,-0.2688029347115898,-0.03874651036936267,0.04969386188294101,0.2387076054290707,0.262,21,0.09990145922607084,0.4812421864962828,0.3176363086815646,0.503,0.2984320149440726
A0A1U8F7A1,nardini_NCPR_zscore,0.21682533433476775,0.24510818348701743,0.22634176263059325,0.01429825916624885,0.02151785306138302,0.3238397813369892,0.378,21,0.07667157333991377,0.5531532769456273,0.25715451045290916,0.6123478260869565,0.21300181961944628
A0A1U8F7A1,nardini_Hydrophobicity_zscore,0.1316831262657553,0.08461248130324689,0.1382722292285766,-0.1277386809650601,0.15705257693656663,0.0862000240248412,0.132,155,0.07659465322218616,0.2544778659553751,0.5943499858674126,0.3378931297709924,0.4712206384496682
A0A1U8F7A1,nardini_Disorder Promoting_zscore,0.10934708819590279,0.08303140626471509,0.11388283139040792,0.029105338684981368,0.01829742729930879,0.11868325641478464,0.192,189,0.07774133972235049,0.3086931278060282,0.5104730387690924,0.4226520787746171,0.374016990646392
A0A1U8F7A1,nardini_Iso point_zscore,0.05271086311705959,0.15142097488196812,0.048710059646474194,0.011834437713755114,0.03596653727590555,0.7423274675898007,0.73,48,0.09064643876029348,0.8613395990719026,0.06482558614840987,0.8499768518518519,0.07059290163852877
A0A1U8F7A1,nardini_PPII_zscore,0.20619265141095172,0.08927199927663722,0.21152042691494005,0.10947794973263164,0.05785872714079249,0.01150619236024848,0.034,142,0.08167958140552076,0.05816698248447222,1.2353234654148726,0.13206177606177608,0.8792228663190881
A0A1U8F7A1,nardini_A Patch_zscore,0.19964337835439488,0.08428357484501543,0.20129470504426522,0.021665650750103082,0.007375498792158478,0.020159519899649293,0.022,133,0.07042025527221953,0.08934130845395238,1.04894769132948,0.09498712446351931,1.0223352594839041
A0A1U8F7A1,nardini_K Patch_zscore,0.04995223712824962,0.14923669715131618,0.050184319158021726,0.022705401698140122,0.03042812480347579,0.7265463228066462,0.764,51,0.07132456141921582,0.850879628339332,0.07013187404650147,0.875380410022779,0.05780317661050407
A0A1U8F7A1,cider_kappa,-0.16861008338592764,0.07816855383038274,-0.1732110662835414,-0.1483869985003061,0.07736608929403942,0.03720928164133445,0.034,145,0.0752172734999359,0.13863902715252763,0.8581144977823921,0.13206177606177608,0.8792228663190881
A0A1U8F7A1,cider_omega,0.3379173636439573,0.06551905403366007,0.3368057358446987,0.3227940019761381,0.1133699423649201,7.091405605204402e-06,0.001,170,0.07275092363026182,0.00016590590787989834,3.78013814855095,0.008902654867256637,2.050480462763511
A0A1U8F7A1,cider_delta,-0.23718130287280545,0.08096665047357662,-0.23818464626823224,-0.3256900253771433,0.2778831266529482,0.004175064965216771,0.006,143,0.07468097356259576,0.026250720968800448,1.58085876431624,0.034101694915254235,1.4672240352582544
A0A1U8F7A1,cider_mean_net_charge,-0.3316242395405219,0.20220832210117504,-0.3335355839695111,-0.5738727768064354,0.30729031743865,0.10323995950670266,0.12,25,0.07663652699394491,0.2822334074088942,0.5493915809621697,0.3176842105263158,0.4980043698492767
A0A1U8F7A1,cider_fraction_neutral,0.29986459164218965,0.1851147511865958,0.3156022971372446,0.35248220598593705,0.25570098486144216,0.12434068674982379,0.136,25,0.09614963113831689,0.3199149127118228,0.49496551497215263,0.347248730964467,0.459359332735448
A0A1U8F7A1,sparrow_SCD,0.16661353368153317,0.05911370308590126,0.16843948273712384,-0.0008098511636437456,0.0023852413916129966,0.008513460201069066,0.01,243,0.07571386436410737,0.0462948160122999,1.3344676375630349,0.052395833333333336,1.280703247983641
A0A1U8F7A1,sparrow_SHD,0.0019776805930017396,0.4329213214772952,0.0,-0.2928213200782762,0.6927463613269711,1.0,0.962,7,0.07366695235676499,1.0,-0.0,0.9865158002038736,0.0058959546222269385
A0A1U8F7A1,sparrow_complexity,-0.1755947010763527,0.11123585367935815,-0.18118864176225083,-1.2169643258175753,0.6401932904891361,0.1304906490547097,0.112,71,0.06579238340109972,0.3290064986191427,0.48279552367142403,0.3073154898767978,0.5124155490879814
A0A1U8F7A1,sparrow_scaled_rg,0.01870594825940681,0.23326091648988903,0.016798418972332016,-0.004133007280823095,0.010686608824619068,0.9393596194740437,0.96,23,0.0669337251810302,0.9772448574879916,0.00999660625817586,0.985469387755102,0.006356861933017889
A0A1U8F7A1,sparrow_scaled_re,-0.05570105349159611,0.19958162202683394,-0.06268328445747799,-0.00051503738198799,0.002126173569137037,0.7332406517796874,0.748,32,0.06501519691598506,0.8557309694783823,0.06766275031737276,0.8659240506329114,0.0625201978642965
A0A1U8F7A1,sparrow_prefactor,-0.07580915191969995,0.2317998072598966,-0.08076923076923077,-0.0014083415050510123,0.003911248216973057,0.7011275748533198,0.812,25,0.06052939012570289,0.831762193752877,0.08000082359317023,0.9086451612903226,0.04160568177214487
A0A1U8F7A1,sparrow_scaling_exponent,0.06624266578051623,0.25965984322978813,0.08571428571428572,0.07555570976657959,0.2108942069453774,0.7193660879190987,0.746,20,0.056254491805511786,0.8434525459750738,0.07393934650805972,0.8646036866359447,0.06318291698391452
A0A1U8F7A1,sparrow_asphericity,-0.09955879254672066,0.24897042563095537,-0.10173913043478258,-0.27033308873077955,0.5588129616426051,0.6361837822056855,0.682,24,0.06346130670996025,0.7936217483680872,0.10038643930797093,0.8254976076555025,0.08328418101235605
A0A1U8F7A1,mpipi_epsilon_self,0.09169649582291328,0.08178012579494083,0.08749417778537694,-0.0027674994841041037,0.003639599467502149,0.25374579880395637,0.254,172,0.07792109631527161,0.49374907852375266,0.3064937018817828,0.49616310679611647,0.3043755317013444
A0A1U8F7A1,calvados_epsilon_self,0.10643443239754785,0.06678329973933844,0.10930289451895746,0.003102624871331116,0.0018223111991571678,0.12725275929369884,0.118,196,0.07421086079423152,0.3257411599222927,0.48712736149124003,0.3132137203166227,0.5041592219420383
A0A1U8F7A1,avg_helix_prob,-0.13937482134468826,0.07065585083286142,-0.1403665915088868,-0.22655573030342915,0.10659268202065265,0.04418258786636486,0.056,206,0.07510725502127011,0.15737094480460068,0.8030754478081525,0.1896835016835017,0.7219704415911034
A0A1U8F7A1,avg_beta_prob,-0.16900164542575888,0.06633933318653001,-0.16887950151418712,-3.5059681621152223,1.6643607699506475,0.012521276535622473,0.006,218,0.07628783185658415,0.06144587412115224,1.2115072731774197,0.034101694915254235,1.4672240352582544
A0A1U8F7A1,avg_coil_prob,0.10101868683441367,0.06829900811364759,0.10061123996024086,0.19237562980556064,0.09808767646814172,0.1377669799921757,0.142,219,0.07536534408078542,0.33969015164737437,0.46891704408434803,0.35712999999999995,0.4471736662249974
A0A1U8F7A1,avg_nes,-0.022584989159553263,0.0689670983205127,-0.025102560396678044,-0.010869384015514107,0.5686886421360797,0.7105491666447281,0.752,221,0.07638821732004777,0.838961765957793,0.0762578308422318,0.8665658648339061,0.06219842239401889
A0A1U8F7A1,avg_nis,0.1353492727281304,0.06921192373830513,0.13653088850603,0.44385848928855,0.24714039233563814,0.03489811708638678,0.054,239,0.07568518276894924,0.13348861516693955,0.8745557723594405,0.1854061433447099,0.7318758798112324
At2g46140_tile7,nardini_Frac A_raw,0.6414741333108014,0.08883170614905893,0.6466695427356077,2.3174899005161795,0.19549594157084527,2.2301534963315364e-07,0.001,52,0.10454566900090342,1.0683497225283456e-05,4.971286558447639,0.008902654867256637,2.050480462763511
At2g46140_tile7,nardini_Frac C_raw,-0.4339766668760076,0.13902724265875366,-0.4517184674799521,-0.9041637843486523,0.9093419902685775,0.01074270147325721,0.012,31,0.07754854540965374,0.05513855960253446,1.2585445832582056,0.05888780487804878,1.229974634288221
At2g46140_tile7,nardini_Frac D_raw,-0.16441561463180915,0.12346087723632147,-0.16570982453394903,-3.2417521548582946,1.7989201212298183,0.2179854874360369,0.178,57,0.11114099081958784,0.45308553793523376,0.3438197998714926,0.404216704288939,0.393385743194267
At2g46140_tile7,nardini_Frac E_raw,0.0797811424875324,0.13503463156703427,0.08532469856317115,1.4203929238228878,2.915099830026614,0.5318055475749739,0.542,56,0.11303642351579264,0.7268855983007042,0.13853393568333816,0.7328655913978495,0.1349756682875832
At2g46140_tile7,nardini_Frac F_raw,-0.6554045071681717,0.09911276657790782,-0.6629883220493106,-11.25612895442996,1.6617335267800943,2.832033487404066e-07,0.001,48,0.10745519380542179,1.2950116765129502e-05,4.887726315735408,0.008902654867256637,2.050480462763511
At2g46140_tile7,nardini_Frac G_raw,-0.5841260082864445,0.12173601968790956,-0.6100191303818144,-10.81219941330889,3.145859662715173,0.00012797976069758597,0.001,34,0.0920434550520675,0.001788161656413493,2.747593221941228,0.008902654867256637,2.050480462763511
At2g46140_tile7,nardini_Frac H_raw,-0.267811795491947,0.42925441172610884,-0.314964916380737,-3.202732543155178,3.770693925277639,0.40906292820776924,0.51,9,0.15500941131771478,0.6321310380599322,0.199192884996993,0.7145682451253482,0.14595628742445538
At2g46140_tile7,nardini_Frac I_raw,-0.641222483543568,0.08105117639925247,-0.6460040068692381,-5.0387314925015225,1.7046025668123177,4.342921665463035e-08,0.001,58,0.10360501721054392,3.360753227273702e-06,5.473563375649512,0.008902654867256637,2.050480462763511
At2g46140_tile7,nardini_Frac K_raw,0.15267337632764855,0.1463637384962093,0.15241538430062268,1.3250905492275675,3.035777060826226,0.25769948352396527,0.308,57,0.11203627878841281,0.49568963752410905,0.3047901599997077,0.5513309608540925,0.25858761834870825
At2g46140_tile7,nardini_Frac L_raw,-0.5593522231221679,0.09575089023968626,-0.5654420982269016,-10.809309375150526,1.826989484159207,6.855551202847761e-06,0.001,55,0.10357990151500601,0.00016420677404916306,3.7846089308250503,0.008902654867256637,2.050480462763511
At2g46140_tile7,nardini_Frac M_raw,-0.6410132745918159,0.08865581593918546,-0.6444775090451333,-9.370633306202633,1.7776299671511655,8.324656684558065e-08,0.001,56,0.09894789932594375,4.926238014509066e-06,5.30748460875946,0.008902654867256637,2.050480462763511
At2g46140_tile7,nardini_Frac N_raw,0.16528132353886685,0.2016264272071348,0.16677753486805094,4.920774577275536,4.00197358911887,0.40572424405331864,0.434,27,0.14817929027282084,0.6280402800539543,0.20201250141539664,0.6516477611940299,0.1859870924684071
At2g46140_tile7,nardini_Frac P_raw,-0.7353440898166403,0.0815305558819135,-0.7553985732975612,-13.345822677644918,1.9781149160262648,2.171056586851173e-06,0.001,29,0.09327228113734432,6.240236932492228e-05,4.204798920490576,0.008902654867256637,2.050480462763511
At2g46140_tile7,nardini_Frac Q_raw,-0.4926849554604597,0.1086385378418494,-0.4976544525352854,-7.747169705496688,2.291184121367925,5.2197418458924394e-05,0.001,60,0.10696868084201679,0.0008859682259951131,3.0525818531947024,0.008902654867256637,2.050480462763511
At2g46140_tile7,nardini_Frac R_raw,-0.5660935148933622,0.09190472587736931,-0.5689186417746418,-8.598184424442612,1.5936753093820817,3.1684834119669824e-06,0.001,58,0.11029760993933312,8.614849493077796e-05,4.06475230555162,0.008902654867256637,2.050480462763511
At2g46140_tile7,nardini_Frac S_raw,0.7025971113681178,0.05399276313183802,0.7127289691420446,8.46194148417441,0.9184315090350333,3.08400114820744e-09,0.001,52,0.10605752781003464,3.102505155096685e-07,6.508287488208545,0.008902654867256637,2.050480462763511
At2g46140_tile7,nardini_Frac T_raw,-0.7291702821695196,0.06876127143587288,-0.738489593024458,-7.227178289601309,0.9426120496135594,6.196375759090718e-10,0.001,51,0.10564007132812711,1.0389256689408771e-07,6.98341552339912,0.008902654867256637,2.050480462763511
At2g46140_tile7,nardini_Frac V_raw,0.22659465900602077,0.13264979286759424,0.23131541210327747,6.298849424016001,2.297016866391765,0.09238467496785235,0.094,54,0.10748194136658652,0.26553995147902704,0.5758701284371996,0.27569679300291544,0.5595682857231633
At2g46140_tile7,nardini_Frac W_raw,-0.3130813067942583,0.11046792737038073,-0.32101931353752694,-10.400456218010703,5.0852005307891766,0.02451143376123664,0.004,49,0.10847381467640721,0.10289507843202855,0.9876053974526171,0.026300653594771243,1.5800334587697278
At2g46140_tile7,nardini_Frac Y_raw,-0.2813353430431248,0.1102565806516202,-0.28489792754824605,-13.751088537554649,3.213876623656894,0.033319068333055785,0.014,56,0.10184546977987786,0.12941692178785374,0.8880089341881103,0.06612206572769953,1.179653587040591
At2g46140_tile7,nardini_Frac K+R_raw,-0.4001167813069277,0.21647700809521178,-0.4207579872107828,-2.2376929243976185,1.4779865048188972,0.05118249963663168,0.092,22,0.12224851584797812,0.1733656384998366,0.7610369765755063,0.2722117647058824,0.5650931089767912
At2g46140_tile7,nardini_Frac D+E_raw,-0.017040577870434497,0.22794639996843877,-0.0074236515673514825,-1.0913998617385905,1.4387425665482303,0.9725365093280678,0.93,24,0.10092559626305925,0.9920015720020221,0.003487639628822553,0.9718807810894141,0.01238700594874469
At2g46140_tile7,nardini_Frac Polar_raw,-0.4793704660258576,0.14576084223299396,-0.4872921786419653,-2.268837969593664,0.6826879715038925,0.0014275111957160044,0.006,40,0.09062614607898553,0.011675416771465856,1.9327276076939928,0.034101694915254235,1.4672240352582544
At2g46140_tile7,nardini_Frac Aliphatic_raw,0.7045391925478168,0.09060784425354144,0.7168666418210581,2.1513306595011676,0.23305835625561275,1.8483999315702057e-06,0.001,34,0.09295861924997377,5.46908920929302e-05,4.262084992553738,0.008902654867256637,2.050480462763511
At2g46140_tile7,nardini_Frac Aromatic_raw,-0.6837502593630513,0.08810358622641053,-0.698209916861646,-10.54524040827164,1.6356075138453228,1.2586259736309838e-05,0.001,31,0.09649050714966258,0.00026401721822521217,3.578367749128821,0.008902654867256637,2.050480462763511
At2g46140_tile7,nardini_R/K Ratio_raw,-0.32758805518381934,0.08922481518204069,-0.3264290252691163,-0.5806074201725543,0.12108607027591735,0.0002910888553398668,0.002,119,0.10884728227142318,0.0034451222173165416,2.462795366683883,0.014794117647058824,1.8299109319863278
At2g46140_tile7,nardini_E/D Ratio_raw,0.05334380946750412,0.09712410892019115,0.05372704334479817,0.2488200715075203,0.12504998076403515,0.5616949001368574,0.568,119,0.10884728227142318,0.745468429469233,0.12757074415951342,0.7548322324966974,0.12214956306914534
At2g46140_tile7,nardini_Frac Chain Expanding_raw,-0.5012527269139143,0.1828600276518712,-0.510745113354043,-3.59557915024393,1.0217751036085758,0.0023883264955501153,0.008,33,0.1040401019597994,0.01753763835418552,1.7560288898069303,0.04421978021978022,1.3543834202732226
At2g46140_tile7,nardini_FCR_raw,-0.21637051323004136,0.3123483439495707,-0.21743466877364975,-1.4282631768438947,1.4223324240066237,0.43630563446201387,0.482,15,0.15689606698169087,0.6518082270139731,0.18588016224426768,0.6917146932952924,0.16007299900790048
At2g46140_tile7,nardini_NCPR_raw,-0.03611138128198715,0.0769378527257798,-0.03637680601121274,-0.8930616947999299,0.8416730951132235,0.6944926559065692,0.656,119,0.10884728227142318,0.8289895480446193,0.081450945028933,0.811729397293973,0.09058872549849928
At2g46140_tile7,nardini_Hydrophobicity_raw,0.2602273823456858,0.2745550716506133,0.27472527472527475,0.07728542290073094,0.06389697616435062,0.34182974371948127,0.332,14,0.13085051366844627,0.5685622732196304,0.2452219611705817,0.5709264957264957,0.2434198016582356
At2g46140_tile7,nardini_Disorder Promoting_raw,0.49118954637880724,0.12288244196441536,0.5015104493145942,2.326136189398255,0.5925456118324743,0.00024171532907160329,0.001,49,0.11115698242753062,0.0029297062776630473,2.5331759183436384,0.008902654867256637,2.050480462763511
At2g46140_tile7,nardini_Iso point_raw,-0.10547517957524116,0.26003421504276714,-0.11618957372898883,-0.00988873234690431,0.020363264208828953,0.6159851977782475,0.658,21,0.12515238620880448,0.7801248756453494,0.10783587363912402,0.8127758376592732,0.0900292156497516
At2g46140_tile7,nardini_PPII_raw,-0.15220475714682044,0.38575117179718293,-0.17573375583870185,-4.300993891468269,7.396731097878633,0.6510838503222887,0.626,9,0.14292973732147893,0.8024358189487436,0.09558969361601594,0.7921459119496855,0.10119481472613201
At2g46140_tile7,nardini_A Patch_raw,0.7421189524395003,0.07305439929825168,0.7622715078796881,1.799336534810788,0.1504382448930033,6.25918251642099e-07,0.001,31,0.08476865365593561,2.3646317812123813e-05,4.626236477690612,0.008902654867256637,2.050480462763511
At2g46140_tile7,nardini_D Patch_raw,-0.12419060199690815,0.20892859369803374,-0.12194013731823919,-1.4088499365498997,2.1243494555559277,0.5445774660579815,0.57,27,0.11761968065868329,0.7364554757917878,0.1328535043575988,0.755494071146245,0.1217689395030804
At2g46140_tile7,nardini_I Patch_raw,-0.1576158984729747,0.3384821089932371,-0.16608707079395157,-0.757659062204127,1.4225667373367745,0.6059347982428583,0.638,12,0.09551150456632546,0.77474011345664,0.1108439571327223,0.8012833957553058,0.09621385664316677
At2g46140_tile7,nardini_K Patch_raw,0.12257678010793761,0.5134521059934084,0.14285714285714288,-0.4248184046904918,8.464195524812062,0.7871720116618075,0.704,6,0.0856046858611777,0.8951880649474585,0.04808571665174958,0.8361558441558441,0.07771277046868613
At2g46140_tile7,nardini_L Patch_raw,0.20698046665529912,0.48961654226979223,0.26482044885142486,7.923057224848097,17.557369888742553,0.6120552385657049,0.5281124497991968,6,0.18627349455349404,0.7784166498066992,0.10878788337454336,0.7218493539374891,0.14155342788754996
At2g46140_tile7,nardini_S Patch_raw,-0.028363438653717793,0.36155950413486554,-0.018293022999573125,0.2648087875652401,3.5365192181530074,0.9599974002377397,0.984,10,0.08424556729925523,0.9888356941295436,0.004875865188401373,0.9938795180722891,0.0026662592724486307
At2g46140_tile7,nardini_T Patch_raw,0.4980054537377242,0.1934649872656076,0.5251192927245449,3.0293099113247837,1.8451946076393784,0.04442678759891311,0.044,15,0.11275471622326277,0.15737094480460068,0.8030754478081525,0.15979783393501804,0.7964291118583525
At2g46140_tile7,nardini_V Patch_raw,-0.0875318947028313,0.08399440539154533,-0.08871322177452409,-2.4555169847694565,1.373368481731346,0.36582915690423945,0.31,106,0.10993788626109571,0.5916687060820908,0.2279214003617802,0.5529432624113475,0.25731942942916103
At2g46140_tile7,nardini_Frac A_zscore,0.2955100854308316,0.09847912614994751,0.29666168873734877,0.08260946634656179,0.005977096927197044,0.0012221495310639503,0.004,116,0.10936657810574474,0.010880375471241892,1.9633561172964027,0.026300653594771243,1.5800334587697278
At2g46140_tile7,nardini_Frac C_zscore,0.6130373398280132,0.19441310055822142,0.651489615554662,0.027938082835558375,0.008800420097911042,0.02172473506741163,0.02,12,0.09994720963981953,0.09379864153569142,1.0278034513632093,0.08902654867256637,1.0504804627635111
At2g46140_tile7,nardini_Frac D_zscore,-0.1374094276707759,0.13195901475014427,-0.13901975444537187,-0.18127912289743175,0.10005737685008796,0.3160744726435018,0.282,54,0.10509386169365964,0.5487939124506639,0.2605907147279596,0.5214926470588235,0.28275181065891025
At2g46140_tile7,nardini_Frac E_zscore,0.053480728987141346,0.10101160250151944,0.05219474786153933,0.14568434294080299,0.12343982543856107,0.581275956038448,0.582,114,0.10675212312720128,0.7604208215535483,0.11894599995755732,0.7613680104031209,0.11840537443163401
At2g46140_tile7,nardini_Frac F_zscore,-0.44292786647002563,0.1605080757388459,-0.45066640566691635,-0.1396555736534664,0.05483655718727882,0.005809784791151041,0.014,36,0.12372574257079877,0.03438025588175263,1.4636908953156436,0.06612206572769953,1.179653587040591
At2g46140_tile7,nardini_Frac G_zscore,-0.5926648699909165,0.12558440546992894,-0.6100191303818144,-0.4563991035318817,0.13864364468889442,0.00012797976069758597,0.001,34,0.0920434550520675,0.001788161656413493,2.747593221941228,0.008902654867256637,2.050480462763511
At2g46140_tile7,nardini_Frac I_zscore,-0.2709145086052469,0.1620563986945155,-0.27599209384602563,-0.040538717442417375,0.028530359696076042,0.1032424392907287,0.118,36,0.12767582785499954,0.2822334074088942,0.5493915809621697,0.3132137203166227,0.5041592219420383
At2g46140_tile7,nardini_Frac K_zscore,0.1612430182883116,0.1077233148383775,0.15604854132355145,0.23252874886244404,0.23220240508237394,0.0973267741893285,0.14,114,0.10585172915048711,0.2734936727219678,0.5630527166202066,0.3547607052896726,0.45006449036496843
At2g46140_tile7,nardini_Frac L_zscore,-0.19552243303215197,0.15704610745535494,-0.2061176526560868,-0.15500601070520423,0.0775405046950723,0.22779321991342333,0.22,36,0.11037466610181466,0.46577231551403225,0.3318263285467223,0.46012474012474014,0.3371244148317169
At2g46140_tile7,nardini_Frac M_zscore,-0.6362277913125441,0.08911989705410242,-0.6444775090451333,-0.1826758409826965,0.035600196351167616,8.324656684558065e-08,0.001,56,0.09894789932594375,4.926238014509066e-06,5.30748460875946,0.008902654867256637,2.050480462763511
At2g46140_tile7,nardini_Frac P_zscore,-0.7683184673162743,0.0770063858674335,-0.7799683601215168,-0.7242496822019402,0.11284359194170258,5.399671987659899e-08,0.001,34,0.09217449011288163,3.880050013989899e-06,5.411162676297587,0.008902654867256637,2.050480462763511
At2g46140_tile7,nardini_Frac Q_zscore,-0.2560446718542469,0.1078256414155591,-0.25448863064125077,-0.14923887250828086,0.1388878572019014,0.016098779764290173,0.016,89,0.12151447477582263,0.07429069927924732,1.1290655537297922,0.07283257918552036,1.1376743103092775
At2g46140_tile7,nardini_Frac R_zscore,-0.17604396144877307,0.10687123588401118,-0.1820433783297998,-0.17607138703362937,0.05411468563439023,0.08959903941443378,0.098,88,0.11236315570767558,0.2590133150888517,0.5866779095829294,0.2841152737752161,0.5465054183784703
At2g46140_tile7,nardini_Frac S_zscore,0.5772147729528203,0.06386095802464004,0.5815535164831597,0.739244883233247,0.07971824887976427,6.175747230589496e-12,0.001,117,0.10927530059555803,2.070933904657678e-09,8.68383376170554,0.008902654867256637,2.050480462763511
At2g46140_tile7,nardini_Frac T_zscore,-0.46822879271646045,0.16373560632623485,-0.487711859369199,-0.21659148172846926,0.07450317667165714,0.004633341432113475,0.018,32,0.13312569352536813,0.028575997396740167,1.5439986023555674,0.08120179372197309,1.090434377224946
At2g46140_tile7,nardini_Frac V_zscore,0.20195468000853775,0.14277245943600667,0.20792152876121583,0.16089458704466997,0.07556186936971448,0.14316666153476393,0.166,51,0.1080904680093579,0.34957684831061286,0.4564573374331972,0.3938584905660378,0.4046597878327689
At2g46140_tile7,nardini_Frac W_zscore,-0.005912591947036512,0.3039981383332193,-0.014870447912898295,-0.003960051967398476,0.025291362745663792,0.9653874129553172,0.984,11,0.13637601275745959,0.9900871079518735,0.004326594454354891,0.9938795180722891,0.0026662592724486307
At2g46140_tile7,nardini_Frac Y_zscore,-0.3522026231422799,0.22175090439676864,-0.3501632721648597,-0.09241102423484153,0.04016422857457552,0.15429195119999597,0.116,18,0.10143192288727072,0.36781446186539324,0.434371199010766,0.3120213903743316,0.5058156322536531
At2g46140_tile7,nardini_Frac K+R_zscore,-0.1630526326853654,0.08551771223803686,-0.16595290704889587,-0.24674180089102468,0.08065111056265316,0.07501414842906212,0.068,116,0.10565815509496757,0.22867949490798936,0.6407727756973808,0.21444514106583074,0.6686837896310361
At2g46140_tile7,nardini_Frac D+E_zscore,0.017597025161134334,0.09418312072896225,0.01940446253642478,-0.0221556830987129,0.17942382846409244,0.8362062012994729,0.838,116,0.10597291935379716,0.9295286613339997,0.03173721453404717,0.9223501094091903,0.03510419638364637
At2g46140_tile7,nardini_Frac Polar_zscore,-0.36270582528152634,0.10061183766768782,-0.3672651007619388,-0.2679108414882279,0.10789284509992564,3.980082613119509e-05,0.002,119,0.10884728227142318,0.0007024496682102151,3.1533847882935744,0.014794117647058824,1.8299109319863278
At2g46140_tile7,nardini_Frac Aliphatic_zscore,0.7015765707909248,0.09140570518295048,0.7168666418210581,0.1144239542051223,0.012659299703044774,1.8483999315702057e-06,0.001,34,0.09295861924997377,5.46908920929302e-05,4.262084992553738,0.008902654867256637,2.050480462763511
At2g46140_tile7,nardini_Frac Aromatic_zscore,-0.5568176878309137,0.1420727537248344,-0.5715796659492766,-0.2504923074346011,0.073832726170783,0.00846776046528493,0.001,20,0.12034891078904057,0.0462948160122999,1.3344676375630349,0.008902654867256637,2.050480462763511
At2g46140_tile7,nardini_R/K Ratio_zscore,-0.3292326846827624,0.09193451913042659,-0.33236919844242774,-0.21777186150061664,0.04482094482758352,0.00032232810725592694,0.001,113,0.1015964111390011,0.0037271502976949714,2.4286230939262055,0.008902654867256637,2.050480462763511
At2g46140_tile7,nardini_E/D Ratio_zscore,0.043011793610185395,0.10665798778604721,0.04368324496146142,0.07424505902886683,0.04251223324393548,0.6414945834643354,0.68,116,0.10597291935379716,0.7977052545922391,0.09815754718294627,0.8254976076555025,0.08328418101235605
At2g46140_tile7,nardini_Frac Chain Expanding_zscore,-0.4713687686463837,0.08670620848993463,-0.4715840404575091,-0.4017298371604907,0.1073326545594916,6.179145106393657e-08,0.001,119,0.10884728227142318,4.1441466513546796e-06,5.382564884356652,0.008902654867256637,2.050480462763511
At2g46140_tile7,nardini_FCR_zscore,-0.14271095054051475,0.09063423687169912,-0.13963187542594194,-0.2488490174871094,0.11332020330852102,0.13322640159712637,0.124,117,0.10554423128420534,0.3330879436386347,0.477441086630265,0.3223359173126615,0.4916912991367678
At2g46140_tile7,nardini_NCPR_zscore,-0.06448550092095369,0.0754757718494437,-0.0647282381078846,-0.15630158843942105,0.1040927821131325,0.4880878254884141,0.38,117,0.10554423128420534,0.6945068634248155,0.1583234580144927,0.6145980707395499,0.21140880735409995
At2g46140_tile7,nardini_Hydrophobicity_zscore,0.24985222265746096,0.27409647009628607,0.27472527472527475,0.032655700403827766,0.028479261181989814,0.34182974371948127,0.394,14,0.13085051366844627,0.5685622732196304,0.2452219611705817,0.6241952755905512,0.20467952274649293
At2g46140_tile7,nardini_Disorder Promoting_zscore,0.1949195266172201,0.10602809246761584,0.20017775210772926,0.1367941232010744,0.02711617937100541,0.029052353907831768,0.074,119,0.10884728227142318,0.11612643816132123,0.9350688944694897,0.2304767801857585,0.6373728218802182
At2g46140_tile7,nardini_Iso point_zscore,0.0751293798549682,0.09399281239044632,0.07871136570832342,-0.12668607441332744,0.06484264505689617,0.3948262351182743,0.412,119,0.10884728227142318,0.6225629976943322,0.2058166953700478,0.6369802130898021,0.19587405821312945
At2g46140_tile7,nardini_PPII_zscore,-0.10833027325361817,0.10309340636001983,-0.11397189152065877,-0.09008176822484247,0.15041675437436128,0.21713239770977497,0.298,119,0.10884728227142318,0.45224677452594947,0.34462452189341564,0.5401585585585585,0.2674787383265124
At2g46140_tile7,nardini_V Patch_zscore,-0.46582272285712684,0.3155769968399548,-0.5215389956432867,-0.04043171763569036,0.035673092295974214,0.14986254756085185,0.18,9,0.0868383460973356,0.36240798761109844,0.4408022388727229,0.40600896860986546,0.3914643728889272
At2g46140_tile7,cider_kappa,0.10123438638311721,0.12945641055349402,0.10029221839926002,-0.2060853102850038,0.3990693057358022,0.466281273783695,0.42,55,0.11562939885295863,0.6737824559356547,0.17148030144265558,0.6392133131618759,0.19435418836783122
At2g46140_tile7,cider_omega,0.2157809772374742,0.1280709113659296,0.2137359781651589,0.6564537910622501,0.43359076601308044,0.07349439727259725,0.102,71,0.11680975167794064,0.22679559403752406,0.6443653867446395,0.29097652893686893,0.5361420411319786
At2g46140_tile7,cider_delta,-0.0007227065655233667,0.1332876197422304,-0.009293218589521245,-0.24876307364208292,2.681212865514342,0.944307691329189,0.988,59,0.11013927891156727,0.9788265643785244,0.00929425284041719,0.994922922922923,0.0022105629184455845
At2g46140_tile7,cider_mean_net_charge,-0.30779050099427097,0.21814231930326067,-0.3174450669769185,-2.5679810738593134,1.6372306928623126,0.16084986189295078,0.172,21,0.12642510460228862,0.37895775424896605,0.4214092019558747,0.40146635730858465,0.39635084253327413
At2g46140_tile7,cider_fraction_neutral,0.2283352632882552,0.3101739685601274,0.2237055034555367,1.4858985471624955,1.453516374130504,0.44200468372861856,0.468,14,0.1558878287536125,0.6548699732415173,0.18384492216010662,0.6803583815028902,0.16726226066272518
At2g46140_tile7,sparrow_SCD,-0.17478699506857398,0.08424830575705278,-0.17937990268563733,-0.04380979538688355,0.01662081047366609,0.050936696108077655,0.036,119,0.10884728227142318,0.173115933394345,0.7616629583130079,0.13770342205323194,0.861055267002562
At2g46140_tile7,sparrow_SHD,0.551233346743137,0.13891034481692363,0.573076923076923,1.0651533156753326,0.37233324777262167,0.002749831030170032,0.002,25,0.09943209370933202,0.018999100106029936,1.7212669689545887,0.014794117647058824,1.8299109319863278
At2g46140_tile7,sparrow_complexity,-0.5246434568287828,0.12870278841901597,-0.5430478309232479,-2.4598465363950144,0.474624101434968,0.0019292831845464742,0.001,30,0.07218695781850809,0.014940794922186756,1.8256262953495939,0.008902654867256637,2.050480462763511
At2g46140_tile7,sparrow_scaled_rg,-0.317578869037351,0.5152587251921803,-0.3142857142857143,-0.02814093550024242,0.061968024563525556,0.5440932944606414,0.39,6,0.1771300689345946,0.7364554757917878,0.1328535043575988,0.6207911392405063,0.20705449053597721
At2g46140_tile7,sparrow_scaled_re,0.008854084910297714,0.33740421023387224,0.009090909090909092,-0.005625727131043865,0.013327305046692994,0.9788365001441937,0.972,11,0.1277993044066152,0.9920015720020221,0.003487639628822553,0.9907112462006078,0.004052907023453609
At2g46140_tile7,sparrow_prefactor,-0.6767977629024261,0.09334216285301007,-0.7046153846153845,-0.40215429441374717,0.09322114400975894,5.85999277488091e-05,0.001,26,0.09391001409351321,0.0009069465740815684,3.0424182953709464,0.008902654867256637,2.050480462763511
At2g46140_tile7,sparrow_scaling_exponent,-0.3289620808229043,0.3316089947838059,-0.3571428571428572,-0.6600666658035028,2.2686649755634756,0.38512064355625636,0.322,8,0.15364685767481073,0.6139958279201172,0.2118345798644139,0.5604359861591696,0.25147398600478954
At2g46140_tile7,mpipi_epsilon_self,0.37032948159031986,0.0979951285671022,0.3748574396729864,0.049668873489170394,0.015996081012882413,0.0005649375289655821,0.002,81,0.11100543666745541,0.0056832715413937555,2.2454015932757687,0.014794117647058824,1.8299109319863278
At2g46140_tile7,calvados_epsilon_self,0.2963691290738655,0.0932290886985493,0.29705985505887583,0.0235154646251015,0.005279328597871882,0.000985020857862486,0.001,120,0.10843551857542896,0.009091109935868449,2.04138309041988,0.008902654867256637,2.050480462763511
At2g46140_tile7,avg_helix_prob,0.0021384207267090716,0.10887610495850536,0.0026672356769444155,0.09570792259892198,0.4848537510107423,0.9785619333284372,0.982,104,0.10704685449873116,0.9920015720020221,0.003487639628822553,0.9938551307847083,0.0026769158904550168
At2g46140_tile7,avg_beta_prob,-0.3007248998743361,0.09218280599208487,-0.302431065705402,-1.8273991364637616,0.4350511919510782,0.001191239526458092,0.002,112,0.11069947803014037,0.01069988360372179,1.9706209466639764,0.014794117647058824,1.8299109319863278
At2g46140_tile7,avg_coil_prob,0.16859450302528264,0.10793671237254637,0.17423550232538995,0.8412098674719811,0.3982881368055885,0.10050163527689308,0.11,90,0.10919251404939288,0.2807339413274143,0.5517050770695584,0.304010989010989,0.5171107177709223
At2g46140_tile7,avg_mito_targeting,0.03077191584931884,0.10182891048264431,0.03414943641457251,-0.12522929601523855,0.8470791737361065,0.7135324776167885,0.806,118,0.10917858293806283,0.8395481549502798,0.07595438847245618,0.9049508928571429,0.04337498713712593
At2g46140_tile7,avg_nes,-0.017514466512536783,0.0977774925360601,-0.018539159926453073,-2.4135630073564354,2.218943168399571,0.8489650778932497,0.848,108,0.10889408117498639,0.9316519020153933,0.030746325063286246,0.9264355362946912,0.03318479459171073
At2g46140_tile7,avg_nis,0.11737885681316483,0.09921438407434381,0.11504424778850601,-4.13826630516459,1.778533323869356,0.22083746542170563,0.232,115,0.11049864352545463,0.4543200208880079,0.34263812435729146,0.4696016096579477,0.3282704231225238
TgL_8x,nardini_Frac A_raw,0.14593318943366024,0.10378060568730822,0.14774477119338741,0.103566897358065,0.2774089820781101,0.11190628502243964,0.158,117,0.07732819816498132,0.2994088370547188,0.5237353855979681,0.37844761904761903,0.4219942227235693
TgL_8x,nardini_Frac C_raw,-0.25034538813712365,0.17111766662402708,-0.2551461441278986,-5.437530624724149,5.3608446343978615,0.19899229118794684,0.146,27,0.09658082406181795,0.43518748898929244,0.361323598468458,0.3626567901234568,0.4405041867103228
TgL_8x,nardini_Frac D_raw,0.07855674168442456,0.08482274686862233,0.07736142669006776,0.44749720317840114,0.4605102384396118,0.3636095457610733,0.354,140,0.07718617434095068,0.5906904468165953,0.22864005289096986,0.5925524126455907,0.22727322925704313
TgL_8x,nardini_Frac E_raw,0.004689909440699633,0.09063230199529552,0.003760839077050392,-0.24107823852166171,0.9233436061073557,0.9670694951045233,0.952,123,0.08176285563420815,0.9907045947812123,0.004055822791744695,0.9812622950819672,0.008214888562308901
TgL_8x,nardini_Frac F_raw,0.04441474056210531,0.11401925831756253,0.0485504102580297,0.16574028786281336,1.1872659162122565,0.6770560544083235,0.654,76,0.07497833893820563,0.8166887179074022,0.0879434439026242,0.811729397293973,0.09058872549849928
TgL_8x,nardini_Frac G_raw,-0.15520143182684382,0.12412002877932166,-0.15332548982104066,-1.6585458345811954,0.9089974571503892,0.20175230909254788,0.208,71,0.08592490276560692,0.4358508429343833,0.3606621097531186,0.4452085106382978,0.3514365422530474
TgL_8x,nardini_Frac H_raw,0.13074540391631004,0.1621891372310291,0.1421271788962658,1.996822551129075,1.8215298263753883,0.38808274971248746,0.408,39,0.08755892743165042,0.617739313624624,0.20919475879354812,0.6343863987635239,0.19764613685891189
TgL_8x,nardini_Frac I_raw,-0.0036540302802250545,0.17416093555136294,-0.00364694997581159,1.6304400369947414,3.3589142023434255,0.9805901499121692,0.978,47,0.11182463309642847,0.9924282603738855,0.003300877259879043,0.9928032290615539,0.003136818977765317
TgL_8x,nardini_Frac K_raw,0.015161529757460126,0.10465668153753983,0.012904365649767598,0.21345819088514176,0.3857174991968663,0.9022914458943174,0.846,93,0.08003155342263148,0.9605345974282363,0.017486987698105225,0.9260892274211099,0.033347167627179146
TgL_8x,nardini_Frac L_raw,-0.14046377045885725,0.07633363327705657,-0.1439360421949997,-0.8971992082038683,0.5664923072874795,0.07887272991666709,0.066,150,0.07410704175093312,0.23827617506356485,0.6229193800442361,0.2107809523809524,0.6761686375278232
TgL_8x,nardini_Frac M_raw,0.1524614592841821,0.09922556212344541,0.15032004187525966,3.6553942337470833,1.7170295786908514,0.18041518375361504,0.124,81,0.08489550498463003,0.40760324047761404,0.38976237197681746,0.3223359173126615,0.4916912991367678
TgL_8x,nardini_Frac N_raw,-0.0031292150038251623,0.0890714491124114,-0.006640863018288401,-0.2586462871097528,0.38509431729332216,0.9390665099380371,0.964,135,0.0776958607518963,0.9772448574879916,0.00999660625817586,0.9875600814663951,0.0054364731642103205
TgL_8x,nardini_Frac P_raw,0.09675600127456621,0.12013747021764092,0.09941130972228136,0.04039695210661731,0.8479593509321615,0.4027127395378459,0.398,73,0.07909163112992412,0.6280402800539543,0.20201250141539664,0.626585289514867,0.20301980536480368
TgL_8x,nardini_Frac Q_raw,0.14267744186763306,0.09300624251868081,0.1438343675798032,0.2529784582248184,0.45646016787145755,0.10953329466040428,0.138,125,0.07777562340975612,0.29462699045017837,0.5307274704375512,0.3514632911392405,0.45412002850531513
TgL_8x,nardini_Frac R_raw,0.03815723220276378,0.12183517606465499,0.034433346693243855,-0.07044932271364719,0.5776917881172369,0.7647218319274367,0.762,78,0.08716740155819423,0.8772065711733197,0.05689812367301071,0.8740843785632839,0.05844664130653143
TgL_8x,nardini_Frac S_raw,-0.20322460889254215,0.1009533066902941,-0.20789244809603374,-0.41123251462462446,0.582420574505136,0.03165559095855378,0.04,107,0.07909317816254705,0.12391254670935839,0.9068847171044471,0.14903703703703705,0.8267057921111163
TgL_8x,nardini_Frac T_raw,-0.14597399308149991,0.10790952105119678,-0.14296134625872733,0.0900079836257213,0.7001970351431862,0.1580547107075498,0.174,99,0.07684159779385397,0.3732465703563265,0.428004174178062,0.4023999999999999,0.3953420279521291
TgL_8x,nardini_Frac V_raw,0.0816249819950333,0.11847371616118291,0.08238487931530733,1.2594781435603504,2.81756233877005,0.4535074514189331,0.518,85,0.08611113109657093,0.6679773003330114,0.1752382957693926,0.7215448275862069,0.14173668221628596
TgL_8x,nardini_Frac W_raw,0.10156006024640053,0.09605112426517995,0.09973714184496854,0.9939339572568865,1.1044785620410762,0.29542768078045833,0.318,112,0.07614306406563956,0.5278867617498065,0.277459229022149,0.5563617391304347,0.25464274398528924
TgL_8x,nardini_Frac Y_raw,0.27266259023855943,0.11841457163334732,0.277554694494529,3.4297618620302956,2.3486697218073855,0.04215434914396373,0.038,54,0.07612061600377604,0.15309485645786106,0.815039400088759,0.1437142857142857,0.8425000592943482
TgL_8x,nardini_Frac K+R_raw,0.10440439632636234,0.14277389240026928,0.1083739675946711,0.33519888351998817,0.3685670541280318,0.4398537261700721,0.486,53,0.09827661868370689,0.654575219714634,0.18404043982376694,0.6953654390934845,0.15778689832918452
TgL_8x,nardini_Frac D+E_raw,0.17765282683047512,0.1252496589400243,0.18068731147806766,0.3810442213516001,0.370622202760731,0.15306199300019224,0.154,64,0.09837865342857627,0.367432032975793,0.4348229842898988,0.37241346153846155,0.4289746290703711
TgL_8x,nardini_Frac Polar_raw,-0.2742517158948572,0.10762539159200832,-0.2821741251050455,-0.38337961655235153,0.2438833410779868,0.010217265052626882,0.012,82,0.0863493116972164,0.052982312592487854,1.2758690893714226,0.05888780487804878,1.229974634288221
TgL_8x,nardini_Frac Aliphatic_raw,0.1964866182800829,0.11606941656708583,0.19790646940488785,0.5047218771589347,0.8396972454774676,0.09327413311754802,0.096,73,0.07909163112992412,0.2658180677514258,0.5754155032350242,0.2799304347826087,0.5529498813137971
TgL_8x,nardini_Frac Aromatic_raw,0.01005037823081863,0.12402640882553936,0.01722477779068448,0.8731891290019754,1.547621347833231,0.8942901186910444,0.906,62,0.07850089190439732,0.9578437405808399,0.018705334489957218,0.9665281018027572,0.014785514340606707
TgL_8x,nardini_R/K Ratio_raw,0.029852068449310907,0.061701704455531164,0.03136015889181873,-0.003540570071185193,0.022387380387307722,0.6202656085281133,0.584,252,0.08032009684066424,0.7809091479036735,0.10739948963003862,0.7616485788113694,0.11824536394489342
TgL_8x,nardini_E/D Ratio_raw,-0.06725728437392589,0.0624278824249579,-0.06664545222633776,-0.0383272138236157,0.03315825953492905,0.2919396761129706,0.28,252,0.08032009684066424,0.5244487753029436,0.28029692441929677,0.5206654343807764,0.28344125304444157
TgL_8x,nardini_Frac Chain Expanding_raw,0.17960815372105052,0.10796282213501639,0.18282568690612183,0.18946981150608116,0.20818744441240103,0.07009619072900637,0.09,99,0.08400276798752367,0.22157949153854337,0.6544704385456567,0.2694642857142857,0.5694987872306105
TgL_8x,nardini_FCR_raw,0.19602554179586917,0.17540376955042017,0.20460571811979292,0.25293728375334007,0.25867963404013744,0.20535038600436387,0.25,40,0.09001746185842355,0.43767476339065686,0.35884849436508426,0.49217221135029354,0.3078829107427665
TgL_8x,nardini_NCPR_raw,-0.08348954748715075,0.1400052696290341,-0.07775262818126678,-0.114463785257012,0.22447946127810361,0.5954028496760952,0.58,49,0.10308852081954763,0.773276283194519,0.11166530966638609,0.7597395833333334,0.11933524574866611
TgL_8x,nardini_Hydrophobicity_raw,-0.3017792662244816,0.2095802066757294,-0.3149200213168129,-0.32366254755543117,0.19010597452571334,0.20306760486714284,0.172,18,0.11151152573691052,0.4358508429343833,0.3606621097531186,0.40146635730858465,0.39635084253327413
TgL_8x,nardini_Disorder Promoting_raw,0.008974403679237923,0.09214689337953749,0.014831780031188489,0.0867131568561187,0.22002360989879494,0.8749893335629735,0.912,115,0.07221507874863652,0.9454771960948994,0.024348941413951882,0.9677974683544304,0.01421551828974149
TgL_8x,nardini_Iso point_raw,0.10568706754261804,0.11978170422345713,0.10569873273671987,0.003181972797149132,0.006973827917535961,0.38033150259973436,0.396,71,0.07118950662894757,0.6092571522537146,0.21519936379922638,0.6244137931034484,0.20452751207574138
TgL_8x,nardini_PPII_raw,0.13996564269339462,0.11096374447510297,0.14725084107231465,0.6161445610485003,0.6433456973172177,0.19242417882689647,0.196,80,0.08627495659009457,0.4245147453944251,0.37210722006734726,0.4295773420479303,0.3669586334608766
TgL_8x,nardini_A Patch_raw,-0.00658698541280765,0.1291946816583368,-0.005084436657608625,0.18364234452497966,0.6231733027784176,0.9681935371127315,0.972,64,0.08976673688098027,0.9908470990187263,0.003993357800999845,0.9907112462006078,0.004052907023453609
TgL_8x,nardini_D Patch_raw,0.1356143156913381,0.258461789966964,0.14078757258799743,2.8989178808451417,3.2134170179529233,0.5653638963859814,0.612,19,0.11533840741413996,0.7483632628477596,0.12588754016468082,0.7823024142312579,0.1066253294935948
TgL_8x,nardini_G Patch_raw,0.29243907842192374,0.23663367974920424,0.3085865949399515,1.1089091028949964,1.7199094609990582,0.24487968667980733,0.222,16,0.07548638970107126,0.4866954521993662,0.3127427118907608,0.4623850931677018,0.33499617558096495
TgL_8x,nardini_K Patch_raw,0.23550789329019375,0.14683379046844,0.2339652386344718,0.35200525667736765,0.6714686732873125,0.08860924263907169,0.108,54,0.10519904902847514,0.2583652264925304,0.5877659386593604,0.30013259668508285,0.5226868343263075
TgL_8x,nardini_N Patch_raw,-0.3260176738062267,0.45296866735165486,-0.3768511731740915,-2.670069341488987,30.599157798548735,0.46148284035080467,0.3683683683683684,6,0.058437866258907706,0.673669189483235,0.17155331481653618,0.6085034131011143,0.21573698146543135
TgL_8x,nardini_P Patch_raw,0.6943027130173716,0.16311956097267308,0.7344596706363699,4.656742484184539,2.614584431887727,0.0027762104528691856,0.002,14,0.06781138286081649,0.018999100106029936,1.7212669689545887,0.014794117647058824,1.8299109319863278
TgL_8x,nardini_Q Patch_raw,0.38691514314559705,0.279478861674694,0.41113917919510845,5.899181055274047,4.081647682028585,0.20904186646203374,0.174,11,0.08410896947505701,0.4417985665142982,0.3547756975998038,0.4023999999999999,0.3953420279521291
TgL_8x,nardini_S Patch_raw,-0.25910407536200275,0.19904171906910126,-0.27595157583140695,1.7770621127960293,2.7849026823597747,0.17239482893413385,0.192,26,0.07873181900325339,0.39686315310695347,0.4013592214384567,0.4226520787746171,0.374016990646392
TgL_8x,nardini_T Patch_raw,0.5712461044435401,0.3064104256208407,0.6306562238868914,6.8866721107196796,10.481855121398615,0.1288876956849578,0.11211211211211211,7,0.13037619895197755,0.3266020701739737,0.48598106680607456,0.3073154898767978,0.5124155490879814
TgL_8x,nardini_Frac A_zscore,0.14897608561657916,0.10005416308088284,0.1497856059678556,0.004975832741979663,0.011428201647187122,0.09280092020902612,0.124,127,0.07524008233692081,0.2658180677514258,0.5754155032350242,0.3223359173126615,0.4916912991367678
TgL_8x,nardini_Frac D_zscore,0.05314346449099453,0.0851107842491381,0.05706815101294513,0.01989502241446644,0.028940669407854547,0.5189799632147372,0.496,130,0.07895391523985379,0.7181483397441893,0.14378583921408836,0.7027830985915493,0.15317869150896923
TgL_8x,nardini_Frac G_zscore,-0.150911743355595,0.13057019595312497,-0.15332548982104066,-0.06685646796097579,0.03832476120474398,0.20175230909254788,0.244,71,0.08592490276560692,0.4358508429343833,0.3606621097531186,0.4851067193675889,0.3141627097811611
TgL_8x,nardini_Frac K_zscore,-0.026724891705698063,0.10535640834243723,-0.03020567670869129,0.002479954025802356,0.02428640987265733,0.7701766828736886,0.778,96,0.08461929913407477,0.8814258371362572,0.05481422321429568,0.8843706214689266,0.05336569298822787
TgL_8x,nardini_Frac L_zscore,-0.07330507755212895,0.09361686341336703,-0.07361678659957906,-0.012411153148922818,0.021591189097907883,0.4783296116495154,0.436,95,0.0816033803089883,0.6874279847420178,0.16277279199563735,0.652702380952381,0.1852848030653306
TgL_8x,nardini_Frac M_zscore,-0.09280466942147754,0.06443357147565856,-0.09488820743317852,0.005437753970738164,0.024295849323491395,0.13304387244055796,0.148,252,0.08032009684066424,0.3330879436386347,0.477441086630265,0.3667192118226601,0.43566633746232813
TgL_8x,nardini_Frac N_zscore,0.054089960444668864,0.09305477866441317,0.058122693008710286,0.0005294090735305747,0.021532560680053346,0.5501698575061935,0.544,108,0.06868117380449128,0.7411648193603689,0.13008520338480745,0.733597855227882,0.1345419470545803
TgL_8x,nardini_Frac Q_zscore,0.2103104062000828,0.09949096618416678,0.2102127914742535,0.029853539556235136,0.02585800714428255,0.033952462130346604,0.044,102,0.07271586230683551,0.13086657817290684,0.8831712531314104,0.15979783393501804,0.7964291118583525
TgL_8x,nardini_Frac S_zscore,-0.14657077977496125,0.061498761219957225,-0.14971241602392352,-0.031969618911590565,0.043664472333601816,0.01832063565633678,0.016,248,0.07893895301195894,0.08377527031943091,1.0768841621432694,0.07283257918552036,1.1376743103092775
TgL_8x,nardini_Frac W_zscore,0.13050115325062805,0.13557042411136314,0.1300532169486953,0.005027770677526798,0.011477080085350788,0.32621732598722497,0.338,59,0.08572671465331017,0.5543490370661289,0.25621670252738754,0.5753434856175973,0.24007279988369204
TgL_8x,nardini_Frac K+R_zscore,0.02198417343218367,0.14450334531740947,0.01584436605708295,0.008469994647943907,0.040396156277571975,0.9085932183756031,0.862,55,0.09899260969122342,0.9610592725429953,0.017249826749212605,0.9364708423326134,0.02850574013731296
TgL_8x,nardini_Frac D+E_zscore,0.031933235154979665,0.0694464810081121,0.029308291650871822,0.01853176060899486,0.04658786047780637,0.6500686160584177,0.65,242,0.08139921064998056,0.8024159849751757,0.09560042829600834,0.8112903225806452,0.09082370444232649
TgL_8x,nardini_Frac Polar_zscore,-0.1279247951461968,0.06506483809106536,-0.13005880247067825,-0.04118246244633554,0.02833939259195727,0.039100676594123536,0.068,252,0.08032009684066424,0.14461500240326572,0.8397866508659418,0.21444514106583074,0.6686837896310361
TgL_8x,nardini_Frac Aliphatic_zscore,0.10382732865783938,0.11398867874584824,0.10614337610379836,-0.011741637008102636,0.029270289061221765,0.33657144397953676,0.378,84,0.0757584566834126,0.5643181210723567,0.24847600368109696,0.6123478260869565,0.21300181961944628
TgL_8x,nardini_Frac Aromatic_zscore,0.016965905582443108,0.158159929677007,0.011148342321102274,0.01574070678384022,0.05507640107096528,0.9455670953406723,0.894,40,0.0835091004984714,0.9788265643785244,0.00929425284041719,0.9577891373801918,0.01873009275028462
TgL_8x,nardini_R/K Ratio_zscore,0.04618574358531972,0.061990142870023586,0.04651574864533961,0.000938573406914315,0.008641370788349393,0.4695203503399493,0.444,244,0.0811863776156738,0.6767012499168897,0.16960302134199765,0.6617244444444444,0.1793228219964965
TgL_8x,nardini_E/D Ratio_zscore,-0.013486800497996347,0.0657864833061501,-0.013400711657003895,-0.004103380807018318,0.011938722379412117,0.8429706852416673,0.804,221,0.083279589956253,0.9296494365368014,0.03168078959631647,0.903713966480447,0.04396900584755209
TgL_8x,nardini_Frac Chain Expanding_zscore,-0.08381566657816861,0.06637103767535912,-0.08527594664277027,-0.010589203422344855,0.02591717784634905,0.18070680442645712,0.198,248,0.08081056642233699,0.40760324047761404,0.38976237197681746,0.4320780911062907,0.3644377544082084
TgL_8x,nardini_FCR_zscore,-0.021637201303624804,0.06895632281736624,-0.023738108161258736,0.016527278235211107,0.04343545525364225,0.7098988573965035,0.76,248,0.08081056642233699,0.838961765957793,0.0762578308422318,0.8727853881278539,0.05909253316738078
TgL_8x,nardini_NCPR_zscore,-0.09623884365476706,0.14333798503899484,-0.09881044557188354,-0.01297254543981731,0.029209108963725854,0.5233890271077966,0.504,44,0.09839598081011959,0.7214382146070629,0.1418008568147003,0.7091244755244756,0.14927752463564672
TgL_8x,nardini_Hydrophobicity_zscore,-0.0022818516081925958,0.08451775996616337,-0.005680733572127591,-0.05663384807492705,0.05158933455193356,0.9457449508707015,0.952,146,0.07624310659466373,0.9788265643785244,0.00929425284041719,0.9812622950819672,0.008214888562308901
TgL_8x,nardini_Disorder Promoting_zscore,-0.06278293335009627,0.06278470626693837,-0.06515338015148654,-0.010383316451180177,0.013808150284497061,0.3029016792115562,0.318,252,0.08032009684066424,0.5355344275691135,0.2712126047150656,0.5563617391304347,0.25464274398528924
TgL_8x,nardini_Iso point_zscore,0.05158877288730382,0.09926401125759109,0.04867114917207737,0.01167112945579709,0.022061625583262395,0.6487129875211624,0.59,90,0.07717588708201745,0.8017263703271368,0.0959738313842605,0.7648711340206186,0.11641172889613564
TgL_8x,nardini_PPII_zscore,-0.044949309707831855,0.06177340382127348,-0.04604248546849801,-0.004050402408430244,0.017636927483545124,0.4668254192715222,0.486,252,0.08032009684066424,0.6737824559356547,0.17148030144265558,0.6953654390934845,0.15778689832918452
TgL_8x,cider_kappa,0.18919545870309432,0.07802237485537206,0.18994202894798012,0.305374184831613,0.10040191316081458,0.015480942662677953,0.016,162,0.09038538588818047,0.07311656487630995,1.135984220588058,0.07283257918552036,1.1376743103092775
TgL_8x,cider_omega,0.11443674639291539,0.07260564357659106,0.11680295786517937,0.19155606951460158,0.07930059180276217,0.10213825085189511,0.116,197,0.08546549740782254,0.2822334074088942,0.5493915809621697,0.3120213903743316,0.5058156322536531
TgL_8x,cider_delta,0.18639877847574338,0.08090892962869553,0.1848470628715196,2.1649989831022296,0.7002805416440044,0.018531156243195096,0.032,162,0.09038538588818047,0.0843544940301098,1.073891775191187,0.12774603174603175,0.8936525817417296
TgL_8x,cider_mean_net_charge,-0.004916763462506555,0.12945327082839989,-0.012339153141818458,-0.18025001638737684,0.3973781373025076,0.9336624373207572,0.98,48,0.10400961438129952,0.9772448574879916,0.00999660625817586,0.9928298086606243,0.003125192082977752
TgL_8x,cider_fraction_neutral,-0.22921394151564192,0.19579232858048698,-0.22605030123835798,-0.2470646614243616,0.2577622997985838,0.2058932088697466,0.26,33,0.09404158677985562,0.4379039495200107,0.35862113782451815,0.5020345489443379,0.2992663946087979
TgL_8x,sparrow_SCD,-0.16389359777843027,0.08396967414218764,-0.1617411674004685,-0.015746507423709144,0.007356471222384695,0.05994394119261109,0.064,136,0.0924857076582746,0.19452775754763468,0.7110184195842592,0.20635897435897435,0.6853766393146471
TgL_8x,sparrow_SHD,-0.10563930511317011,0.14848538441243245,-0.1077922077922078,-0.03236357887651351,0.07148655566510152,0.4334314408540457,0.48,55,0.05779151136062626,0.6517668602379223,0.18590772546291878,0.6917146932952924,0.16007299900790048
TgL_8x,sparrow_complexity,0.11020472798621943,0.1545641136226417,0.11271777003484322,0.4640692384431034,0.4360254149108525,0.482887030417786,0.472,41,0.09285752732149267,0.6920005022796193,0.1598935903160921,0.6841959654178673,0.1648194911008586
TgL_8x,sparrow_scaled_rg,-0.18652385946858757,0.0960064753602855,-0.1901554273622692,-0.017645640986056088,0.00813676188188273,0.05088953690264719,0.064,106,0.08955586130066916,0.173115933394345,0.7616629583130079,0.20635897435897435,0.6853766393146471
TgL_8x,sparrow_scaled_re,-0.21541192623325775,0.09619878969307417,-0.2138271804945222,-0.005933879020027622,0.002310021279399357,0.022349381855721523,0.028,114,0.08628721772502851,0.09608323994382843,1.0173523608715695,0.11544262295081968,0.9376338142766015
TgL_8x,sparrow_prefactor,0.2851229419315382,0.12706501063378278,0.28228450555261764,0.01673430056824143,0.008292684783345359,0.027514499037815065,0.04,61,0.0859478054129644,0.11161123400016917,0.9522920901767654,0.14903703703703705,0.8267057921111163
TgL_8x,sparrow_scaling_exponent,-0.23249134949461756,0.09846210258692586,-0.2335946248600224,-0.5382724315456208,0.43374827150951123,0.023455844103715134,0.022,94,0.08192053861233177,0.09956362518285833,1.001899298802612,0.09498712446351931,1.0223352594839041
TgL_8x,sparrow_asphericity,-0.21555344879545285,0.0946488047833584,-0.2136149493947659,-1.2581960203204567,0.586136514027444,0.025042283060689535,0.028,110,0.0899195037981243,0.10410139156633749,0.9825434650567813,0.11544262295081968,0.9376338142766015
TgL_8x,mpipi_epsilon_self,-0.12606087177438782,0.06349883439146814,-0.13080825761823187,-0.004473264490131767,0.0031618013457812974,0.049527549785718404,0.048,226,0.08098537875092685,0.1695337138108404,0.7707439242097224,0.17002816901408452,0.7694791219515419
TgL_8x,calvados_epsilon_self,-0.1251892301243924,0.06726942014260012,-0.1209113892578444,-0.003285160618894791,0.0018270122962540539,0.07026228409621803,0.05,225,0.0814754627355374,0.22157949153854337,0.6544704385456567,0.1746527777777778,0.7578245027033034
TgL_8x,avg_helix_prob,0.08730235121368046,0.06577440928664392,0.08878358483621641,0.04343683755277339,0.057874521015897164,0.2011233785728411,0.17,209,0.07986728981403005,0.4358508429343833,0.3606621097531186,0.3989399259108803,0.3990924973199485
TgL_8x,avg_beta_prob,0.021026049020781097,0.06188591673623295,0.020449569381511757,-0.21484260451061676,1.196768137609691,0.7511171044739419,0.718,243,0.08101702921999795,0.8670951144502036,0.06193326075308187,0.8418508158508158,0.07476486288649654
TgL_8x,avg_coil_prob,-0.030850228779068886,0.06419374536804746,-0.031647824494322255,-0.010264682735176462,0.050798174953806306,0.6234830513579162,0.626,243,0.08035373724968574,0.7811008090486471,0.10729291236053462,0.7921459119496855,0.10119481472613201
TgL_8x,avg_mito_targeting,-0.15144484684273685,0.24415994096954802,-0.15332483722608845,-0.0766688848558448,0.3030388965548325,0.5186862322764687,0.534,20,0.06397445606185338,0.7181483397441893,0.14378583921408836,0.7249716599190283,0.13967897023086315
TgL_8x,avg_nes,0.10250696517751495,0.06224424768397285,0.10299025539273456,2.672078987229093,1.4900574947234773,0.10566181772839181,0.084,248,0.0806507619561963,0.2872859152290869,0.5416856656482599,0.25376576576576576,0.5955669667245296
TgL_8x,avg_nis,0.2299412477532272,0.062448445483049606,0.22512841613686124,0.8368009128871317,0.3372385025481453,0.00040497543044284404,0.001,243,0.08092333686348084,0.004243805031515636,2.372244576627886,0.008902654867256637,2.050480462763511
A0A438HAK2,nardini_Frac A_raw,0.21066531709038458,0.0820613585794517,0.2114044428445216,1.0551126254198058,0.49476285796023434,0.007666420609230868,0.022,158,0.11987175363100626,0.04237592930157282,1.372880764632644,0.09498712446351931,1.0223352594839041
A0A438HAK2,nardini_Frac C_raw,0.0509076471212708,0.25646461591429465,0.04428074427700477,6.055249731915994,13.420318841413613,0.865993857774439,0.838,17,0.1468571053886756,0.9397948445750655,0.026966941712239196,0.9223501094091903,0.03510419638364637
A0A438HAK2,nardini_Frac D_raw,0.10268628397882135,0.08545326963163129,0.10651891208024934,1.224835333132474,0.8056768804661967,0.22412549180669541,0.238,132,0.12326819774199056,0.45920620113551036,0.33799225584364206,0.4781879228425087,0.3204013966625059
A0A438HAK2,nardini_Frac E_raw,0.096516084016804,0.08625700019476218,0.09652349177149168,1.0777371551226778,0.7603903102916902,0.269056232006526,0.26,133,0.12481441322890205,0.5060359052860601,0.29581866712386823,0.5020345489443379,0.2992663946087979
A0A438HAK2,nardini_Frac F_raw,-0.40337234132206984,0.0746567780761086,-0.4036970568433172,-6.069612878765088,1.2893159328169437,4.399750841755444e-06,0.001,121,0.11178338246246891,0.00011349100889246093,3.945038543255537,0.008902654867256637,2.050480462763511
A0A438HAK2,nardini_Frac G_raw,0.21850855445975162,0.10221454281094706,0.21697250543286312,1.8499075185855351,0.6744425287000387,0.0488069027428661,0.034,83,0.10300332442956547,0.16953123094667275,0.7707502846089557,0.13206177606177608,0.8792228663190881
A0A438HAK2,nardini_Frac H_raw,0.10964752307284832,0.1201941121621395,0.11378794810153216,0.7419601565260372,3.295682967342052,0.3180386192432774,0.342,79,0.09744450474191806,0.5487939124506639,0.2605907147279596,0.5801888701517707,0.23643060658821896
A0A438HAK2,nardini_Frac I_raw,-0.31825119772596144,0.07551914582870797,-0.31873274317771116,-5.999178926321813,1.358019140703406,0.00012399970767784153,0.001,140,0.11541870250875767,0.0017820529417701225,2.749079397955097,0.008902654867256637,2.050480462763511
A0A438HAK2,nardini_Frac K_raw,0.15522644217922563,0.08128718901907492,0.15778656671379404,0.5317491618890954,0.3622595649720174,0.044262132088856675,0.058,163,0.1171037393810085,0.15737094480460068,0.8030754478081525,0.19384717607973423,0.7125405213109974
A0A438HAK2,nardini_Frac L_raw,-0.22923784110321066,0.07927738874437282,-0.23084345509727747,-2.804947822715275,0.978041767899252,0.004907674371048375,0.002,147,0.10836774862718754,0.029921941922876758,1.5240102243429379,0.014794117647058824,1.8299109319863278
A0A438HAK2,nardini_Frac M_raw,0.13508663419479175,0.08213117348393502,0.13466918145596785,2.550554245595612,2.2311460077681513,0.08556768677162631,0.104,164,0.10303307155727934,0.2544778659553751,0.5943499858674126,0.2930644257703081,0.5330368960935042
A0A438HAK2,nardini_Frac N_raw,-0.14932684976610935,0.08046169915486535,-0.15100152276390022,-1.2069337130120394,0.5667806205451836,0.05664985664669489,0.078,160,0.11764894418323342,0.18746630192952324,0.7270767876766867,0.2406993865030675,0.61852501665755
A0A438HAK2,nardini_Frac P_raw,0.1669312619058692,0.09954036428114314,0.1645112550464488,1.537268246603342,0.8199155506140755,0.13481341182589912,0.084,84,0.1018239014292728,0.3348698575230976,0.4751239426379051,0.25376576576576576,0.5955669667245296
A0A438HAK2,nardini_Frac Q_raw,-0.14051666383254088,0.08010426575148118,-0.1375253638616325,-1.3522259237911525,0.7232277552985462,0.0944198660124111,0.088,149,0.11983209156953342,0.2668156887878808,0.5737886374478363,0.2642626865671642,0.577964154166768
A0A438HAK2,nardini_Frac R_raw,-0.15049906975089097,0.08242397248921518,-0.14873134382748915,-0.3466961702815578,0.5151752060732262,0.05890499114024448,0.062,162,0.1200720553772313,0.19239747106196733,0.7158006407756012,0.2025064935064935,0.6935610462822818
A0A438HAK2,nardini_Frac S_raw,0.12204272660510841,0.08623962581199925,0.12075553323453314,0.508175109982897,0.33833675765978366,0.15376628815388554,0.154,141,0.11609124875399345,0.367432032975793,0.4348229842898988,0.37241346153846155,0.4289746290703711
A0A438HAK2,nardini_Frac T_raw,-0.33666209070805186,0.07283366833956775,-0.33633188919122325,-2.1983106075350345,0.5611043044407417,0.0001963302037301084,0.001,118,0.11114672245766742,0.002468852311906113,2.6075048890241748,0.008902654867256637,2.050480462763511
A0A438HAK2,nardini_Frac V_raw,-0.07378891743885288,0.08131126085741512,-0.0723996647344155,-0.6939249187180574,1.0167972393417501,0.39873896702051514,0.386,138,0.1144928391487586,0.625790016883991,0.20357136935661574,0.6193237639553429,0.20808225543905287
A0A438HAK2,nardini_Frac W_raw,0.346280290112692,0.2211570966914189,0.3669344073583771,19.19306365072746,10.794741068228753,0.13417713918684776,0.1797520661157025,18,0.1530352555041356,0.3341143614405169,0.4761048564171804,0.40600896860986546,0.3914643728889272
A0A438HAK2,nardini_Frac Y_raw,0.21817504071378324,0.07699179775648184,0.2220811108969739,5.335394541489443,2.3331320230964177,0.011753566439163806,0.012,128,0.11043780502379844,0.05882630765074024,1.2304284101070841,0.05888780487804878,1.229974634288221
A0A438HAK2,nardini_Frac K+R_raw,0.03090590989171286,0.1467866308687875,0.04285612185260924,0.18058976873809907,0.4950093916160419,0.751597355666578,0.834,57,0.15037852218255088,0.8670951144502036,0.06193326075308187,0.9219824175824175,0.03527736096344633
A0A438HAK2,nardini_Frac D+E_raw,0.18427017479288013,0.12071844222334856,0.18717660315632725,0.9984061334361559,0.5396944134453383,0.16325682932535449,0.132,57,0.15327765464473175,0.38283536200770774,0.4169879538222649,0.3378931297709924,0.4712206384496682
A0A438HAK2,nardini_Frac Polar_raw,-0.16367528981080504,0.11743394459955346,-0.16855752365508153,-0.7797958595394742,0.44465629549439933,0.12769246028837875,0.15,83,0.12837427503679416,0.32603709403580966,0.4867329863780519,0.36985294117647055,0.43197092331429016
A0A438HAK2,nardini_Frac Aliphatic_raw,0.11319380679020295,0.13701677062225956,0.11735619615223111,0.29972455045163415,0.5565767139244872,0.37185402558658454,0.416,60,0.10680590178616718,0.5985362395841665,0.22290954922589779,0.6369802130898021,0.19587405821312945
A0A438HAK2,nardini_Frac Aromatic_raw,0.17528832256728463,0.11013833999667731,0.17460648466815956,4.128099501708535,1.8481016998802844,0.11666328403504166,0.118,82,0.10521449727779864,0.3072336747100835,0.5125311846715846,0.3132137203166227,0.5041592219420383
A0A438HAK2,nardini_R/K Ratio_raw,-0.17833812924287548,0.06519047794313095,-0.1794459959690613,-0.1250390143896885,0.03708777798793814,0.002771794446073625,0.006,276,0.10131351364335055,0.018999100106029936,1.7212669689545887,0.034101694915254235,1.4672240352582544
A0A438HAK2,nardini_E/D Ratio_raw,-0.004588344270774437,0.0825993382780881,-0.0008656395703051612,0.02322671589973027,0.0695472614617078,0.9921402863746034,0.958,132,0.1276152629160419,0.9982817736644609,0.0007468580356622492,0.9854274028629857,0.00637536498914843
A0A438HAK2,nardini_Frac Chain Expanding_raw,0.18544030888274254,0.11637164305259179,0.18180377750197085,0.7426025647966447,0.32124223324535883,0.09998389214656873,0.114,83,0.12427075222283174,0.28017770334108116,0.552566429011787,0.3116413043478261,0.5063449866171364
A0A438HAK2,nardini_FCR_raw,0.17142427442770866,0.17267235514884938,0.17028928243359537,0.5192880490479979,0.377920030892232,0.2999919978784986,0.324,39,0.16406539270009662,0.5341450440102117,0.2723407967917399,0.5610051635111877,0.25103314146380995
A0A438HAK2,nardini_NCPR_raw,0.06966191184481833,0.1481878956180233,0.07744678698353126,-0.08806412965362018,0.3803918305308389,0.6215674174968562,0.66,43,0.16089302620277435,0.7809091479036735,0.10739948963003862,0.81335833717,0.08971807732186204
A0A438HAK2,nardini_Hydrophobicity_raw,-0.1750786487819342,0.18755422987373785,-0.18564102564102564,-0.03628066469931491,0.1105059876285249,0.3638989666000729,0.352,26,0.13547305135332263,0.5906904468165953,0.22864005289096986,0.5921605351170568,0.22756053979037127
A0A438HAK2,nardini_Disorder Promoting_raw,0.4911361293744552,0.06915865563967491,0.4979854085782206,1.7273135512836195,0.3531106060841934,7.972688778035183e-10,0.001,135,0.11222493623297312,1.1457892729576277e-07,6.940895247994171,0.008902654867256637,2.050480462763511
A0A438HAK2,nardini_Iso point_raw,-0.0655227518005881,0.13443002440447774,-0.07062329302246667,-0.007410364326795533,0.011255266761625948,0.6083943236886139,0.626,55,0.13843391014879522,0.77474011345664,0.1108439571327223,0.7921459119496855,0.10119481472613201
A0A438HAK2,nardini_PPII_raw,0.3293559018658444,0.08525293091825613,0.3359354706796731,4.10447250470102,1.3536566544275,0.0013750959852038584,0.001,88,0.10794499809949588,0.011527888009292346,1.9382502512418296,0.008902654867256637,2.050480462763511
A0A438HAK2,nardini_A Patch_raw,-0.07462268775525656,0.13088544707732033,-0.07747919939543495,-0.42549167073780636,0.7082245190815741,0.5363459473286041,0.564,66,0.08066561306971834,0.7311165623476635,0.13601337769495064,0.7534980079681275,0.1229178914974497
A0A438HAK2,nardini_E Patch_raw,0.18117155157851245,0.3628574538372882,0.20532549351600388,1.3387268916681534,3.0590036089184407,0.5220537995336174,0.59,12,0.05647185511315622,0.72140950869618,0.14181813766630333,0.7648711340206186,0.11641172889613564
A0A438HAK2,nardini_G Patch_raw,-0.5238478423525044,0.16481802289017605,-0.542638699287773,-3.751049767090978,1.966208242540002,0.009071803624844568,0.016,22,0.0748360951034276,0.048286954743881665,1.3161701828711543,0.07283257918552036,1.1376743103092775
A0A438HAK2,nardini_K Patch_raw,0.01133138261431497,0.08096157965154588,0.009865559885645149,0.05774942221048257,0.34805017277863537,0.9055959769026241,0.868,147,0.10322252787040184,0.9610016379367508,0.017275872116796633,0.9389333333333333,0.027365242657534646
A0A438HAK2,nardini_N Patch_raw,-0.5303669070599071,0.3649969156421103,-0.6087595874350709,-7.054520418931415,4.690190275734935,0.19966018946036257,0.1021021021021021,6,0.27118869902357523,0.435238442785696,0.3612727522061224,0.29097652893686893,0.5361420411319786
A0A438HAK2,nardini_R Patch_raw,0.1444498178889464,0.3313860187267856,0.1739313106957345,0.9342510010450465,1.2595368506916762,0.5520588055492301,0.656,14,0.07721993721353561,0.7411648193603689,0.13008520338480745,0.811729397293973,0.09058872549849928
A0A438HAK2,nardini_S Patch_raw,-0.21814079673883197,0.17415482558027348,-0.22078963490231063,-0.7748077860678818,0.6995752264638485,0.1709739264747095,0.212,40,0.0856921020000713,0.3947512758263896,0.40367645768834337,0.45184745762711864,0.34500815698542775
A0A438HAK2,nardini_T Patch_raw,-0.5844215247516097,0.19454469994757348,-0.6435682390352331,-3.7291100975793023,4.682522947336719,0.03263369542895283,0.032,11,0.1875890220589583,0.12724611473459901,0.895355469306209,0.12774603174603175,0.8936525817417296
A0A438HAK2,nardini_Frac A_zscore,0.20993562357619758,0.08298963806184849,0.21639033065678462,0.045909896572991826,0.02203026173057295,0.006488331533261094,0.012,157,0.12026077004219464,0.037238319710046874,1.429009923746503,0.05888780487804878,1.229974634288221
A0A438HAK2,nardini_Frac D_zscore,0.19675935110811307,0.060586285144223415,0.19707255182964792,0.05943242017822505,0.03263151865219831,0.0013452599314739116,0.002,262,0.0934170941547606,0.011465829270748754,1.9405945292736884,0.014794117647058824,1.8299109319863278
A0A438HAK2,nardini_Frac E_zscore,-0.034579147365151656,0.059740476872980605,-0.03335680571036854,-0.04130287148447973,0.039100996162276865,0.5894989187673448,0.568,264,0.09493431961023088,0.7681812335232499,0.1145363067475804,0.7548322324966974,0.12214956306914534
A0A438HAK2,nardini_Frac F_zscore,0.07701552077065497,0.0695406372439325,0.07737860121822715,-0.028329636008685145,0.029126907256223782,0.2761215726656157,0.276,200,0.10305101815582685,0.5114214753473963,0.29122103925640014,0.5151317254174397,0.2880817024016124
A0A438HAK2,nardini_Frac G_zscore,0.21900450029433322,0.09721059270875251,0.21697250543286312,0.07653555507299103,0.02818727435841346,0.0488069027428661,0.038,83,0.10300332442956547,0.16953123094667275,0.7707502846089557,0.1437142857142857,0.8425000592943482
A0A438HAK2,nardini_Frac H_zscore,0.33865022904676156,0.06439818955443691,0.3405414273770231,0.2304181345105738,0.14896368917560188,3.2913532988836783e-07,0.001,214,0.10560940376416014,1.4396093124682523e-05,4.841755352668964,0.008902654867256637,2.050480462763511
A0A438HAK2,nardini_Frac I_zscore,0.011317338720532153,0.07649031602920475,0.007715450102233988,-0.09811830213769816,0.03707789980047618,0.9134366432953639,0.906,201,0.10377187188147266,0.9622170294818179,0.01672696114730142,0.9665281018027572,0.014785514340606707
A0A438HAK2,nardini_Frac K_zscore,0.13671552185855057,0.08034276522822777,0.1386974515339716,0.01760596199095823,0.024217660498781848,0.08625939591529116,0.092,154,0.1117224760020093,0.2544778659553751,0.5943499858674126,0.2722117647058824,0.5650931089767912
A0A438HAK2,nardini_Frac L_zscore,0.020180472821750128,0.10282080594759424,0.0200180421729403,-0.010062320920229944,0.030038586334503382,0.8514474161741536,0.85,90,0.10109248519485935,0.9316519020153933,0.030746325063286246,0.9264355362946912,0.03318479459171073
A0A438HAK2,nardini_Frac M_zscore,-0.1281603136803332,0.0628525827438956,-0.1264967305985836,-0.029255446798914616,0.027982769717479927,0.03569116902993304,0.058,276,0.10131351364335055,0.13447683911652672,0.8713525075577554,0.19384717607973423,0.7125405213109974
A0A438HAK2,nardini_Frac N_zscore,0.0924135776103528,0.07353674821578697,0.09504840802574385,-0.059995804909275155,0.045912110487635875,0.1817450003802117,0.202,199,0.10426344360001132,0.40870019330635515,0.3885951568764577,0.4360772532188842,0.3604365665234677
A0A438HAK2,nardini_Frac P_zscore,0.45462376260007387,0.05141855857067585,0.45484030942027026,0.18130631740038608,0.028254002267937426,1.903381629405512e-15,0.001,275,0.10127283165187582,1.9148019191819454e-12,11.71787614590196,0.008902654867256637,2.050480462763511
A0A438HAK2,nardini_Frac Q_zscore,0.27193233970615266,0.07383904587833164,0.2748149155038074,0.018105515149237826,0.04997175483042865,0.0001098278221303379,0.002,193,0.10125941174470816,0.0016012578125089846,2.7955387383268735,0.014794117647058824,1.8299109319863278
A0A438HAK2,nardini_Frac R_zscore,0.16795958011050502,0.11307433964465254,0.1683621680203786,0.03794655465535059,0.025389479551022793,0.11268426035331829,0.154,90,0.1263107466070412,0.30069062577039307,0.5218801111068337,0.37241346153846155,0.4289746290703711
A0A438HAK2,nardini_Frac S_zscore,0.11978634487259243,0.06187591797301507,0.12033329928059458,0.04527029243287372,0.026386850155109613,0.04823553067515586,0.058,270,0.10152726039860302,0.16953123094667275,0.7707502846089557,0.19384717607973423,0.7125405213109974
A0A438HAK2,nardini_Frac T_zscore,-0.22271387912770946,0.06246287949964243,-0.22667255313776247,-0.12137546483060367,0.03431061660860232,0.0004750398670791374,0.001,234,0.10878819806927942,0.004926702126614559,2.30744369481425,0.008902654867256637,2.050480462763511
A0A438HAK2,nardini_Frac V_zscore,-0.03571041311317165,0.08342025680857995,-0.03616867385474276,-0.004530471124705422,0.029159730810801983,0.6840579973385617,0.692,129,0.11419465748973995,0.8202173364989189,0.08607105549934405,0.8277669441141497,0.08209192062124582
A0A438HAK2,nardini_Frac Y_zscore,-0.11900192885246469,0.20824352780290442,-0.11632310517036962,-0.08070610439364362,0.07775013574992293,0.6061956523271788,0.578,22,0.13144387703960986,0.77474011345664,0.1108439571327223,0.7597395833333334,0.11933524574866611
A0A438HAK2,nardini_Frac K+R_zscore,-0.06224097206970552,0.15364011576811964,-0.05688014248832411,-0.02796899716620164,0.04543339795985368,0.6887718694245509,0.72,52,0.137665268964012,0.8239054704412584,0.08412261357080114,0.8432130384167636,0.07406268668006527
A0A438HAK2,nardini_Frac D+E_zscore,0.07336120675248578,0.05735418146989961,0.07600590178048168,0.022604142150605498,0.032978859074912256,0.216618870892371,0.19,266,0.09506230883144082,0.4521132450575212,0.3447527697382463,0.42101321585903084,0.37570427118436633
A0A438HAK2,nardini_Frac Polar_zscore,-0.09689719647979732,0.0648947233901158,-0.09682872343030366,-0.09195388687535547,0.04666890125645613,0.10846902188271111,0.146,276,0.10131351364335055,0.29284550810477594,0.5333614331360058,0.3626567901234568,0.4405041867103228
A0A438HAK2,nardini_Frac Aliphatic_zscore,0.14478250417484867,0.08247496469449794,0.1456958713965032,-0.03214716108220024,0.032182381347203776,0.030371694569318847,0.082,221,0.11028483347709774,0.1195850258557893,0.9223231982350795,0.2507355623100304,0.6007840648463489
A0A438HAK2,nardini_Frac Aromatic_zscore,-0.0696483386623818,0.10434664513606169,-0.06543911921443091,-0.06261811005348007,0.11800112386894412,0.39094794270375477,0.528,174,0.11492295057613917,0.6193600478109879,0.20805681250011465,0.7218493539374891,0.14155342788754996
A0A438HAK2,nardini_R/K Ratio_zscore,-0.1696844610101634,0.06510641518422651,-0.17015228718910488,-0.043483502623697566,0.0138617383951718,0.005223986525686554,0.006,268,0.09769840907046237,0.03165861713759442,1.499508059234508,0.034101694915254235,1.4672240352582544
A0A438HAK2,nardini_E/D Ratio_zscore,0.005655782804318856,0.09643506492738997,0.007880278742599393,0.008548880699042208,0.02345159312056916,0.9333866404258948,0.952,115,0.11013785050347347,0.9772448574879916,0.00999660625817586,0.9812622950819672,0.008214888562308901
A0A438HAK2,nardini_Frac Chain Expanding_zscore,0.3378339228995816,0.05907249842384451,0.340947168467061,0.11918343280344519,0.03542560429513554,6.112418755863042e-09,0.001,276,0.10131351364335055,5.12424439033185e-07,6.290370165648368,0.008902654867256637,2.050480462763511
A0A438HAK2,nardini_FCR_zscore,-0.030311586330192732,0.07124117268275512,-0.03011193290815931,0.007841112080176394,0.05518314219215963,0.6517879229196206,0.686,227,0.10479319949072996,0.8024358189487436,0.09558969361601594,0.8254976076555025,0.08328418101235605
A0A438HAK2,nardini_NCPR_zscore,0.010180772459357959,0.15290735068306996,0.01348476098160133,-0.026023052595017387,0.05094957911329094,0.9350633897959404,0.938,39,0.13736073442390218,0.9772448574879916,0.00999660625817586,0.9718807810894141,0.01238700594874469
A0A438HAK2,nardini_Hydrophobicity_zscore,0.009086834219977831,0.07502954592954912,0.008597489340138983,-0.07435231421330465,0.028876160492300636,0.9050474040520512,0.914,195,0.10411451396303062,0.9610016379367508,0.017275872116796633,0.9678778947368422,0.014179428835107732
A0A438HAK2,nardini_Disorder Promoting_zscore,0.382328151730031,0.05443762434005063,0.3819954770861457,0.08455882547384747,0.013075457165899244,5.0945347657080334e-11,0.001,276,0.10131351364335055,1.2812754935755706e-08,7.892357480344329,0.008902654867256637,2.050480462763511
A0A438HAK2,nardini_Iso point_zscore,-0.02102802345584173,0.07658920282481152,-0.02184313985491501,-0.010242855530470876,0.03433954334464188,0.7942615212913764,0.796,145,0.12404828500749011,0.900033280629808,0.0457414313088412,0.9007604049493814,0.045390712512636044
A0A438HAK2,nardini_PPII_zscore,0.2513545437916054,0.05887409674752126,0.2528544754278173,0.15879297005644735,0.024410380504755885,2.128665313517845e-05,0.001,276,0.10131351364335055,0.00043702802150999024,3.359490715896836,0.008902654867256637,2.050480462763511
A0A438HAK2,nardini_K Patch_zscore,-0.07986218781699884,0.14891186702199302,-0.08262950130006627,-0.04839071697057677,0.04699621507039974,0.5643105274499379,0.566,51,0.07581302685880992,0.7479530838137517,0.12612564288396413,0.7548322324966974,0.12214956306914534
A0A438HAK2,cider_kappa,0.07929832973547071,0.09655322173684393,0.08088343998412509,0.22765486911436705,0.1324583282129158,0.39228312939161425,0.406,114,0.10840862122953206,0.6204981574967987,0.20725950375455232,0.6322538699690403,0.19910850369798133
A0A438HAK2,cider_omega,-0.17795939355708149,0.06980895189652923,-0.1777910892953848,-0.3110498580349065,0.16399694672193438,0.014383514991021569,0.008,189,0.09987787219799062,0.06857732739795117,1.163819444256642,0.04421978021978022,1.3543834202732226
A0A438HAK2,cider_delta,0.10225401578258653,0.09119187659678948,0.10343063688433961,0.7925413532597417,0.6300411629410418,0.25102893381195235,0.266,125,0.11107507724260807,0.49267548015450674,0.3074390514831182,0.506810606060606,0.2951543051828367
A0A438HAK2,cider_mean_net_charge,0.09443113558911273,0.15736710775679452,0.10458279577137965,-0.04334968731669806,0.7737362234576425,0.5152172631981555,0.58,41,0.16621297537112356,0.7178789013536627,0.1439488105063353,0.7597395833333334,0.11933524574866611
A0A438HAK2,cider_fraction_neutral,-0.21125593418170333,0.17866921029880145,-0.21453400479557566,-0.5224679910196239,0.38362256917160914,0.21587291625534866,0.252,35,0.16795559180135844,0.4514930431452822,0.34534893714868653,0.4941754385964912,0.3061188436103636
A0A438HAK2,sparrow_SCD,0.06725727258019447,0.09251711254620894,0.0651990508932767,-0.00012230232390706946,0.009475651326839116,0.46645043011252196,0.468,127,0.11445490814288847,0.6737824559356547,0.17148030144265558,0.6803583815028902,0.16726226066272518
A0A438HAK2,sparrow_SHD,0.011966225222008941,0.13312268057648302,0.011269529582515153,0.012271208225300133,0.07412127386936211,0.9367998025387745,0.938,52,0.10513161902548249,0.9772448574879916,0.00999660625817586,0.9718807810894141,0.01238700594874469
A0A438HAK2,sparrow_complexity,-0.3761768123732668,0.08698982906595046,-0.38136014928467754,-2.0770709407273262,0.5897967431792801,5.975290451572504e-05,0.001,105,0.10068974382496351,0.0009107791203457482,3.0405869341642355,0.008902654867256637,2.050480462763511
A0A438HAK2,sparrow_scaled_rg,0.21006182707791732,0.1301536408203623,0.21776710684273706,0.036888458596559114,0.023244869305985086,0.12871306079804815,0.116,50,0.12709763833873602,0.3266020701739737,0.48598106680607456,0.3120213903743316,0.5058156322536531
A0A438HAK2,sparrow_scaled_re,0.23619735913531764,0.09820468763789852,0.2416320745165536,0.005991709774859824,0.004105783541112383,0.026805791345163393,0.022,84,0.10666187931858595,0.10962043127331046,0.9601084936408439,0.09498712446351931,1.0223352594839041
A0A438HAK2,sparrow_prefactor,-0.07004705612260048,0.17628032735632831,-0.0779990516832622,0.0007320589009577244,0.0054194442418213935,0.6463306921969356,0.692,37,0.11923010635178172,0.8017263703271368,0.0959738313842605,0.8277669441141497,0.08209192062124582
A0A438HAK2,sparrow_scaling_exponent,0.14694575238089141,0.23955999513477985,0.14155844155844155,-0.2800952108315837,0.9442590290306592,0.5404880300232261,0.532,21,0.12384160570844914,0.7357581193341094,0.13326493661870947,0.7242110960757782,0.1401348253798689
A0A438HAK2,sparrow_asphericity,0.1343651769751042,0.2530082528434694,0.13480392156862747,0.7148983004562516,0.9077494778602053,0.6059663630124608,0.572,17,0.054458357580239335,0.77474011345664,0.1108439571327223,0.7561524310118264,0.12139064725764012
A0A438HAK2,mpipi_epsilon_self,0.1576654803732601,0.07694256495786114,0.15959204833759238,0.005749891751988943,0.007587463940646925,0.02912737859495727,0.04,187,0.11041894912962298,0.11612643816132123,0.9350688944694897,0.14903703703703705,0.8267057921111163
A0A438HAK2,calvados_epsilon_self,0.31461965596526376,0.05827450433109138,0.3162125935869225,0.011933496195638849,0.00233112616322154,9.796996672746264e-07,0.001,230,0.1024075095080175,3.398544363028531e-05,4.468707056625126,0.008902654867256637,2.050480462763511
A0A438HAK2,avg_helix_prob,-0.2593389599505332,0.060651599013138324,-0.26037270219157965,-0.6928358075925203,0.2080459556678105,2.6469402629844965e-05,0.001,254,0.1015159859783421,0.0004925228816616546,3.3075735882149906,0.008902654867256637,2.050480462763511
A0A438HAK2,avg_beta_prob,-0.431971091560415,0.05398196074539807,-0.4301141630327104,-5.030234923628922,0.683727126921282,1.5234380287337276e-12,0.001,247,0.09615798744541354,7.662893284530651e-10,9.115607222500495,0.008902654867256637,2.050480462763511
A0A438HAK2,avg_coil_prob,0.34025930068992194,0.06821337417182302,0.3379776557591052,0.6993258281646867,0.2082588007243872,3.9514168185371915e-06,0.001,178,0.1022780663628406,0.00010460856103811618,3.9804327718791623,0.008902654867256637,2.050480462763511
A0A438HAK2,avg_nes,-0.1490164335202907,0.0585486235843786,-0.15001920622529522,-1.980829724517681,0.8371339054323002,0.019046192461685006,0.014,244,0.1030423782577884,0.08515764273980052,1.0697763688314854,0.06612206572769953,1.179653587040591
A0A438HAK2,avg_nis,0.20026480531190574,0.06472321399976465,0.20087092593481495,0.5248270273904524,0.26043643771800906,0.0014093187300237924,0.002,250,0.10174762189532865,0.011621103626261764,1.9347526261594608,0.014794117647058824,1.8299109319863278
Os_LEA_or4,nardini_Frac A_raw,0.2949748851362848,0.16287726614731657,0.2986724471919546,2.480275309732746,1.1661968779816974,0.04891379959158301,0.082,44,0.09332229131892006,0.16953123094667275,0.7707502846089557,0.2507355623100304,0.6007840648463489
Os_LEA_or4,nardini_Frac D_raw,-0.15304469547003782,0.14832277473759017,-0.1586707131369548,-1.7185134065407044,1.2541741218796245,0.23418438291419802,0.312,58,0.09097542473873198,0.47593836204380446,0.3224492883668635,0.5551564147627417,0.2555846376019476
Os_LEA_or4,nardini_Frac E_raw,-0.2524472339108765,0.13385002388386802,-0.2585854055904534,-4.060496349653032,1.548107891522975,0.052113085633657054,0.078,57,0.08882219920944834,0.17475254715819666,0.7575764853465883,0.2406993865030675,0.61852501665755
Os_LEA_or4,nardini_Frac F_raw,-0.03743236451978835,0.16022704364239232,-0.031774303246462424,-2.8118521239025176,4.563031223697108,0.8416706825950542,0.798,42,0.08656051086644571,0.9296494365368014,0.03168078959631647,0.900996632996633,0.04527683196623676
Os_LEA_or4,nardini_Frac G_raw,0.16219747965609974,0.20051900389330202,0.16442081447137036,0.926272167040803,1.654721369746014,0.4031106791781557,0.42,28,0.09330486585609876,0.6280402800539543,0.20201250141539664,0.6392133131618759,0.19435418836783122
Os_LEA_or4,nardini_Frac H_raw,0.21358198433993114,0.15055897184601674,0.20942099846601855,10.675167614712947,14.78514904322309,0.32603683912575077,0.17647058823529413,24,0.08491597907461727,0.5543490370661289,0.25621670252738754,0.404216704288939,0.393385743194267
Os_LEA_or4,nardini_Frac I_raw,-0.38584094365164195,0.1787290541382136,-0.3988240638425196,-3.8695546345721192,2.574577695663074,0.08153135669939522,0.05,20,0.0872336874645959,0.24410876440354642,0.6124166275317425,0.1746527777777778,0.7578245027033034
Os_LEA_or4,nardini_Frac K_raw,-0.13946973508440325,0.13530894126054713,-0.1385965658283547,-1.0167032821482511,0.7985697482350657,0.2826899405360359,0.326,62,0.08758805959724825,0.517065600325913,0.2864543542905478,0.5625317324185248,0.24985297397116651
Os_LEA_or4,nardini_Frac L_raw,-0.0051351796441071575,0.14883196098360693,-0.007083970124491629,-1.0454916576781839,1.7125111948109548,0.9627331048453396,0.97,46,0.08857659553848606,0.9892844775019526,0.00467880522374776,0.9907112462006078,0.004052907023453609
Os_LEA_or4,nardini_Frac M_raw,-0.028934995062608288,0.17912802753224955,-0.03575017682194293,-2.3748725326189293,4.9399574041081635,0.8409141347748533,0.844,34,0.09416945147092629,0.9296494365368014,0.03168078959631647,0.9249063180827887,0.033902253855678785
Os_LEA_or4,nardini_Frac N_raw,0.14932307856149657,0.14649292924618995,0.14919397904753018,3.131695648285685,1.138130497473672,0.2636682506152144,0.304,58,0.08597573022475999,0.5033211766962157,0.2981547967460487,0.5461142857142857,0.2627164626775381
Os_LEA_or4,nardini_Frac P_raw,-0.17366844436601647,0.19675321163353054,-0.1892841694284045,-1.914672016339803,2.282444357132802,0.33469940883081306,0.39,28,0.09330486585609876,0.5630561961267524,0.2494482579909238,0.6207911392405063,0.20705449053597721
Os_LEA_or4,nardini_Frac Q_raw,0.22193626248615625,0.13809064066949428,0.2293149466852936,3.022757896301803,0.877199732968058,0.08911802544026645,0.124,56,0.0854470616003939,0.2583652264925304,0.5877659386593604,0.3223359173126615,0.4916912991367678
Os_LEA_or4,nardini_Frac R_raw,0.082626965970361,0.12949414331162118,0.08204520937782053,-0.2689423097628991,0.8483316269788965,0.5261150638994485,0.51,62,0.090059385088146,0.7230488446486957,0.1408323635009387,0.7145682451253482,0.14595628742445538
Os_LEA_or4,nardini_Frac S_raw,-0.5458984449750207,0.1121517406436829,-0.5541069392203858,-3.0424996938982125,0.7114427154824909,2.4601197888885383e-05,0.001,51,0.08906042649122961,0.000485270687768994,3.3140159409629866,0.008902654867256637,2.050480462763511
Os_LEA_or4,nardini_Frac T_raw,0.3407482305822323,0.15465985086650155,0.34230337377087766,2.7721483040173807,0.9065229188148852,0.024649815012046602,0.042,43,0.08485554315128187,0.10289507843202855,0.9876053974526171,0.15533823529411764,0.8087216329163897
Os_LEA_or4,nardini_Frac V_raw,-0.33574911569062765,0.12419169955870352,-0.33419905553872525,-3.7104277751644252,1.7363141565307265,0.018929088922779086,0.016,49,0.08739228326850432,0.08515764273980052,1.0697763688314854,0.07283257918552036,1.1376743103092775
Os_LEA_or4,nardini_Frac Y_raw,0.28742075557561103,0.09435560623657561,0.2776335171472057,19.046583271557044,9.85001246478871,0.09617158634770158,0.001,37,0.08984023664233584,0.2710045262346997,0.5670234556114305,0.008902654867256637,2.050480462763511
Os_LEA_or4,nardini_Frac K+R_raw,-0.04528647245936566,0.23287142453836712,-0.05748291017479697,-0.5823716516899815,0.8351316359386443,0.7944627765400293,0.816,23,0.1006362458487039,0.900033280629808,0.0457414313088412,0.9117221609702315,0.040137488800136276
Os_LEA_or4,nardini_Frac D+E_raw,-0.38737291673244534,0.2095536639287083,-0.3992093071979119,-1.5143631914146556,0.7592112212358084,0.05914714824349217,0.096,23,0.1006362458487039,0.1925632075500101,0.7154266885739701,0.2799304347826087,0.5529498813137971
Os_LEA_or4,nardini_Frac Polar_raw,0.11684885843000961,0.21161201501154933,0.1273419206628897,1.4154272076287813,0.6274010463453706,0.4948211279589182,0.57,31,0.09679674552003888,0.7021016286694947,0.15360001952855823,0.755494071146245,0.1217689395030804
Os_LEA_or4,nardini_Frac Aliphatic_raw,0.24905580205245662,0.203499015844531,0.24863494917818615,0.29156291054737654,2.056495301704533,0.21109407021825022,0.226,27,0.09375170943740689,0.4446026285770318,0.35202797399617,0.4630317545660426,0.33438922418742195
Os_LEA_or4,nardini_Frac Aromatic_raw,0.06841971471968353,0.2337806330548959,0.07256133782182413,11.167326398297847,17.197846403481982,0.7361587890427754,0.752,24,0.09683795619595677,0.8581053430477582,0.06645939385753005,0.8665658648339061,0.06219842239401889
Os_LEA_or4,nardini_R/K Ratio_raw,0.1469305348683268,0.10353567914132716,0.14774843310563499,0.11927905086597503,0.06826561144899472,0.1288332751973275,0.14,107,0.08909183469843837,0.3266020701739737,0.48598106680607456,0.3547607052896726,0.45006449036496843
Os_LEA_or4,nardini_E/D Ratio_raw,-0.23480586791716326,0.09083641124481846,-0.24150339094336562,-0.3384747955882288,0.17028310827644005,0.012210574354457654,0.01,107,0.08909183469843837,0.060214891179335296,1.2202960941693768,0.052395833333333336,1.280703247983641
Os_LEA_or4,nardini_Frac Chain Expanding_raw,-0.23068996758393995,0.1686576071568502,-0.2336222244470042,-1.2613272218254334,0.541188660491398,0.14681667383445768,0.192,40,0.09161979347609764,0.35675742482479333,0.44762697959556663,0.4226520787746171,0.374016990646392
Os_LEA_or4,nardini_FCR_raw,-0.25495816969920904,0.29414597889243965,-0.274689801137376,-0.7889278037722711,0.5999921784939266,0.32177949432193553,0.374,15,0.0953990089061555,0.5514653684631468,0.258481755676381,0.6107857142857143,0.21411112924403672
Os_LEA_or4,nardini_NCPR_raw,0.4404657423860452,0.19876941208659565,0.4504687313477795,0.5403780362372937,0.43622245367072754,0.09197685365410004,0.046,15,0.10400793889161264,0.26512525723789293,0.5765488971007726,0.1646832740213523,0.7833505075035972
Os_LEA_or4,nardini_Hydrophobicity_raw,-0.523098317356268,0.45638105933316575,-0.5428571428571429,-0.13071866676317284,0.14747692211311034,0.26570262390670557,0.15,6,0.10716722494634766,0.5051107915488294,0.296613352810077,0.36985294117647055,0.43197092331429016
Os_LEA_or4,nardini_Disorder Promoting_raw,-0.08465593889820654,0.2335058277646356,-0.0890345861714483,-0.5748718626819824,1.90514114489702,0.6862224002631457,0.718,23,0.08401861282059088,0.8218330174580055,0.08521641477557003,0.8418508158508158,0.07476486288649654
Os_LEA_or4,nardini_Iso point_raw,0.48003158161605014,0.19330983786891553,0.5064559871146386,0.05773175553759824,0.02310671087977291,0.03802836859133063,0.032,17,0.1055701773298554,0.1411680398630207,0.8502636154812823,0.12774603174603175,0.8936525817417296
Os_LEA_or4,nardini_PPII_raw,-0.08055963167527469,0.27180223246591584,-0.08214285714285713,-1.2178549157701009,2.943081349780903,0.7710285652881772,0.75,15,0.09172922804296967,0.8814258371362572,0.05481422321429568,0.8665658648339061,0.06219842239401889
Os_LEA_or4,nardini_A Patch_raw,0.5364033229019292,0.08237193034857737,0.538505634525278,1.9857843205565222,0.3939999467483625,4.3787591458954213e-07,0.001,77,0.08736974872152681,1.7620126803083174e-05,4.753990970516414,0.008902654867256637,2.050480462763511
Os_LEA_or4,nardini_D Patch_raw,-0.12159818014889281,0.2432793666747445,-0.13096443242368777,-0.5349758832822971,1.1294271696475935,0.582073717461686,0.584,20,0.07460407953685752,0.7604755321642287,0.11891475454589961,0.7616485788113694,0.11824536394489342
Os_LEA_or4,nardini_K Patch_raw,0.16135520218259325,0.15491205651030104,0.1628476227178139,1.086003504057716,0.9358758178467379,0.29088512293681945,0.3,44,0.09236988880463484,0.5244487753029436,0.28029692441929677,0.5428057553956834,0.26535555614248646
Os_LEA_or4,nardini_R Patch_raw,-0.3201196189794288,0.556205679021615,-0.33394720739540396,-1.6209946295553066,9.732666440367673,0.5177002083054396,0.37029501525940994,6,0.06940960490428129,0.7181483397441893,0.14378583921408836,0.608687557763017,0.21560557560873228
Os_LEA_or4,nardini_S Patch_raw,-0.4068192849739038,0.31294986524969726,-0.4367131467411468,-2.8750023968791876,4.048613164336418,0.15576151578072997,0.246,12,0.10300800886651579,0.3704399169631545,0.4312822218205871,0.4871574803149606,0.3123306244606316
Os_LEA_or4,nardini_T Patch_raw,0.347637686274056,0.10303537285949411,0.3488029715320448,1.3253756480105727,0.5140134207466145,0.002675008835378561,0.002,72,0.08365878250956899,0.018874085602429234,1.7241340795630775,0.014794117647058824,1.8299109319863278
Os_LEA_or4,nardini_Frac A_zscore,0.2880404243983399,0.1638166682835869,0.2986724471919546,0.10239759190711646,0.04896689971805219,0.04891379959158301,0.092,44,0.09332229131892006,0.16953123094667275,0.7707502846089557,0.2722117647058824,0.5650931089767912
Os_LEA_or4,nardini_Frac D_zscore,-0.01711192167887416,0.1450179340928392,-0.022002171028911378,-0.01583350147415304,0.06605112914958394,0.8733192179847157,0.918,55,0.08879461339929459,0.9446872400995956,0.024711950624274257,0.9680377358490566,0.014107712782944083
Os_LEA_or4,nardini_Frac E_zscore,-0.2046636072814627,0.09660034302839489,-0.2082883887565136,-0.13722227223479783,0.0842925507688652,0.03566002879254936,0.04,102,0.08839701816201455,0.13447683911652672,0.8713525075577554,0.14903703703703705,0.8267057921111163
Os_LEA_or4,nardini_Frac F_zscore,-0.36420609853881625,0.1006703672740213,-0.369228697569606,-0.5905477773194999,0.15924807746320102,0.0006409944053140485,0.001,82,0.08695741073040279,0.006260586133455657,2.2033850050309396,0.008902654867256637,2.050480462763511
Os_LEA_or4,nardini_Frac G_zscore,-0.21077624012007698,0.09914813699709926,-0.2153412826230269,-0.08988756182085611,0.04413043793461,0.02591073857735443,0.036,107,0.08909183469843837,0.10639266534211655,0.9730883110564115,0.13770342205323194,0.861055267002562
Os_LEA_or4,nardini_Frac H_zscore,-0.125256249998378,0.037137330333018845,-0.10227981818848483,-0.6150844285835514,0.09093540530135186,0.3516171734700493,0.001,85,0.08972743539744893,0.5808323095416578,0.23594923344884153,0.008902654867256637,2.050480462763511
Os_LEA_or4,nardini_Frac K_zscore,-0.007501098310551164,0.1347433348961982,-0.010733863302052357,-0.0081115780647627,0.05506162779740882,0.9362615854719329,0.938,58,0.08890338368437743,0.9772448574879916,0.00999660625817586,0.9718807810894141,0.01238700594874469
Os_LEA_or4,nardini_Frac L_zscore,0.1577552968775252,0.12412133785855047,0.15722767740055346,-0.02712775421817533,0.12307655090712913,0.14116044012888868,0.2,89,0.09280879959298817,0.34635951895039513,0.46047287220839794,0.43455723542116637,0.36195301463406326
Os_LEA_or4,nardini_Frac M_zscore,-0.27939904884840294,0.08654901512129676,-0.28367500107394666,-0.12327553001799603,0.05624661303423954,0.0030667196992783087,0.006,107,0.08909183469843837,0.020164183120744958,1.6954193671767586,0.034101694915254235,1.4672240352582544
Os_LEA_or4,nardini_Frac N_zscore,-0.10758331628452247,0.13038019524939595,-0.11317239569066814,0.13408988151426365,0.07958572021295364,0.32386409554768836,0.406,78,0.08551730699320086,0.5531532769456273,0.25715451045290916,0.6322538699690403,0.19910850369798133
Os_LEA_or4,nardini_Frac Q_zscore,0.09915010920929333,0.1310027762552618,0.10894071923885752,0.184217221022119,0.061455953895102805,0.33608642487707086,0.46,80,0.09225559064313985,0.5643181210723567,0.24847600368109696,0.6765497076023392,0.1697002893186335
Os_LEA_or4,nardini_Frac R_zscore,-0.11976109851183994,0.1778509597238681,-0.12325533591105194,-0.0759767535861605,0.07144950364244482,0.4873882864511089,0.504,34,0.08782936742327721,0.6945068634248155,0.1583234580144927,0.7091244755244756,0.14927752463564672
Os_LEA_or4,nardini_Frac S_zscore,-0.46303937877892165,0.08753528106612042,-0.46688969801907565,-0.21069417105808844,0.037579499906923025,1.2591570453037347e-06,0.001,98,0.08788380503499364,4.117971497106849e-05,4.385316663714115,0.008902654867256637,2.050480462763511
Os_LEA_or4,nardini_Frac T_zscore,0.48925860442673585,0.13593660695513932,0.4965414950941006,0.18611155195576787,0.048566998680149895,0.00033121983118959486,0.006,48,0.09202737826715462,0.003762767188540008,2.4244926516934906,0.034101694915254235,1.4672240352582544
Os_LEA_or4,nardini_Frac V_zscore,-0.4399549647171475,0.07829224761791546,-0.4469978076567095,-0.1401599360688815,0.04560599199800205,2.480995329087309e-06,0.001,102,0.0897779673803965,6.933003614060647e-05,4.159078573410605,0.008902654867256637,2.050480462763511
Os_LEA_or4,nardini_Frac Y_zscore,0.009948747621724843,0.028838331387042615,0.008565685078303343,-0.019777235041074825,0.06562124097370431,0.9430702645327751,0.6605504587155964,72,0.08830874797926538,0.9788265643785244,0.00929425284041719,0.81335833717,0.08971807732186204
Os_LEA_or4,nardini_Frac K+R_zscore,0.25422813783705417,0.26905501946298993,0.2662153892380712,0.023250759100632054,0.08139584215474437,0.2565781697394625,0.376,20,0.105832886996393,0.49568963752410905,0.3047901599997077,0.6120647249190939,0.21320264944124614
Os_LEA_or4,nardini_Frac D+E_zscore,-0.11425821882275596,0.26755467981727765,-0.1253313938965149,-0.06976525617187683,0.0982709557970422,0.5985460062778442,0.634,20,0.09608813783174698,0.774534559447483,0.11095919941221617,0.7982528160200251,0.09785954071235009
Os_LEA_or4,nardini_Frac Polar_zscore,-0.016458236649283225,0.11034942462228774,-0.012705429334518431,0.17012674184284696,0.06701552176106194,0.8966553962279079,0.874,107,0.08909183469843837,0.9585922726942352,0.018366076220279148,0.9413747323340471,0.026237462875781728
Os_LEA_or4,nardini_Frac Aliphatic_zscore,0.2985415542910397,0.2088737436745769,0.3041358186972748,0.04414607469352214,0.16750761261262415,0.11560312472669865,0.174,28,0.09330486585609876,0.30587796195610983,0.5144518121478261,0.4023999999999999,0.3953420279521291
Os_LEA_or4,nardini_Frac Aromatic_zscore,0.17366275774207168,0.13452616219514185,0.17473955057144486,0.4329250843065239,0.7084982596023961,0.10146073346542293,0.23814328960645811,89,0.08538525838675587,0.28167416190927586,0.5502529892047763,0.4781879228425087,0.3204013966625059
Os_LEA_or4,nardini_R/K Ratio_zscore,0.10149640365773294,0.1014283762909465,0.10367169767044207,0.02926133221009687,0.022921967855522814,0.2949635540144062,0.304,104,0.08975817690519786,0.5278867617498065,0.277459229022149,0.5461142857142857,0.2627164626775381
Os_LEA_or4,nardini_E/D Ratio_zscore,-0.28408124219475195,0.09103929575140766,-0.2887101140495629,-0.1331020778341523,0.05345768787913203,0.003753960155530293,0.002,99,0.08394096563024415,0.02405403768448073,1.6188120129738328,0.014794117647058824,1.8299109319863278
Os_LEA_or4,nardini_Frac Chain Expanding_zscore,-0.10801964744836638,0.1759111879175276,-0.11533786310782776,-0.0909558922363519,0.08485233555133546,0.4904795574565656,0.52,38,0.0923976743641678,0.6969243429396963,0.15681436570001034,0.7215448275862069,0.14173668221628596
Os_LEA_or4,nardini_FCR_zscore,0.08638881127624862,0.3579646498372441,0.08298953641678344,-0.02258028218880689,0.09930380729469436,0.7875163394418496,0.786,13,0.09825423233744639,0.8951880649474585,0.04808571665174958,0.8914498308906427,0.04990309307240988
Os_LEA_or4,nardini_NCPR_zscore,0.44799044603130916,0.2972895090322047,0.4727272727272727,0.06347273990513848,0.06680969342070306,0.14199852020631992,0.146,11,0.11476165085882263,0.34756815408164926,0.45896002261520463,0.3626567901234568,0.4405041867103228
Os_LEA_or4,nardini_Hydrophobicity_zscore,0.14292416923051723,0.10629117164550828,0.1501632533204999,-0.0017006887561950518,0.17451557442616622,0.12263094874626516,0.182,107,0.08909183469843837,0.3179555011307803,0.49763365663704545,0.4077772828507795,0.38957697229833976
Os_LEA_or4,nardini_Disorder Promoting_zscore,-0.012542117599979174,0.15538536060943184,-0.018473545254873804,-0.01734148915157885,0.06123381316909712,0.9019104461461865,0.94,47,0.08762642279995861,0.9605345974282363,0.017486987698105225,0.9718807810894141,0.01238700594874469
Os_LEA_or4,nardini_Iso point_zscore,0.4729488313607776,0.18091204746594902,0.4986824746532765,0.18085396574804172,0.07728010746707932,0.02975504022628766,0.024,19,0.10075064552387081,0.11784870262852513,0.928675194169559,0.10187341772151899,0.9919391235785893
Os_LEA_or4,nardini_PPII_zscore,-0.07845824897775623,0.10214474853125474,-0.084062798597279,-0.07772678836639615,0.07371786190301297,0.38931289395483837,0.436,107,0.08909183469843837,0.6187184381020022,0.2085069416062469,0.652702380952381,0.1852848030653306
Os_LEA_or4,nardini_A Patch_zscore,0.3178387426257019,0.13123143110894409,0.32908996109829863,0.047801733141181024,0.02119850023931478,0.02728827750160463,0.022,45,0.08574036939482872,0.11114172941949092,0.9541228496642062,0.09498712446351931,1.0223352594839041
Os_LEA_or4,nardini_T Patch_zscore,-0.5193349336130109,0.19577886291214275,-0.5438804371542862,-0.14488009108660702,0.08664450419683761,0.013179315893943893,0.022,20,0.07972511793848218,0.06405020188071284,1.1934794970583829,0.09498712446351931,1.0223352594839041
Os_LEA_or4,cider_kappa,-0.07899606073835025,0.13314348885024127,-0.08514827123506985,-0.40629309302016325,0.19890925392173828,0.5250963181269914,0.548,58,0.09393441256316565,0.722635972689129,0.14108042312845478,0.7380026773761714,0.13194206261112099
Os_LEA_or4,cider_omega,0.08332980652291676,0.13308896138237072,0.08772445471465842,-0.027019336341468494,0.3021391146192234,0.45112315001025105,0.54,76,0.09137452427772216,0.6666758663799943,0.17608526601993188,0.7311440107671602,0.1359970732176982
Os_LEA_or4,cider_delta,0.02027603201617754,0.14941167761610918,0.017797130256876226,-0.11615094525893949,0.6210599363579667,0.8935702195836268,0.894,59,0.09179981054268366,0.9578437405808399,0.018705334489957218,0.9577891373801918,0.01873009275028462
Os_LEA_or4,cider_mean_net_charge,-0.017274099175404043,0.30968214146757383,-0.02351002102158511,0.13787290222161722,0.7935884032421499,0.9337202071435455,0.914,15,0.10400793889161264,0.9772448574879916,0.00999660625817586,0.9678778947368422,0.014179428835107732
Os_LEA_or4,cider_fraction_neutral,0.2641855108981116,0.3013296598154982,0.274689801137376,0.806417546182361,0.6359186438288714,0.32177949432193553,0.366,15,0.0953990089061555,0.5514653684631468,0.258481755676381,0.6055855263157895,0.21782451315841564
Os_LEA_or4,sparrow_SCD,-0.1603821429235317,0.09506369906458545,-0.15853081014735673,-0.0002136335585763915,0.004115616787723337,0.10290597954860539,0.084,107,0.08909183469843837,0.2822334074088942,0.5493915809621697,0.25376576576576576,0.5955669667245296
Os_LEA_or4,sparrow_SHD,-0.23701015990811178,0.2018047374360803,-0.23623931623931624,-0.10038259851111975,0.09037724409296609,0.24528289688377605,0.262,26,0.096026994752448,0.4866954521993662,0.3127427118907608,0.503,0.2984320149440726
Os_LEA_or4,sparrow_complexity,-0.7643022395973071,0.1181256795887097,-0.7894736842105263,-3.6899116825661173,0.8007573551647338,5.83869193095435e-05,0.001,19,0.07977135610172352,0.0009069465740815684,3.0424182953709464,0.008902654867256637,2.050480462763511
Os_LEA_or4,sparrow_scaled_rg,-0.3172641545849183,0.19052591935689842,-0.3427442123094297,-0.03455735303997311,0.019285923775645263,0.11840466287505198,0.13,22,0.0901153765201571,0.3086931278060282,0.5104730387690924,0.3361953727506427,0.4734082682989623
Os_LEA_or4,sparrow_scaled_re,-0.38314549029043404,0.14909258524308103,-0.39538770053475936,-0.010630043286837332,0.004554274197219266,0.02275956256478575,0.034,33,0.09623975399843979,0.09743029761776367,1.0113059708202432,0.13206177606177608,0.8792228663190881
Os_LEA_or4,sparrow_prefactor,0.43879931661422444,0.1667829998855472,0.45563909774436084,0.005662189077933161,0.009180618379148854,0.043493409805465975,0.024,20,0.07443635014291342,0.15674370523840683,0.8048098912316498,0.10187341772151899,0.9919391235785893
Os_LEA_or4,sparrow_scaling_exponent,0.17218846815307892,0.2641488731922715,0.17032967032967034,0.3111755371564099,0.2537847342050383,0.5779754288392673,0.526,13,0.07853888425636235,0.7591387224867905,0.11967885532246526,0.7218493539374891,0.14155342788754996
Os_LEA_or4,sparrow_asphericity,0.21514060442458832,0.2494376321943691,0.23076923076923075,1.0368791372785835,0.9035527878342191,0.4273358616774501,0.4,14,0.08780759863507952,0.6484161038424053,0.18814620769914664,0.6277691107644306,0.20220005747094638
Os_LEA_or4,mpipi_epsilon_self,-0.06998505191789291,0.11481697754464276,-0.07100023775349365,-0.0030292841833742612,0.008725251684097117,0.5109569473103703,0.552,88,0.08552046906409205,0.7139204013808785,0.14635020722680916,0.7414045393858478,0.12994475925035895
Os_LEA_or4,calvados_epsilon_self,-0.15511616559268568,0.10905169080596029,-0.1523656207919489,-0.00037630777555186566,0.004417584665143628,0.16647391745682683,0.166,84,0.08254601237177275,0.3875152757469715,0.41171117304965466,0.3938584905660378,0.4046597878327689
Os_LEA_or4,avg_helix_prob,0.09905903249967826,0.10737587494245836,0.09620393631613827,0.0728012410201137,0.147184928956845,0.36163316744635554,0.346,92,0.08809488043529384,0.590589231251678,0.22871447618335358,0.5850016806722689,0.23284288621586438
Os_LEA_or4,avg_beta_prob,-0.07902228194671516,0.10117781247000882,-0.0807390817469205,-3.4690863031296866,7.925768603472382,0.43668666945477985,0.43,95,0.0876979828958618,0.6518082270139731,0.18588016224426768,0.6504962406015038,0.18675520900360945
Os_LEA_or4,avg_coil_prob,-0.17964896205910144,0.10073870450916642,-0.18192656631537335,-0.19684217733277146,0.13735790878034804,0.0729942235298789,0.074,98,0.08895067598959254,0.22594519652633283,0.6459968871023407,0.2304767801857585,0.6373728218802182
Os_LEA_or4,avg_nes,-0.07831730403091372,0.11095569602939762,-0.07493571906590119,0.6308334719523621,3.839655088078313,0.48775447422313956,0.49,88,0.08972018570762277,0.6945068634248155,0.1583234580144927,0.6972277227722772,0.1566253530484772
Os_LEA_or4,avg_nis,0.12192787160868218,0.09948533322932375,0.12186398507153225,0.7192339199651975,0.4505543773348245,0.21556487983262607,0.226,105,0.0887071206590897,0.4514930431452822,0.34534893714868653,0.4630317545660426,0.33438922418742195
CAHS_68135_tile4,nardini_Frac A_raw,0.21661467927532613,0.10026032788589206,0.21917184848145288,0.26800192709951637,0.39731544094041193,0.019681886247346264,0.036,113,0.08846028182540892,0.08761052019836434,1.0574437409806123,0.13770342205323194,0.861055267002562
CAHS_68135_tile4,nardini_Frac C_raw,-0.2669285105705276,0.19152304764741052,-0.2846826900235931,-17.274763986238824,16.04002067227164,0.2522145847709453,0.17012448132780084,18,0.0988986507953156,0.49267548015450674,0.3074390514831182,0.3989399259108803,0.3990924973199485
CAHS_68135_tile4,nardini_Frac D_raw,-0.13596004593106534,0.08072743143706144,-0.1355478334674315,-0.8504883838517467,0.5402325285486758,0.10163789341259159,0.1,147,0.09532678844124808,0.28167416190927586,0.5502529892047763,0.289080459770115,0.5389812632266723
CAHS_68135_tile4,nardini_Frac E_raw,-0.1003340680734328,0.08445638880364935,-0.10235094057104648,-0.5187610507239218,0.5451400631339687,0.22056717640996207,0.236,145,0.09432483264004488,0.4543200208880079,0.34263812435729146,0.4757835671342685,0.32259056193337476
CAHS_68135_tile4,nardini_Frac F_raw,0.3193544422134237,0.08028845165011825,0.32119376849993375,5.2572192368176145,1.7462864376240181,0.0003905861219087317,0.002,118,0.08498543718385296,0.0041581343204745436,2.3811014857359836,0.014794117647058824,1.8299109319863278
CAHS_68135_tile4,nardini_Frac G_raw,0.101367328306734,0.11301638647960392,0.10710935557942694,0.7829838644404269,0.8453065221344254,0.31776526981925235,0.376,89,0.08749829772756948,0.5487939124506639,0.2605907147279596,0.6120647249190939,0.21320264944124614
CAHS_68135_tile4,nardini_Frac H_raw,0.3357772793693296,0.10342592395908666,0.3388451126538693,5.520422612392962,2.4085708761075724,0.0019728194957659337,0.001,81,0.09288503891734458,0.015139302458165518,1.8198941344494493,0.008902654867256637,2.050480462763511
CAHS_68135_tile4,nardini_Frac I_raw,-0.04831750875584174,0.0910942161482594,-0.046014260742625435,-0.26303961867090636,0.968567074343373,0.6045914947763642,0.608,129,0.08333350687187129,0.77474011345664,0.1108439571327223,0.7811596424010216,0.1072602020652999
CAHS_68135_tile4,nardini_Frac K_raw,-0.2738970959688808,0.07947825067899426,-0.27422899352970526,-0.8454443876508935,0.25437534368154285,0.0005783173365610832,0.001,154,0.09035704162563596,0.005760269708717324,2.2395571814612674,0.008902654867256637,2.050480462763511
CAHS_68135_tile4,nardini_Frac L_raw,-0.05312237662538992,0.08609517934660595,-0.055211986751830054,-0.523263278573603,1.301006276537709,0.5185680661448941,0.558,139,0.08669778165289449,0.7181483397441893,0.14378583921408836,0.7474673768308921,0.12640775734668105
CAHS_68135_tile4,nardini_Frac M_raw,0.04410640619611705,0.1081494921625805,0.04870378462274378,2.774596716857001,3.616332986527292,0.6339037762398949,0.656,98,0.09279728127352904,0.7921828557730861,0.10117456072459766,0.811729397293973,0.09058872549849928
CAHS_68135_tile4,nardini_Frac N_raw,0.40562476927915536,0.06754488068535887,0.40683363991886445,1.2375403014292359,0.3928638698397392,1.9806828277931416e-07,0.001,152,0.09070158601373637,9.962834623799501e-06,5.0016170786117335,0.008902654867256637,2.050480462763511
CAHS_68135_tile4,nardini_Frac P_raw,0.33098007141677366,0.10273727540427459,0.33326830407056923,2.3194724801790745,0.9375872835791559,0.0020790873432803294,0.004,83,0.09236901019397653,0.015726029077744445,1.8033809256497708,0.026300653594771243,1.5800334587697278
CAHS_68135_tile4,nardini_Frac Q_raw,0.3770951608834149,0.06826422566256307,0.3805992536667423,0.95445226613579,0.30855903926178263,6.346427245798637e-07,0.001,161,0.09214764940447474,2.3646317812123813e-05,4.626236477690612,0.008902654867256637,2.050480462763511
CAHS_68135_tile4,nardini_Frac R_raw,0.3366573642450412,0.06832568023665717,0.3407345489186602,1.3588197871898169,0.3291726233551261,9.741584907298948e-06,0.001,161,0.0914459107394125,0.00021304422645092915,3.671530230787527,0.008902654867256637,2.050480462763511
CAHS_68135_tile4,nardini_Frac S_raw,-0.5129238306277224,0.06405848589590854,-0.5124503284524947,-1.722034124311584,0.242207280285851,1.3179130451012104e-10,0.001,138,0.09257455328939368,2.6516410467436352e-08,7.576485266831953,0.008902654867256637,2.050480462763511
CAHS_68135_tile4,nardini_Frac T_raw,0.07249404438211556,0.10144441388673632,0.07393188348253446,1.8735472136984765,0.7428795841285295,0.4125572882090339,0.48,125,0.08303076357012938,0.6355783031214213,0.19683093681940025,0.6917146932952924,0.16007299900790048
CAHS_68135_tile4,nardini_Frac V_raw,-0.29237409553957716,0.08516045851516538,-0.2914515723359059,-2.1703957492698795,0.9768302624398375,0.0011257261151870796,0.002,122,0.08334239880104072,0.010295277017074564,1.987361963240384,0.014794117647058824,1.8299109319863278
CAHS_68135_tile4,nardini_Frac W_raw,0.09812707930189796,0.08692525226524091,0.0962842762496148,15.626155331314061,11.701972960170735,0.2914254044528105,0.4806378132118451,122,0.09101909671476223,0.5244487753029436,0.28029692441929677,0.6917146932952924,0.16007299900790048
CAHS_68135_tile4,nardini_Frac Y_raw,0.6213460906156179,0.1072070974179187,0.6363669317683365,26.203047095638823,6.475836822206405,0.00020654166603255653,0.001,29,0.11796448890227776,0.002565196494182122,2.5908793622985375,0.008902654867256637,2.050480462763511
CAHS_68135_tile4,nardini_Frac K+R_raw,-0.05281592624142979,0.13114766271876446,-0.051307440055231524,-0.04547300976173815,0.2535877903958846,0.7179294941630785,0.684,52,0.10895352714357111,0.8429953383902838,0.07417482693750452,0.8254976076555025,0.08328418101235605
CAHS_68135_tile4,nardini_Frac D+E_raw,-0.1420153854703118,0.12319405601612662,-0.145560434837924,-0.2672647324734295,0.2956561016696582,0.2713234870233278,0.224,59,0.11225566196616683,0.5064033913645042,0.29550339452711827,0.4627186858316222,0.3346829621605629
CAHS_68135_tile4,nardini_Frac Polar_raw,0.09847491165366724,0.10399889400846943,0.09704695751129767,0.28005110133156674,0.2173644700519135,0.3200183035301964,0.354,107,0.09744604161816774,0.55087510477734,0.2589468538785007,0.5925524126455907,0.22727322925704313
CAHS_68135_tile4,nardini_Frac Aliphatic_raw,-0.04444264382820539,0.1277894735169309,-0.03130119770186649,-1.8374694778297165,0.8535879686728519,0.7761194877027136,0.718,85,0.09045020664387803,0.8852337920962924,0.052942016072344666,0.8418508158508158,0.07476486288649654
CAHS_68135_tile4,nardini_Frac Aromatic_raw,0.34081069132885916,0.10879663114723243,0.3483863765118062,10.665255430756304,2.557017618415878,0.0019029880354852753,0.006,77,0.08967233864388284,0.014940794922186756,1.8256262953495939,0.034101694915254235,1.4672240352582544
CAHS_68135_tile4,nardini_R/K Ratio_raw,0.2636877973380473,0.05510371643067033,0.2599811954606297,0.14583060263794276,0.027324057606776836,1.2597243016709925e-05,0.001,275,0.09096826379108126,0.00026401721822521217,3.578367749128821,0.008902654867256637,2.050480462763511
CAHS_68135_tile4,nardini_E/D Ratio_raw,0.027830912279489566,0.06451917468817368,0.02607992024131757,0.012518136885240765,0.09910595188538418,0.6667666366441604,0.69,275,0.09096826379108126,0.811084929218894,0.09093366815633866,0.8277669441141497,0.08209192062124582
CAHS_68135_tile4,nardini_Frac Chain Expanding_raw,-0.003419274459553054,0.1111300972798301,-0.006843867039771133,-0.28064455812035294,0.1774429392154295,0.9486640211947619,0.99,91,0.09942812327053883,0.9798316276405856,0.008848546214558077,0.9949450549450549,0.0022009021618601445
CAHS_68135_tile4,nardini_FCR_raw,-0.09306584787455982,0.14350348242700095,-0.09678055209488999,-0.10268513823538554,0.18445266767464416,0.557802470888458,0.528,39,0.11607613192482244,0.742260959938874,0.12944338105986142,0.7218493539374891,0.14155342788754996
CAHS_68135_tile4,nardini_NCPR_raw,0.1734987236936886,0.15881903132907282,0.17869842918284218,0.19614253911346963,0.22528550026562325,0.25157510958975393,0.288,43,0.11291652066706889,0.49267548015450674,0.3074390514831182,0.5296672760511882,0.2759968578542914
CAHS_68135_tile4,nardini_Hydrophobicity_raw,-0.3403886827309589,0.2408295310851995,-0.3701754385964912,-0.23081927883008074,0.18327468982413608,0.11875173008045023,0.178,19,0.11294178168811425,0.3086931278060282,0.5104730387690924,0.404216704288939,0.393385743194267
CAHS_68135_tile4,nardini_Disorder Promoting_raw,0.05617208770323502,0.09915223960465408,0.055101140715085664,-0.3040562656985737,0.28393815336147965,0.5551508520139177,0.56,117,0.08431979778723495,0.741675640273574,0.1297859847990451,0.7491489361702128,0.1254318328655332
CAHS_68135_tile4,nardini_Iso point_raw,0.14232350181144027,0.18755074904477795,0.13742966851009117,0.0030693577820269805,0.009347501741386417,0.4609759762614831,0.458,31,0.104093093912273,0.673669189483235,0.17155331481653618,0.67558357771261,0.1703209159327011
CAHS_68135_tile4,nardini_PPII_raw,0.13098253223514275,0.14006142885543035,0.13437175809628518,0.8261455103977312,1.0163338485619913,0.3102697186629583,0.336,59,0.09310118926753519,0.5456841555505875,0.26305865617992547,0.5738811544991511,0.241178036677349
CAHS_68135_tile4,nardini_A Patch_raw,0.1125020331070691,0.07814172243060716,0.11063322494727049,0.17054643439682976,0.16117934531188155,0.17338162134792476,0.146,153,0.09090611233311986,0.3975495459657629,0.40060873820593257,0.3626567901234568,0.4405041867103228
CAHS_68135_tile4,nardini_D Patch_raw,0.24662816431073029,0.2282504189286198,0.2677912597694947,2.2472642900450794,2.509251260655412,0.35463864194796024,0.282,14,0.10169020490218085,0.5848630718027017,0.23294579908224522,0.5214926470588235,0.28275181065891025
CAHS_68135_tile4,nardini_E Patch_raw,0.3472976668580179,0.27639233589824247,0.3552798562032138,1.7028927532010454,2.9607939384229063,0.2836253831041604,0.22,11,0.0942697273952973,0.5178350914751095,0.2858085226195434,0.46012474012474014,0.3371244148317169
CAHS_68135_tile4,nardini_G Patch_raw,0.3306060479164815,0.2727198959626635,0.34995514401955247,2.039431752453047,2.1956518666114895,0.21997847968178036,0.226,14,0.06738144874744346,0.4543200208880079,0.34263812435729146,0.4630317545660426,0.33438922418742195
CAHS_68135_tile4,nardini_K Patch_raw,0.04536406018066186,0.0871336578687748,0.044164871364495005,0.8758878347258475,0.42620883184600156,0.6043649956434879,0.6,140,0.09039588314493885,0.77474011345664,0.1108439571327223,0.7738461538461539,0.11134537158692817
CAHS_68135_tile4,nardini_N Patch_raw,0.47148501055350156,0.3689932592703317,0.5030030300035688,1.60565539029599,1.5238197407332994,0.20387668200843206,0.24,8,0.1883543973737563,0.4363828555329418,0.3601323201682504,0.4809561752988048,0.3178944947135047
CAHS_68135_tile4,nardini_Q Patch_raw,-0.05448378187571988,0.3003278868939071,-0.055621516463982654,-0.3364000245584878,0.7934646339289416,0.850204313960637,0.874,14,0.1443398905695408,0.9316519020153933,0.030746325063286246,0.9413747323340471,0.026237462875781728
CAHS_68135_tile4,nardini_R Patch_raw,0.6350261211134056,0.3041920702094255,0.6573757351339166,2.571093668875435,1.2782335817426398,0.10857989515216841,0.06097560975609756,7,0.06476723417976968,0.29284550810477594,0.5333614331360058,0.20111955217912836,0.6965457066745752
CAHS_68135_tile4,nardini_S Patch_raw,0.015346865229212824,0.16009298624549642,0.02220601156660547,0.07046907092631499,0.5487054609829726,0.8918162680416812,0.924,40,0.08282193095825037,0.9578437405808399,0.018705334489957218,0.9713103448275863,0.012641985836828245
CAHS_68135_tile4,nardini_T Patch_raw,-0.053360961250110334,0.4781699571878998,-0.03592878785739777,1.3046493480492611,8.193365546895876,0.932691474909088,0.91,8,0.1166636174036299,0.9772448574879916,0.00999660625817586,0.9677167019027484,0.014251763360790582
CAHS_68135_tile4,nardini_Frac A_zscore,0.2595243494367128,0.08676213362465468,0.25717399225349286,0.012027663675759402,0.01711444803457191,0.0019307190257298991,0.004,143,0.08621324155816931,0.014940794922186756,1.8256262953495939,0.026300653594771243,1.5800334587697278
CAHS_68135_tile4,nardini_Frac D_zscore,-0.09072979962812709,0.08263284178049192,-0.0971256325289012,-0.043256892434997536,0.035843901751398816,0.25189950329030336,0.266,141,0.09450679589583064,0.49267548015450674,0.3074390514831182,0.506810606060606,0.2951543051828367
CAHS_68135_tile4,nardini_Frac E_zscore,-0.041584879706462095,0.06428301069575112,-0.04044278939113703,-0.013234077890883836,0.0399619637063486,0.5105320983491453,0.526,267,0.08804459958651359,0.7139204013808785,0.14635020722680916,0.7218493539374891,0.14155342788754996
CAHS_68135_tile4,nardini_Frac F_zscore,-0.07538282600897236,0.06575427196750382,-0.07458339580726879,-0.05251491442166689,0.05060848751513713,0.28905566136215016,0.26,204,0.09250952541097117,0.5239459375321136,0.28071352263986377,0.5020345489443379,0.2992663946087979
CAHS_68135_tile4,nardini_Frac G_zscore,0.10650755503978628,0.11477743333448377,0.10710935557942694,0.0334876943511486,0.035152896240756376,0.31776526981925235,0.338,89,0.08749829772756948,0.5487939124506639,0.2605907147279596,0.5753434856175973,0.24007279988369204
CAHS_68135_tile4,nardini_Frac H_zscore,0.15627009927916735,0.07408113144875869,0.15653629157516605,0.10468305511819231,0.09621270597684568,0.021672164596562262,0.044,215,0.0912102705009188,0.09379864153569142,1.0278034513632093,0.15979783393501804,0.7964291118583525
CAHS_68135_tile4,nardini_Frac I_zscore,0.17091011516927018,0.07999238478566353,0.17034780397559265,0.01602559215211494,0.047265321728941254,0.021498470455544077,0.036,182,0.09827696844704255,0.09362537349903612,1.0286064367611358,0.13770342205323194,0.861055267002562
CAHS_68135_tile4,nardini_Frac K_zscore,-0.2363481658974247,0.0764797341771968,-0.2390612437417054,-0.053220329233464946,0.02058142408809509,0.0024070177607960932,0.004,159,0.0889450646929915,0.017546810633049782,1.7558018108415785,0.026300653594771243,1.5800334587697278
CAHS_68135_tile4,nardini_Frac L_zscore,0.15291689708646714,0.06609430871583212,0.15590347405461166,0.08330922244243028,0.047198487521531225,0.02099421618830193,0.024,219,0.09364079836665017,0.09222786674861022,1.0351378365755135,0.10187341772151899,0.9919391235785893
CAHS_68135_tile4,nardini_Frac M_zscore,-0.21093891530629133,0.05896287801790699,-0.2133502701314648,-0.05124389618861968,0.04369916519500635,0.0003666291402801929,0.001,275,0.09096826379108126,0.004053065001339275,2.392216431171558,0.008902654867256637,2.050480462763511
CAHS_68135_tile4,nardini_Frac N_zscore,-0.14074300344109134,0.06876800153269867,-0.1401908342748762,-0.007881720189034602,0.027304285626706455,0.048848802458979046,0.028,198,0.09279850013745981,0.16953123094667275,0.7707502846089557,0.11544262295081968,0.9376338142766015
CAHS_68135_tile4,nardini_Frac P_zscore,-0.2240311469424203,0.06362023114396473,-0.2211988375764923,-0.025034684031001855,0.023980257983346517,0.00021785056893691248,0.001,275,0.09096826379108126,0.00267265454086017,2.5730571731903416,0.008902654867256637,2.050480462763511
CAHS_68135_tile4,nardini_Frac Q_zscore,0.17905198588316096,0.10720013301724586,0.1771271358917094,0.00883861591423682,0.01896892848427479,0.12329853317047959,0.098,77,0.10444474435550655,0.31886458706812976,0.4963937105936511,0.2841152737752161,0.5465054183784703
CAHS_68135_tile4,nardini_Frac R_zscore,0.08853178807520522,0.0697360969076147,0.0894785135291943,0.019430936015849425,0.019522225627170087,0.20881858496342776,0.186,199,0.09046999350519577,0.4417985665142982,0.3547756975998038,0.4158133333333333,0.3811015888375188
CAHS_68135_tile4,nardini_Frac S_zscore,-0.35668224638932156,0.05860646278565231,-0.361347015032157,-0.1404314329137813,0.01598949881146302,1.094122487005854e-09,0.001,268,0.0915175902443052,1.3758590274098616e-07,6.861426062288314,0.008902654867256637,2.050480462763511
CAHS_68135_tile4,nardini_Frac T_zscore,-0.2208828485671143,0.064569501548168,-0.2202029024224991,0.007034010821053663,0.032839939615313896,0.000295733223237025,0.001,266,0.09058749438635924,0.003459390960191246,2.4610003537824303,0.008902654867256637,2.050480462763511
CAHS_68135_tile4,nardini_Frac V_zscore,-0.27026526938996254,0.08876713031412768,-0.2708345795016527,-0.04986518864300658,0.027166294039210625,0.004039553976317603,0.004,111,0.0820933148568704,0.025558435850160433,1.5924657280734986,0.026300653594771243,1.5800334587697278
CAHS_68135_tile4,nardini_Frac K+R_zscore,0.07534582472253457,0.13633383637239502,0.07749019565194117,0.013267164554077716,0.028023634352341415,0.5702663477989156,0.602,56,0.10847601363664675,0.7528713200599857,0.123279246592803,0.7754314980793854,0.1104565618995672
CAHS_68135_tile4,nardini_Frac D+E_zscore,-0.0829086845512903,0.13171584649927814,-0.0773901957926705,-0.03207651530337701,0.03725601990456568,0.5567107520218921,0.532,60,0.10999007238850235,0.742260959938874,0.12944338105986142,0.7242110960757782,0.1401348253798689
CAHS_68135_tile4,nardini_Frac Polar_zscore,-0.1611491995047997,0.06463323048175514,-0.16135786431153704,0.00562257925067612,0.023475279782928134,0.007335400444445744,0.016,275,0.09096826379108126,0.04099673803951343,1.3872506971289693,0.07283257918552036,1.1376743103092775
CAHS_68135_tile4,nardini_Frac Aliphatic_zscore,0.054154658960791455,0.12209391963398011,0.05266813107908035,-0.07029996719257052,0.043750493477522995,0.6180512185778761,0.666,92,0.0890443174355302,0.7801248756453494,0.10783587363912402,0.8160730816077953,0.08827094722923112
CAHS_68135_tile4,nardini_Frac Aromatic_zscore,0.20103364156747636,0.0671379101604888,0.20233159432394474,0.38103348582047575,0.08881115903173456,0.002343774081976154,0.006,224,0.09159362390917633,0.01746545723309638,1.7578200403606363,0.034101694915254235,1.4672240352582544
CAHS_68135_tile4,nardini_R/K Ratio_zscore,0.2536568466070998,0.057569224243793925,0.253420379343004,0.054258124844540005,0.01089086483667424,2.6927195319474155e-05,0.001,268,0.09022259404424393,0.0004925228816616546,3.3075735882149906,0.008902654867256637,2.050480462763511
CAHS_68135_tile4,nardini_E/D Ratio_zscore,-0.006814128023024559,0.06624940948413163,-0.008411133420620906,-0.0020602865081032445,0.031437630472473936,0.8926321575768341,0.928,260,0.0903386796334302,0.9578437405808399,0.018705334489957218,0.9718807810894141,0.01238700594874469
CAHS_68135_tile4,nardini_Frac Chain Expanding_zscore,-0.07629389888638258,0.0942772098910177,-0.07470067723860636,-0.03496980188582319,0.019942563697157613,0.43166273986997905,0.416,113,0.09714473254914288,0.6510535476899535,0.18638329021846803,0.6369802130898021,0.19587405821312945
CAHS_68135_tile4,nardini_FCR_zscore,0.017725097739613574,0.15585284279924133,0.02126658763160853,-0.007861315806741697,0.03241876623334515,0.8950030975606258,0.908,41,0.11226595654450192,0.9578437405808399,0.018705334489957218,0.9675770623139044,0.014314435709678119
CAHS_68135_tile4,nardini_NCPR_zscore,0.17668060720469833,0.1537994944233638,0.18125642535149028,0.02634713899394795,0.030351899867898244,0.2694649048716804,0.258,39,0.10982965099511549,0.5060359052860601,0.29581866712386823,0.5020270793036751,0.29927285641080376
CAHS_68135_tile4,nardini_Hydrophobicity_zscore,-0.14762100226396488,0.08020949599338603,-0.14854892389070373,-0.1542912066314057,0.07463487602473064,0.054641664749939076,0.058,168,0.08769516264142814,0.18262297255295254,0.7384445924892836,0.19384717607973423,0.7125405213109974
CAHS_68135_tile4,nardini_Disorder Promoting_zscore,-0.10412660663814134,0.0792065446056447,-0.10285780099119254,-0.03223365849750313,0.017864390989003893,0.18998401680593316,0.176,164,0.08722117824329711,0.42190711016946747,0.3747831556293881,0.404216704288939,0.393385743194267
CAHS_68135_tile4,nardini_Iso point_zscore,0.2444240391992974,0.07895328542966772,0.24672888051620037,0.013157095536672223,0.03560245634214126,0.0021819135115925285,0.001,152,0.09258235484703856,0.01638063427359764,1.7856692859583636,0.008902654867256637,2.050480462763511
CAHS_68135_tile4,nardini_PPII_zscore,-0.09901613667210407,0.07313055606343652,-0.1019917617310427,-0.003381451858064179,0.030223367393858166,0.16831117927521422,0.176,184,0.09040242537703315,0.390140659794621,0.40877878589880334,0.404216704288939,0.393385743194267
CAHS_68135_tile4,cider_kappa,0.11232022559947549,0.08304310224534694,0.11843510515278256,0.12392077057580005,0.08299680768739934,0.16495059145342644,0.182,139,0.10253708094293253,0.38501228538781207,0.4145254123330348,0.4077772828507795,0.38957697229833976
CAHS_68135_tile4,cider_omega,0.32117848848888775,0.06587484166960808,0.32022561703738844,0.3437230647511105,0.11358390356889478,5.626968604830635e-06,0.001,193,0.09825503418102424,0.00014151826041149048,3.849187518554621,0.008902654867256637,2.050480462763511
CAHS_68135_tile4,cider_delta,0.06876014391233264,0.08522726094717163,0.06784401454841509,0.8307286269100181,0.3483920588381773,0.4257632644432645,0.44,140,0.1040100140985126,0.6470058066917282,0.18909182164527275,0.6577117384843981,0.18196440701788089
CAHS_68135_tile4,cider_mean_net_charge,0.12096747862873025,0.14978540121224615,0.11652482323732131,0.3023046427999049,0.314708824309757,0.46240874786563,0.4,42,0.11127345507935142,0.673669189483235,0.17155331481653618,0.6277691107644306,0.20220005747094638
CAHS_68135_tile4,cider_fraction_neutral,0.18349247207232014,0.14162228088236756,0.18609461754433726,0.2191672841691256,0.15970455958262464,0.2701205577918631,0.174,37,0.11156705691026736,0.5060359052860601,0.29581866712386823,0.4023999999999999,0.3953420279521291
CAHS_68135_tile4,sparrow_SCD,0.003424944488977962,0.08420146111907995,0.002607816882943077,-0.0014088870654794217,0.0028146643572700206,0.9739744965514407,0.996,159,0.10093060948626231,0.9920015720020221,0.003487639628822553,0.9969910447761193,0.0013087426129003848
CAHS_68135_tile4,sparrow_SHD,-0.05151096975935501,0.17078933925147038,-0.051567944250871085,-0.03667136380965998,0.07704659633540772,0.7488184942066445,0.744,41,0.10049587275507565,0.8658751783584877,0.06254470989635033,0.8642771362586605,0.06334697575155933
CAHS_68135_tile4,sparrow_complexity,0.013162139081316656,0.09346724191545301,0.016297564979311153,-0.2796541591913773,0.7124259454018992,0.8603563695445405,0.904,119,0.0845667033713503,0.9356956840668192,0.028865373718969686,0.9665281018027572,0.014785514340606707
CAHS_68135_tile4,sparrow_scaled_rg,-0.1315896885495753,0.1161851477268258,-0.129452262832844,-0.0218657445535696,0.007608166220441445,0.24054812310787155,0.242,84,0.10641095959625793,0.48237074382881306,0.31661904037662936,0.48303968253968255,0.3160171897451854
CAHS_68135_tile4,sparrow_scaled_re,-0.16154496767467869,0.10778822815906691,-0.1705908230208672,-0.00732064480554338,0.001745921029273536,0.09306839273430718,0.142,98,0.10316936242191012,0.2658180677514258,0.5754155032350242,0.35712999999999995,0.4471736662249974
CAHS_68135_tile4,sparrow_prefactor,0.4930948186176983,0.13349551344817956,0.5016611295681064,0.014306579133439301,0.0034779995560863747,0.000712794583760554,0.001,42,0.09735247834397208,0.006829250964410641,2.165626927337823,0.008902654867256637,2.050480462763511
CAHS_68135_tile4,sparrow_scaling_exponent,-0.3709142119612891,0.187185428557437,-0.3815628815628816,-0.4134274243220004,0.14450230553907142,0.04954563803219392,0.06,27,0.11605497068067841,0.1695337138108404,0.7707439242097224,0.19855263157894737,0.7021243525052016
CAHS_68135_tile4,sparrow_asphericity,-0.295455136236067,0.2116497312439822,-0.31418803418803415,-0.7517792562875443,0.5159104854662985,0.11801850055996228,0.17,26,0.1090717823644913,0.3086931278060282,0.5104730387690924,0.3989399259108803,0.3990924973199485
CAHS_68135_tile4,mpipi_epsilon_self,-0.31545483468274127,0.06582786711272402,-0.31843902011001,-0.007207531696761654,0.004020106621497481,1.2689574195856094e-06,0.001,222,0.0917452543966205,4.117971497106849e-05,4.385316663714115,0.008902654867256637,2.050480462763511
CAHS_68135_tile4,calvados_epsilon_self,-0.35101811169743186,0.06523395185465382,-0.34868574750338643,-0.008373038041040776,0.002683173928065976,9.589717560512367e-08,0.001,222,0.09355243312649981,5.359586592153023e-06,5.270868708007027,0.008902654867256637,2.050480462763511
CAHS_68135_tile4,avg_helix_prob,0.24526183051560188,0.0578447474611986,0.24847219043259322,0.1605317991059763,0.05278251320425094,5.836828277187385e-05,0.001,256,0.09163026998435567,0.0009069465740815684,3.0424182953709464,0.008902654867256637,2.050480462763511
CAHS_68135_tile4,avg_beta_prob,0.17438345043936873,0.06601271062024305,0.17568327560783242,7.715431788713241,3.6462907841286163,0.006248304759969874,0.008,241,0.09140955805005394,0.03612525625591778,1.4421890635395804,0.04421978021978022,1.3543834202732226
CAHS_68135_tile4,avg_coil_prob,-0.22628426837162055,0.05938501226770257,-0.2267517768114484,-0.1234653748529434,0.051153085430859856,0.00017149097363436752,0.001,270,0.09129291632423005,0.002240518434755503,2.649651478405857,0.008902654867256637,2.050480462763511
CAHS_68135_tile4,avg_nes,0.03143598819046594,0.06496778377575167,0.03363743474393544,0.43390918610352314,1.117998027949312,0.6025661912283613,0.624,242,0.09266923969485931,0.77474011345664,0.1108439571327223,0.7921459119496855,0.10119481472613201
CAHS_68135_tile4,avg_nis,0.14622599278760925,0.05949744867745433,0.1488624113063532,0.5628303161895288,0.23433688083216278,0.016091754627940404,0.016,261,0.09193944492206711,0.07429069927924732,1.1290655537297922,0.07283257918552036,1.1376743103092775
Os_LEA_or3__Kappa_up_2_,nardini_Frac A_raw,0.12045856366932614,0.11209882632842974,0.1236869729996878,1.0642786068883148,0.6759626680348206,0.25371269276831804,0.274,87,0.1581858554923457,0.49374907852375266,0.3064937018817828,0.5133035381750466,0.289625742159259
Os_LEA_or3__Kappa_up_2_,nardini_Frac C_raw,-0.09282760269119701,0.27699700462945764,-0.08247860988423225,-6.389320801596023,13.432967310820166,0.8460525238666443,0.6616314199395771,8,0.20511595645981118,0.9312131717831993,0.030950889661215276,0.8136934088743455,0.08953920188701474
Os_LEA_or3__Kappa_up_2_,nardini_Frac D_raw,-0.20888868675955405,0.0944427660751362,-0.21205383254711954,-1.5484384080808298,0.8034512825269312,0.0211522910333948,0.032,118,0.15047077581946977,0.09251828165041379,1.0337724420133236,0.12774603174603175,0.8936525817417296
Os_LEA_or3__Kappa_up_2_,nardini_Frac E_raw,-0.2597450050134851,0.09163557135448115,-0.2621086114148168,-2.8776707906777466,0.7972218780168625,0.004658512498076926,0.012,115,0.14708659590061873,0.028575997396740167,1.5439986023555674,0.05888780487804878,1.229974634288221
Os_LEA_or3__Kappa_up_2_,nardini_Frac F_raw,-0.07136245954770146,0.13790801461532676,-0.07520295822450286,-0.883013175544496,1.775704103146257,0.6234427475322071,0.576,45,0.10985536170480206,0.7811008090486471,0.10729291236053462,0.7594442988204456,0.11950407381175983
Os_LEA_or3__Kappa_up_2_,nardini_Frac G_raw,0.24047581506822283,0.1356492335281786,0.2433765673544851,2.7102193057613686,1.7650357534490264,0.07068902073108171,0.092,56,0.19488935336124552,0.22175339746683018,0.6541297176527469,0.2722117647058824,0.5650931089767912
Os_LEA_or3__Kappa_up_2_,nardini_Frac H_raw,-0.14720875442380954,0.3718137449921087,-0.13638618139749523,-11.184895821088821,21.271140264618108,0.7474293952265143,0.6584615384615384,8,0.17575305224159132,0.8652634886051478,0.06285162175804897,0.8127758376592732,0.0900292156497516
Os_LEA_or3__Kappa_up_2_,nardini_Frac I_raw,-0.16812190593076212,0.21513398877622145,-0.18139451465051296,-2.731888387111615,2.5415934872832264,0.39628278608733325,0.446,24,0.1721350316856863,0.6238818197243463,0.20489766977665042,0.6637218934911242,0.1780138565095855
Os_LEA_or3__Kappa_up_2_,nardini_Frac K_raw,-0.054181734238858206,0.10146978495581184,-0.057127132971840154,-0.680574609699042,0.5023230568683199,0.5235088436015467,0.576,127,0.1606982157953566,0.7214382146070629,0.1418008568147003,0.7594442988204456,0.11950407381175983
Os_LEA_or3__Kappa_up_2_,nardini_Frac L_raw,-0.0066987165154219356,0.09947677710489106,-0.010428428522995819,-1.005099832628884,1.8499210235394976,0.9119226484134948,0.938,115,0.15538882432115636,0.9616291240083603,0.016992392050378464,0.9718807810894141,0.01238700594874469
Os_LEA_or3__Kappa_up_2_,nardini_Frac M_raw,-0.1427638207133603,0.1224259828669467,-0.1459653010772365,-5.273909012078482,5.177766223390465,0.24596641124332427,0.27,65,0.18353298939409196,0.4869122833992306,0.3125492693127711,0.5086516853932584,0.2935795121496605
Os_LEA_or3__Kappa_up_2_,nardini_Frac N_raw,0.26979956432544144,0.09624433245425312,0.2774434910766738,2.75854538959796,0.4092971465746616,0.002682896859987456,0.01,115,0.1589728777987824,0.018874085602429234,1.7241340795630775,0.052395833333333336,1.280703247983641
Os_LEA_or3__Kappa_up_2_,nardini_Frac P_raw,0.0576469067961367,0.12960338089295664,0.05659590318314604,-0.446269150198554,2.7874407471945655,0.675831078948822,0.67,57,0.19536798514879905,0.8161897544087815,0.08820886120653341,0.8189793438639126,0.08672705179153478
Os_LEA_or3__Kappa_up_2_,nardini_Frac Q_raw,0.2316278341934994,0.10409167957330778,0.22960635075718702,3.199023504469249,0.5528093886708354,0.015823875534389225,0.028,110,0.15790657009533335,0.07404101761672353,1.1305276209524848,0.11544262295081968,0.9376338142766015
Os_LEA_or3__Kappa_up_2_,nardini_Frac R_raw,-0.0644010633088911,0.0914423272959007,-0.06679679770648392,-0.4623592041426905,0.5315112045331802,0.45921785364848244,0.474,125,0.16069042106169157,0.673669189483235,0.17155331481653618,0.6861064748201439,0.16360848219612026
Os_LEA_or3__Kappa_up_2_,nardini_Frac S_raw,-0.25647407631883357,0.09941162485682542,-0.25618711400087457,-2.0286577477835053,0.7957133417510305,0.010481595845074729,0.012,99,0.13979148119548637,0.0540742842058727,1.2670092207099002,0.05888780487804878,1.229974634288221
Os_LEA_or3__Kappa_up_2_,nardini_Frac T_raw,0.16828536981209902,0.10298037671537554,0.17015888732660142,0.7555685495733041,1.1199146458461104,0.07690152839228677,0.104,109,0.1471088946876824,0.23372488689619483,0.6312950417102938,0.2930644257703081,0.5330368960935042
Os_LEA_or3__Kappa_up_2_,nardini_Frac V_raw,-0.10530713511052094,0.10289959633139771,-0.10924870015115562,-1.996618038886346,1.1089797851683694,0.29193488749659174,0.324,95,0.1646610693231424,0.5244487753029436,0.28029692441929677,0.5610051635111877,0.25103314146380995
Os_LEA_or3__Kappa_up_2_,nardini_Frac W_raw,0.3631438192664593,0.30867027802748115,0.39131189606246325,17.369321047108684,16.89943617171546,0.297669101766533,0.2042042042042042,9,0.14321012890916066,0.5309487879027166,0.2749473663080689,0.4380158410009156,0.35851018279525826
Os_LEA_or3__Kappa_up_2_,nardini_Frac Y_raw,0.19783408567666674,0.08952418026297101,0.1984001063589631,6.150762695056192,2.816559987594056,0.056595468762171745,0.03,93,0.1557788965928483,0.18746630192952324,0.7270767876766867,0.12218623481781377,0.9129777178200947
Os_LEA_or3__Kappa_up_2_,nardini_Frac K+R_raw,-0.18445658196812234,0.17405445727264707,-0.19556456383634946,-0.5590295610436458,0.45829366094812296,0.2145387914894479,0.308,42,0.14598375342985023,0.4505762510195921,0.34623170280959986,0.5513309608540925,0.25858761834870825
Os_LEA_or3__Kappa_up_2_,nardini_Frac D+E_raw,-0.419946734236021,0.14619571889181263,-0.4224921813543845,-1.1404784415454001,0.49346275564876746,0.003838532731154785,0.006,45,0.14868578895856277,0.02444027802241591,1.6118938580483742,0.034101694915254235,1.4672240352582544
Os_LEA_or3__Kappa_up_2_,nardini_Frac Polar_raw,0.25692879427667287,0.13437694953045798,0.25714984712104505,1.4580338441158631,0.3114157068270958,0.043626478595182816,0.066,62,0.17292865336671862,0.15674370523840683,0.8048098912316498,0.2107809523809524,0.6761686375278232
Os_LEA_or3__Kappa_up_2_,nardini_Frac Aliphatic_raw,-0.14494869323808235,0.1549158831804681,-0.1487943795520509,-1.0245184417224111,1.0642661978187062,0.30241031902781434,0.336,50,0.17672952387656884,0.5355344275691135,0.2712126047150656,0.5738811544991511,0.241178036677349
Os_LEA_or3__Kappa_up_2_,nardini_Frac Aromatic_raw,0.026252384588267758,0.12524361154716324,0.023886411577806372,1.3723282379775232,5.877225052860873,0.8719748271450516,0.844,48,0.1975184924818428,0.9442483058212292,0.02491378571478904,0.9249063180827887,0.033902253855678785
Os_LEA_or3__Kappa_up_2_,nardini_R/K Ratio_raw,0.02869955358449875,0.06959316537689124,0.029430264013160738,0.04774578678020911,0.05204190087259541,0.6549369454980372,0.714,233,0.15020234696354648,0.8024358189487436,0.09558969361601594,0.840098245614035,0.0756699222320897
Os_LEA_or3__Kappa_up_2_,nardini_E/D Ratio_raw,-0.09059246254552912,0.06303280242614039,-0.08934482772942871,-0.15353368792566185,0.10904092460476089,0.17409122690840445,0.154,233,0.15020234696354648,0.39803585061330654,0.40007780977973517,0.37241346153846155,0.4289746290703711
Os_LEA_or3__Kappa_up_2_,nardini_Frac Chain Expanding_raw,-0.3089354268417245,0.11557856498967799,-0.31613079292606916,-1.071729932620612,0.31632270230462833,0.005726730257752053,0.01,75,0.17622356861772465,0.03408929372366015,1.4673819965738244,0.052395833333333336,1.280703247983641
Os_LEA_or3__Kappa_up_2_,nardini_FCR_raw,-0.5449244501252549,0.18451548790837083,-0.5648024174535973,-1.1109898533431966,0.4208091509072305,0.0032658353763208407,0.014,25,0.11850564500799894,0.02106045120883824,1.676532328525201,0.06612206572769953,1.179653587040591
Os_LEA_or3__Kappa_up_2_,nardini_NCPR_raw,0.22220631935364138,0.20157279914535234,0.22828193532531207,0.22661631299145102,0.25117394343425303,0.24265016023785382,0.268,28,0.17822269840173127,0.4843374230144464,0.31485197328101855,0.5077363465160075,0.2943617463327717
Os_LEA_or3__Kappa_up_2_,nardini_Hydrophobicity_raw,-0.2896491547235208,0.29179495652537474,-0.3186813186813187,-0.14870295295215885,0.08764648341270832,0.2885831614447202,0.316,13,0.18778602862294036,0.5239459375321136,0.28071352263986377,0.5563617391304347,0.25464274398528924
Os_LEA_or3__Kappa_up_2_,nardini_Disorder Promoting_raw,-0.11844103642883172,0.14698391894013088,-0.11149511435738393,-0.9822442810172378,0.5514864408624718,0.3765763542157079,0.418,65,0.16866478119652775,0.6051690292987255,0.21812330594434595,0.6390699088145896,0.19445163111901176
Os_LEA_or3__Kappa_up_2_,nardini_Iso point_raw,0.23862899351335012,0.21241918317447578,0.24614821207494544,0.022558838898526435,0.016308459389212798,0.2355870943572915,0.252,25,0.17722770784667444,0.47686240829665044,0.321606912233376,0.4941754385964912,0.3061188436103636
Os_LEA_or3__Kappa_up_2_,nardini_PPII_raw,-0.08523722344321362,0.12798073612209282,-0.08392921957910898,-2.374206845872038,2.352474811343645,0.5541485412466691,0.488,52,0.1867802663583301,0.7413210538486026,0.12999366554609984,0.6953654390934845,0.15778689832918452
Os_LEA_or3__Kappa_up_2_,nardini_A Patch_raw,0.18157231189182402,0.07409400792882251,0.1817599155323605,0.9717671587405821,0.3907783128133949,0.016070374810028792,0.02,175,0.15127137496092424,0.07429069927924732,1.1290655537297922,0.08902654867256637,1.0504804627635111
Os_LEA_or3__Kappa_up_2_,nardini_D Patch_raw,0.22695017066011916,0.15579400450344058,0.23487495981339995,1.9626327315565313,0.8457294862080705,0.19567157101706073,0.158,32,0.1307844982183181,0.42979388743048713,0.36673976537804914,0.37844761904761903,0.4219942227235693
Os_LEA_or3__Kappa_up_2_,nardini_E Patch_raw,0.25760075963847767,0.4108177543630712,0.28917761562712796,0.3898075284828705,2.5295483900663047,0.4872612723244323,0.522,8,0.15691601179514894,0.6945068634248155,0.1583234580144927,0.7218493539374891,0.14155342788754996
Os_LEA_or3__Kappa_up_2_,nardini_K Patch_raw,0.3525654672913245,0.08421287027182475,0.35275139930504945,1.2882949106296386,0.9157880236303133,0.0006976813613433101,0.001,89,0.16650530146122255,0.006748725476070865,2.1707782376835385,0.008902654867256637,2.050480462763511
Os_LEA_or3__Kappa_up_2_,nardini_N Patch_raw,0.6418877133367851,0.28331352631498274,0.6524511536514414,2.8825920850037474,1.0609325555369973,0.040874330741456605,0.048,10,0.11783859394327958,0.15007144790476404,0.823701927323192,0.17002816901408452,0.7694791219515419
Os_LEA_or3__Kappa_up_2_,nardini_Q Patch_raw,0.3574905864569936,0.3391222459163282,0.36156458409374664,2.378378713301907,2.166074450611788,0.2745826161907736,0.292,11,0.1102525198799916,0.5105917040442112,0.29192624577362203,0.533125226860254,0.27317076668345824
Os_LEA_or3__Kappa_up_2_,nardini_R Patch_raw,0.2035342398718268,0.25773391828094583,0.21317111131258004,3.217981149656911,2.9421891055556113,0.5059123158940968,0.432,12,0.1355338620302548,0.7108209354601416,0.14823978961614395,0.6515622188905548,0.18604410638172825
Os_LEA_or3__Kappa_up_2_,nardini_S Patch_raw,0.3662366497002402,0.2733022578758722,0.3877973663115896,4.424677369301508,3.628032072952593,0.15321945358349928,0.204,15,0.20051931090984532,0.367432032975793,0.4348229842898988,0.4380158410009156,0.35851018279525826
Os_LEA_or3__Kappa_up_2_,nardini_T Patch_raw,-0.12027098874086214,0.24132335521681728,-0.12157557636501984,-0.6572244745344272,1.2567815434460987,0.6537745695880808,0.596,16,0.11587679618677943,0.8024358189487436,0.09558969361601594,0.7706632390745501,0.1131353565295439
Os_LEA_or3__Kappa_up_2_,nardini_Frac A_zscore,0.0962331207155884,0.09339257384190378,0.10110023063231793,0.04560783250771952,0.027959447524366497,0.2910562273359064,0.318,111,0.15565973103314087,0.5244487753029436,0.28029692441929677,0.5563617391304347,0.25464274398528924
Os_LEA_or3__Kappa_up_2_,nardini_Frac D_zscore,-0.11789251874274806,0.09732417261271598,-0.11966205826248436,-0.029238906397849578,0.04522342082477351,0.20886292637111142,0.224,112,0.1543916056106924,0.4417985665142982,0.3547756975998038,0.4627186858316222,0.3346829621605629
Os_LEA_or3__Kappa_up_2_,nardini_Frac E_zscore,-0.16821029543359442,0.06654286078910923,-0.16705335548807523,-0.11427213694703697,0.046379778756142485,0.011710297602831514,0.012,227,0.15212975825641606,0.05882630765074024,1.2304284101070841,0.05888780487804878,1.229974634288221
Os_LEA_or3__Kappa_up_2_,nardini_Frac G_zscore,-0.08969312276929418,0.07160923595241099,-0.09375916456793752,-0.048378293957874303,0.05268204156139723,0.1536897360800995,0.202,233,0.15020234696354648,0.367432032975793,0.4348229842898988,0.4360772532188842,0.3604365665234677
Os_LEA_or3__Kappa_up_2_,nardini_Frac K_zscore,0.040839046201732246,0.09775921170682285,0.03827055053871513,-0.006571446481793316,0.03078144249110089,0.6794401591616172,0.682,119,0.1663900050445001,0.8185829941516011,0.08693728195172605,0.8254976076555025,0.08328418101235605
Os_LEA_or3__Kappa_up_2_,nardini_Frac L_zscore,0.11000951523466106,0.0821253053087535,0.11214093840047427,-0.005154139456332011,0.06213110594583576,0.13726353114283027,0.188,177,0.15159353500369896,0.3392803742744159,0.46944126145961806,0.41935254988913523,0.3774207118943721
Os_LEA_or3__Kappa_up_2_,nardini_Frac M_zscore,-0.0974347384595674,0.06755311220404414,-0.09768364247012026,-0.07513483848345943,0.051273419770460994,0.13711665997336342,0.166,233,0.15020234696354648,0.3392803742744159,0.46944126145961806,0.3938584905660378,0.4046597878327689
Os_LEA_or3__Kappa_up_2_,nardini_Frac N_zscore,0.12398204078291437,0.08526449181575535,0.12800058412622295,0.17238208414329226,0.025068184831034825,0.08862036367818625,0.154,178,0.1345728371789095,0.2583652264925304,0.5877659386593604,0.37241346153846155,0.4289746290703711
Os_LEA_or3__Kappa_up_2_,nardini_Frac Q_zscore,0.03704116550503568,0.08298947149579856,0.03246045458970802,0.1435765279175107,0.030416466403686913,0.6626749575736675,0.646,183,0.13482629252494885,0.8080618270534661,0.09255540887776717,0.8072993788819877,0.0929653816528758
Os_LEA_or3__Kappa_up_2_,nardini_Frac R_zscore,-0.132294519523578,0.12583976061702207,-0.1271789660120363,-0.0378423161856887,0.04000113505262497,0.2768929915336277,0.29,75,0.14318283090291806,0.5114214753473963,0.29122103925640014,0.5304363636363636,0.2753667108753792
Os_LEA_or3__Kappa_up_2_,nardini_Frac S_zscore,-0.2760893996011357,0.06261065969913618,-0.27390901017721225,-0.18470221303331555,0.04303781210835504,2.4269408743030807e-05,0.001,231,0.150498787910213,0.000485270687768994,3.3140159409629866,0.008902654867256637,2.050480462763511
Os_LEA_or3__Kappa_up_2_,nardini_Frac T_zscore,0.19300546044493233,0.10256114097241488,0.19481920538391637,0.046714911394178514,0.060826026313270436,0.04433952911780842,0.062,107,0.14818246404311958,0.15737094480460068,0.8030754478081525,0.2025064935064935,0.6935610462822818
Os_LEA_or3__Kappa_up_2_,nardini_Frac V_zscore,-0.05175805846744541,0.07553261004611463,-0.057190936636688235,-0.08037629245730846,0.029879868425361958,0.4051759793819735,0.52,214,0.15031518352578388,0.6280402800539543,0.20201250141539664,0.7215448275862069,0.14173668221628596
Os_LEA_or3__Kappa_up_2_,nardini_Frac Y_zscore,0.1784346531488952,0.2587964527970669,0.19869826014588304,0.11548343993766688,0.08823639867651037,0.4606809427137455,0.48,16,0.1533978400596655,0.673669189483235,0.17155331481653618,0.6917146932952924,0.16007299900790048
Os_LEA_or3__Kappa_up_2_,nardini_Frac K+R_zscore,-0.0005374106005049114,0.18086328437313492,0.001520914941821748,-0.005286116289296189,0.038451616457214864,0.9926682790909995,0.994,39,0.16056265553241394,0.9982817736644609,0.0007468580356622492,0.9959800796812749,0.0017493476917786307
Os_LEA_or3__Kappa_up_2_,nardini_Frac D+E_zscore,-0.28052764966509697,0.1696958847613577,-0.28604990700299127,-0.056349941816381074,0.05474967501192906,0.07750388108497323,0.088,39,0.15967099448295996,0.23484609750446708,0.6292166521993069,0.2642626865671642,0.577964154166768
Os_LEA_or3__Kappa_up_2_,nardini_Frac Polar_zscore,0.07230217031414435,0.08022675280423264,0.07268308020783341,0.15428603746198435,0.03423392674475329,0.26917935469989446,0.374,233,0.15020234696354648,0.5060359052860601,0.29581866712386823,0.6107857142857143,0.21411112924403672
Os_LEA_or3__Kappa_up_2_,nardini_Frac Aliphatic_zscore,-0.22287050396389918,0.13881364084183878,-0.22238870908125957,-0.06033807682622752,0.04652180552012766,0.10269962061972482,0.116,55,0.19698592745288512,0.2822334074088942,0.5493915809621697,0.3120213903743316,0.5058156322536531
Os_LEA_or3__Kappa_up_2_,nardini_Frac Aromatic_zscore,-0.08830664164029241,0.2479094821078379,-0.1037998592215364,0.08197674241992464,0.17540494511937815,0.7753684943458543,0.6538895152198422,10,0.12704868980467646,0.8852337920962924,0.052942016072344666,0.811729397293973,0.09058872549849928
Os_LEA_or3__Kappa_up_2_,nardini_R/K Ratio_zscore,-0.0011911175121434585,0.07072684704541092,0.0005625294559472433,0.009845691076328844,0.018349161945943816,0.9933201346303433,0.998,224,0.1526473199602994,0.9982817736644609,0.0007468580356622492,0.998,0.0008694587126288914
Os_LEA_or3__Kappa_up_2_,nardini_E/D Ratio_zscore,-0.12166397519189259,0.0647130834966361,-0.12626545371881376,-0.07158728800981362,0.032463779801437546,0.05862328657020847,0.066,225,0.1528974776534636,0.1921010628326701,0.7164702323216123,0.2107809523809524,0.6761686375278232
Os_LEA_or3__Kappa_up_2_,nardini_Frac Chain Expanding_zscore,-0.15832519283540297,0.1164062490007537,-0.15275666419801823,-0.07695953963269002,0.04866319034685937,0.1938301669572145,0.178,74,0.17752640583797005,0.42668084892550934,0.3698968495068119,0.404216704288939,0.393385743194267
Os_LEA_or3__Kappa_up_2_,nardini_FCR_zscore,-0.27464364661459034,0.24601805278347835,-0.28825234698350244,-0.04773052920126724,0.0616946786426603,0.2050991928638603,0.286,21,0.12674206069787597,0.43767476339065686,0.35884849436508426,0.5269523809523808,0.27822862885578575
Os_LEA_or3__Kappa_up_2_,nardini_Hydrophobicity_zscore,0.0983399376153913,0.0695615507431747,0.09304170047531407,-0.056170237796860555,0.047656617666594646,0.1568766996673668,0.154,233,0.15020234696354648,0.37221216949379954,0.4292094316952982,0.37241346153846155,0.4289746290703711
Os_LEA_or3__Kappa_up_2_,nardini_Disorder Promoting_zscore,-0.23925395817808687,0.08936227381000401,-0.2381501235157111,-0.07554526861887342,0.03537676541224882,0.005963307234757899,0.006,132,0.15350649079090695,0.035082380574072786,1.4549109445219242,0.034101694915254235,1.4672240352582544
Os_LEA_or3__Kappa_up_2_,nardini_Iso point_zscore,0.09175104145798525,0.0659091408544949,0.09206230326978335,0.0733679853822603,0.05403796069522069,0.16130718376893174,0.17,233,0.15020234696354648,0.37914725904566665,0.42119207929404767,0.3989399259108803,0.3990924973199485
Os_LEA_or3__Kappa_up_2_,nardini_PPII_zscore,-0.06676300955274843,0.06924744450785511,-0.06699425909934681,-0.07811880519673568,0.047732225054642245,0.3085507649209131,0.35,233,0.15020234696354648,0.5436113301408732,0.264711500125008,0.5907718120805369,0.22858023467005223
Os_LEA_or3__Kappa_up_2_,nardini_A Patch_zscore,0.04780448928225836,0.10702886310932737,0.04737208957489172,0.008202848052085434,0.023685069092748604,0.6449625729267718,0.646,97,0.13251730036841328,0.80102759057325,0.09635252483042983,0.8072993788819877,0.0929653816528758
Os_LEA_or3__Kappa_up_2_,cider_kappa,-0.05623194895114001,0.09154696155147607,-0.05170051309699822,-0.33135766440993486,0.19092452766457044,0.5669119030819756,0.534,125,0.1269981063732007,0.7494262477010084,0.12527110036406972,0.7249716599190283,0.13967897023086315
Os_LEA_or3__Kappa_up_2_,cider_omega,0.15692645411308467,0.08037559625332305,0.15703353438279494,-0.00040197491408161133,0.19915072986961624,0.03527151705383942,0.05,180,0.1447677878357333,0.1338986647402357,0.8732237538232333,0.1746527777777778,0.7578245027033034
Os_LEA_or3__Kappa_up_2_,cider_delta,-0.09328545348940614,0.09746309596014667,-0.0874191619420449,0.30521446241371036,0.5448888942816801,0.3383297663586984,0.354,122,0.12853473767623982,0.5653816361409478,0.24765830170460412,0.5925524126455907,0.22727322925704313
Os_LEA_or3__Kappa_up_2_,cider_mean_net_charge,0.34402614041693974,0.18247761169400584,0.35563489814405663,0.6749708316244954,0.38681109196799424,0.0632697500314124,0.068,28,0.17822269840173127,0.20400438631923357,0.6903604946635152,0.21444514106583074,0.6686837896310361
Os_LEA_or3__Kappa_up_2_,cider_fraction_neutral,0.5924512432439455,0.16739460189989022,0.6104573178199121,1.3459379750244806,0.5743906313063012,0.0025503090286147913,0.006,22,0.10923173936901627,0.018457632250262448,1.7338240111431544,0.034101694915254235,1.4672240352582544
Os_LEA_or3__Kappa_up_2_,sparrow_SCD,-0.027506096793437254,0.0701190744489568,-0.02713477224367546,-0.0015323670324518788,0.0027463781491328713,0.6803081762615169,0.698,233,0.15020234696354648,0.8186483556448397,0.0869026061731794,0.8329632265717675,0.07937417128167266
Os_LEA_or3__Kappa_up_2_,sparrow_SHD,-0.038258551633833224,0.13411749047212532,-0.033657327996950634,-0.05623151358287575,0.08842970650569154,0.8090815850961435,0.766,54,0.18522521642801348,0.9114625695483991,0.040261161537106835,0.8756772727272728,0.05765592179765606
Os_LEA_or3__Kappa_up_2_,sparrow_complexity,-0.43084584742442994,0.12496495280989672,-0.43388163199483953,-9.25159453294229,2.0396841624473323,0.0011713769992148036,0.001,53,0.1761421965652422,0.010616263614505338,1.9740283059590324,0.008902654867256637,2.050480462763511
Os_LEA_or3__Kappa_up_2_,sparrow_scaled_rg,-0.3643054175748647,0.11663696246617078,-0.37250132205182435,-0.03813001986689594,0.011825543595224924,0.0031131961167517957,0.004,61,0.1402997137162522,0.020336852554885106,1.6917162600571276,0.026300653594771243,1.5800334587697278
Os_LEA_or3__Kappa_up_2_,sparrow_scaled_re,-0.319110996795776,0.0970541879887463,-0.3237579042457091,-0.008997682071953284,0.002884666110978944,0.0031944203579005633,0.002,81,0.1601459770940444,0.020732818580954625,1.6833416525156342,0.014794117647058824,1.8299109319863278
Os_LEA_or3__Kappa_up_2_,sparrow_prefactor,0.21259460688903398,0.16940967741785593,0.22658517952635596,6.992305221991292e-05,0.006828439863348975,0.19752848105498144,0.228,34,0.13264076622599702,0.43292734627736673,0.3635849806865826,0.463369696969697,0.3340723712132063
Os_LEA_or3__Kappa_up_2_,sparrow_scaling_exponent,-0.26536376883419005,0.15492334499551697,-0.2835467045993362,-0.05284908410848029,0.2605302257457852,0.08900834718226774,0.11,37,0.12426316976683131,0.2583652264925304,0.5877659386593604,0.304010989010989,0.5171107177709223
Os_LEA_or3__Kappa_up_2_,sparrow_asphericity,-0.3781082729175195,0.13211597773977518,-0.3917245545152522,-1.4698717806075527,0.7395393338128616,0.009383635410242657,0.01,43,0.119003359836121,0.04942375509269169,1.3060642610771849,0.052395833333333336,1.280703247983641
Os_LEA_or3__Kappa_up_2_,mpipi_epsilon_self,-0.09681832408081471,0.08012283620776943,-0.09863302857288186,-0.004920891567838713,0.0036844856618842826,0.17348335057551684,0.218,192,0.15119717406897284,0.3975495459657629,0.40060873820593257,0.45880334728033473,0.3383734222876055
Os_LEA_or3__Kappa_up_2_,calvados_epsilon_self,-0.14140081360246215,0.07589777020883087,-0.1406905337752431,-0.00374427304339316,0.0022792762924209826,0.058175237614517976,0.064,182,0.15295220625151015,0.19125584653661792,0.7183852799401925,0.20635897435897435,0.6853766393146471
Os_LEA_or3__Kappa_up_2_,avg_helix_prob,0.06013954093392965,0.06631948851826606,0.0570130627895069,0.13631176963976913,0.10790352611525293,0.4044309708961499,0.362,216,0.14923692980108402,0.6280402800539543,0.20201250141539664,0.6019371900826447,0.22044882339939456
Os_LEA_or3__Kappa_up_2_,avg_beta_prob,0.13620825217967084,0.06963657992087856,0.13332579457350643,-1.4086082611420714,3.649609621402548,0.05729313136008255,0.05,204,0.1485674738295632,0.18897341032210835,0.723599299333445,0.1746527777777778,0.7578245027033034
Os_LEA_or3__Kappa_up_2_,avg_coil_prob,-0.037366722294469294,0.07068260874648052,-0.03547879874728731,-0.10035688714226115,0.10507082424491475,0.5957148304927955,0.596,226,0.14959532479143514,0.773276283194519,0.11166530966638609,0.7706632390745501,0.1131353565295439
Os_LEA_or3__Kappa_up_2_,avg_nes,0.05258892569544721,0.07150821366044563,0.05127272185395923,3.0412283765008823,1.8577520450041907,0.45664226719249723,0.46,213,0.15319465354530096,0.6716112877129418,0.17288201332277928,0.6765497076023392,0.1697002893186335
Os_LEA_or3__Kappa_up_2_,avg_nis,0.07378065585623626,0.06805982194771373,0.07507612949040705,0.48347288867339,0.2834985662344921,0.2568014712442202,0.268,230,0.14714243572418087,0.49568963752410905,0.3047901599997077,0.5077363465160075,0.2943617463327717
