base_origin,feature,r_mean,r_std,r_full,slope_mean,slope_std,p_value,bootstrap_p,n_samples,mean_pooled_se,p_adj,bootstrap_p_adj
syn_LEA_1,nardini_Frac A_raw,0.22734462715425208,0.14114464172634403,0.23447826312626002,0.5290153085862793,0.41874608649907763,0.07385063731766925,0.116,59,0.15287880436079304,0.24399671349073074,0.3230743801652893
syn_LEA_1,nardini_Frac C_raw,0.15087737065698228,0.28125573523505387,0.17184547094304914,3.683960589257277,3.4863923672594255,0.5402740735096484,0.61,15,0.20341782520067506,0.7814264496684614,0.82228
syn_LEA_1,nardini_Frac D_raw,0.07346004560185497,0.1320499358118781,0.07098362537275188,1.872582896046537,1.6960718539335242,0.5997887689216492,0.574,57,0.14741721366133093,0.8218482486111126,0.8059916666666666
syn_LEA_1,nardini_Frac E_raw,-0.0726270566391561,0.12523957298151311,-0.07234992807959838,-1.0113750663044792,0.9653985031135103,0.5730947751688673,0.556,63,0.14408461041059095,0.8024720325913117,0.7922706131078225
syn_LEA_1,nardini_Frac F_raw,-0.15095536678429877,0.29229690484944426,-0.1599851183555461,-8.978985655930755,12.487097293942941,0.5689798042286155,0.57,15,0.17632707699055528,0.8024720325913117,0.8054088050314465
syn_LEA_1,nardini_Frac G_raw,0.09146954822362742,0.19133276023907136,0.08630162316288854,1.511795197641745,2.977177486242812,0.6750736643562716,0.63,26,0.1644898830217163,0.8644418202138408,0.8391699604743083
syn_LEA_1,nardini_Frac H_raw,-0.2915282992141114,0.19706972308624737,-0.2952219368441232,-6.151986560152377,7.426678499857731,0.12000021543443559,0.166,29,0.14947461518394314,0.33012304164412076,0.4106810035842294
syn_LEA_1,nardini_Frac I_raw,-0.45118171181136235,0.10365206364503844,-0.4546880219627116,-2.9713613765693068,1.5063604627912703,0.00038056533346268864,0.001,57,0.1590506142520783,0.004750019162108373,0.009768115942028987
syn_LEA_1,nardini_Frac K_raw,0.33721956729526764,0.11804172112756812,0.3385961008282782,1.4857317228950315,0.6392676987718623,0.008139089374631087,0.01,60,0.15460090315925165,0.05211453497348229,0.05760683760683761
syn_LEA_1,nardini_Frac L_raw,-0.6015114585010307,0.07300648396700288,-0.6086231967997106,-6.915325251049115,0.8869978842278634,2.8904462439764035e-08,0.001,69,0.15045612276814815,3.2469346140668264e-06,0.009768115942028987
syn_LEA_1,nardini_Frac M_raw,-0.4009344598659349,0.1252947293110609,-0.40768895911692565,-3.1921036046255216,1.47638507559777,0.002700312725091857,0.002,52,0.15402972638939236,0.02219525337453551,0.016641975308641976
syn_LEA_1,nardini_Frac N_raw,-0.33225052511851666,0.11646569526998363,-0.328754850030184,-2.5988458208416247,1.2236346099348803,0.014259804744811104,0.006,55,0.15329418188288324,0.08009256998335569,0.03964705882352941
syn_LEA_1,nardini_Frac P_raw,-0.2195794520774502,0.18315226273139146,-0.21812369884701974,-1.1950044120964767,2.127808217269799,0.28440640296833614,0.23,26,0.163282639581045,0.5399715932412916,0.4905696202531646
syn_LEA_1,nardini_Frac Q_raw,-0.19872850539759326,0.11912687948981511,-0.19671604415553587,-0.6126520099307495,0.6472417173062064,0.15001335215208697,0.086,55,0.12880967720334688,0.37868539082586744,0.2658899082568807
syn_LEA_1,nardini_Frac R_raw,-0.2815087621627285,0.12971953018617494,-0.28854513457248915,-1.95961955134869,1.204459948983027,0.03434601358991151,0.036,54,0.1569400934228886,0.14630552127701407,0.15755844155844154
syn_LEA_1,nardini_Frac S_raw,0.42969657442360354,0.12100149450691046,0.43546949097116944,2.7352196256909407,0.8512398682377121,0.0024883484536506162,0.001,46,0.1412977493820887,0.02122970706025969,0.009768115942028987
syn_LEA_1,nardini_Frac T_raw,-0.48998740636532284,0.13380339160345686,-0.4978015720628002,-2.5666627897295093,1.558791914558872,0.0003703665939756328,0.001,47,0.1348774828813846,0.004750019162108373,0.009768115942028987
syn_LEA_1,nardini_Frac V_raw,0.041417099781214384,0.12867436018479575,0.043760986471454745,0.23852617142886312,1.282370808610724,0.7487828760979213,0.718,56,0.1418090378961811,0.8980065097686813,0.8823272727272727
syn_LEA_1,nardini_Frac W_raw,0.019120672309903865,0.5973744065463416,0.09107651110783746,-4.870244565845375,13.218952774932294,0.8637629700202579,0.7723577235772358,6,0.12935256126024888,0.934926786465471,0.9037658084914183
syn_LEA_1,nardini_Frac Y_raw,0.4655798798684198,0.37779889384061854,0.5122717640554155,12.137881543289387,9.541015416793305,0.2398053912767625,0.22336065573770492,7,0.1633915387075001,0.4897843446076907,0.4794429362013157
syn_LEA_1,nardini_Frac K+R_raw,0.23186796903503246,0.2227138665104347,0.23321132743030684,0.5899823085964854,0.5756816197294983,0.2323485618669024,0.294,28,0.13803075072906623,0.48583497935417314,0.5594763231197771
syn_LEA_1,nardini_Frac D+E_raw,-0.06179593227267644,0.2160810810780373,-0.050069459772252314,-0.18165019606622143,0.49271865212328636,0.8002513126826497,0.756,28,0.12483613721659322,0.9141853978781456,0.8955079086115993
syn_LEA_1,nardini_Frac Polar_raw,-0.28560514419877403,0.13597348441034304,-0.290623422938736,-0.523928342236351,0.3649351317476305,0.061881846226145426,0.04,42,0.14811576402090706,0.218368399771843,0.16955974842767296
syn_LEA_1,nardini_Frac Aliphatic_raw,0.2632509521215493,0.15285930796042752,0.2761562233825731,0.3354099624341355,0.5205695557256004,0.11389115464520819,0.106,34,0.1462473008723995,0.32215423166016377,0.30662660944206005
syn_LEA_1,nardini_Frac Aromatic_raw,0.0016513956298916952,0.2403716176827547,0.005370216135410547,-3.0395013641891446,5.200381033078156,0.9825922772689564,0.938,19,0.1869810510055318,0.9970985339511585,0.9652091603053435
syn_LEA_1,nardini_R/K Ratio_raw,-0.2670895324921993,0.09344463366285573,-0.26670616827467486,-0.22142605545026534,0.11746929802499034,0.004125431737051626,0.004,114,0.13662954560382684,0.03159705671332722,0.029955555555555555
syn_LEA_1,nardini_E/D Ratio_raw,-0.10978171851176367,0.13012576454868258,-0.10091662134155494,-0.27304222771479786,0.23591269389379235,0.43129772022463686,0.406,63,0.14408461041059095,0.6796870356865254,0.6690802919708029
syn_LEA_1,nardini_Frac Chain Expanding_raw,0.12618341054037008,0.16953628782877422,0.1329217905818218,0.5372838484133176,0.4711115601103823,0.4683102898171474,0.416,32,0.16088873974063508,0.7107317670358936,0.6723836930455636
syn_LEA_1,nardini_FCR_raw,0.23209080365911516,0.282098483844737,0.23152990282835612,0.22717018174829373,0.3318881337386402,0.37124355779718476,0.416,17,0.12291367178892643,0.6366874248226527,0.6723836930455636
syn_LEA_1,nardini_NCPR_raw,0.1795088582508178,0.24023049161700344,0.18727497639035864,0.4093921965144514,0.47002797972684773,0.39218542531930445,0.462,23,0.15023781686946872,0.6443316170357636,0.7140091324200913
syn_LEA_1,nardini_Hydrophobicity_raw,-0.4255578200504939,0.2551197733403461,-0.4685314685314686,-0.4364420546344058,0.2822620812066742,0.12445479118883397,0.132,12,0.19598542342042322,0.3381619527498664,0.3502677165354331
syn_LEA_1,nardini_Disorder Promoting_raw,0.5280065062097221,0.1124944724020988,0.5383542933919024,1.1532172360766515,0.33444710091517643,0.00011375519566174441,0.001,46,0.12210169642921329,0.0019387089249208913,0.009768115942028987
syn_LEA_1,nardini_Iso point_raw,0.1763311720992896,0.17204634126787663,0.1823080283626833,0.010408415970843328,0.02582855479091512,0.3349328020161262,0.28,30,0.16552712555581323,0.6021852943644636,0.5486046511627908
syn_LEA_1,nardini_PPII_raw,-0.06484313791870415,0.41957037526590285,-0.006060606060606061,-0.40229901175935756,10.706363971053628,0.9867429111949892,0.858,10,0.09504825858525998,0.9970985339511585,0.9327290322580645
syn_LEA_1,nardini_A Patch_raw,0.613216648553409,0.08243202369571838,0.634666899925839,1.0456337722395688,0.18545407992607332,5.546454628612618e-05,0.001,34,0.12061049885697565,0.001132821339298456,0.009768115942028987
syn_LEA_1,nardini_E Patch_raw,0.1845266749487847,0.2871368383731674,0.1946945538762894,1.09694333069719,1.2649337880034137,0.5047784571827589,0.536,14,0.1043242953127171,0.744465383241093,0.7802678185745141
syn_LEA_1,nardini_I Patch_raw,0.35238932356953523,0.38361359178333293,0.44136741475237473,3.907875614030873,4.978371317378277,0.3809392104771887,0.24072216649949849,6,0.18321884908682642,0.6378166296284187,0.49465469579470117
syn_LEA_1,nardini_K Patch_raw,0.30630021015005615,0.18738666573356463,0.3110853528761789,1.173163555043504,0.7915174354032636,0.11423569935723907,0.124,27,0.14353208293349112,0.32215423166016377,0.334304
syn_LEA_1,nardini_Q Patch_raw,0.15450820779640276,0.5254012423913131,0.11595420713048968,0.6032541642974452,3.3379633486281164,0.826848213385815,0.7374749498997996,6,0.11240343206224383,0.9280124865198979,0.8923844097530789
syn_LEA_1,cider_kappa,-0.26480583051486833,0.12172561583437021,-0.27204667005050953,-0.14743058710869275,0.13684772719103727,0.0406393055639776,0.048,57,0.138147051783134,0.16304102351262442,0.18700578034682083
syn_LEA_1,cider_omega,0.0951198611160075,0.1159426730641691,0.0962803733930344,0.05819575207829172,0.23626791799754446,0.38952856411493875,0.408,82,0.136525703863643,0.6419125970989454,0.6690802919708029
syn_LEA_1,cider_delta,-0.1629745407996283,0.1226481251836906,-0.1689988719494075,-0.5809556782598502,0.6951144325092823,0.18547901696360738,0.17,63,0.13394598483764267,0.4299506937568691,0.4106810035842294
syn_LEA_1,cider_mean_net_charge,-0.05227410569291358,0.2448166458078866,-0.06025749355330584,0.06069439097996681,0.6161345052997016,0.7899491500488938,0.848,22,0.15325028669073906,0.9097008629541932,0.9278441558441558
syn_LEA_1,cider_fraction_neutral,-0.22218802185725273,0.27208775757540504,-0.23152990282835612,-0.22589130074574534,0.3260543113935632,0.37124355779718476,0.41,17,0.12291367178892643,0.6366874248226527,0.6707281553398058
syn_LEA_1,sparrow_SCD,0.2093043022139181,0.08331054990912078,0.21127840563363276,0.0001600197311842536,0.010688990281650752,0.024038587369601287,0.008,114,0.13662954560382684,0.11443802945623067,0.04771681415929204
syn_LEA_1,sparrow_SHD,-0.4807344140755431,0.3139657423247447,-0.5,-0.38901385916453257,0.43390604199885474,0.11730680301423815,0.15,11,0.1476284968709326,0.32806964826388596,0.38587786259541984
syn_LEA_1,sparrow_complexity,-0.5197507156059082,0.14475024733087594,-0.5325123152709358,-1.6107548691495754,0.31158282663311987,0.002941745513326283,0.008,29,0.0985744385195457,0.023604005666451364,0.04771681415929204
syn_LEA_1,sparrow_scaled_rg,-0.7888297562355076,0.16918453417550255,-0.8333333333333333,-0.04798439970950385,0.012598081066071767,0.00526569102916175,0.006,9,0.1136580972636026,0.036969539100573115,0.03964705882352941
syn_LEA_1,sparrow_scaled_re,-0.7424125089196285,0.14927013602441142,-0.7714285714285714,-0.01309915129159409,0.003432520577536612,0.0012326572868001852,0.001,14,0.11412827689447384,0.01298142205161445,0.009768115942028987
syn_LEA_1,sparrow_prefactor,0.732663005840821,0.0959052687904266,0.7749999999999999,0.08025591860819165,0.05548695273793137,0.0006896453939514363,0.001,15,0.15647755011751072,0.00802031611407838,0.009768115942028987
syn_LEA_1,sparrow_scaling_exponent,-0.5727856060488075,0.2485372374270617,-0.6043956043956044,-1.4420458882398082,0.6375534288917021,0.02867270567140696,0.06,13,0.10690231632204868,0.12970069545321,0.2143970480643827
syn_LEA_1,sparrow_asphericity,-0.5241685875981409,0.2754571009844193,-0.5314685314685316,-2.2486767099243736,0.5877111302868443,0.07536233505348364,0.092,12,0.07796845291393696,0.2477766528099901,0.28185454545454547
syn_LEA_1,mpipi_epsilon_self,0.31429197303614753,0.09866745624721714,0.3176401502495722,0.01269958110570513,0.01359942503450813,0.003237348506769033,0.001,84,0.14309015649797296,0.025670269336027392,0.009768115942028987
syn_LEA_1,calvados_epsilon_self,0.2867818965319925,0.09747591756494517,0.29117804651415163,0.01654155471583717,0.004796799819858537,0.003999237260186429,0.008,96,0.13211588828766804,0.03105460336053882,0.04771681415929204
syn_LEA_1,avg_helix_prob,-0.047341888556511086,0.09820394797636191,-0.047916234708687534,-0.12336467563936113,0.24240036451573188,0.6273948909702678,0.642,105,0.13239878919902812,0.8415934007970179,0.8484470588235294
syn_LEA_1,avg_beta_prob,-0.25597945396334765,0.08981858942751243,-0.26066901288140226,-0.3913254356993657,0.46055238032733964,0.005505353978716918,0.004,112,0.13604044873449173,0.03825369671809488,0.029955555555555555
syn_LEA_1,avg_coil_prob,0.12041269471969238,0.11407394298540811,0.12467569224963441,0.25415674633478186,0.23390370731283952,0.2527292822327698,0.278,86,0.1292551104369285,0.5054585644655396,0.5462740524781342
syn_LEA_1,avg_mito_targeting,0.03561027411812226,0.3611217766847139,0.048632443494405174,-0.05352133392239451,0.7548232799435738,0.8938677821006586,0.968,10,0.13657279179706708,0.9562966430727682,0.9792645739910314
syn_LEA_1,avg_nes,-0.11477210133331718,0.08930873244403761,-0.11815474441113659,-1.0281644660054747,1.0304796918338854,0.2254749583548997,0.198,107,0.13145997143514487,0.47490663103500746,0.4478255033557047
syn_LEA_1,avg_nis,0.21754404120939236,0.08599929781626293,0.22328048655482285,0.597267799375278,0.6207486438950452,0.01796072161855849,0.012,112,0.13624894651873384,0.09536661613501783,0.0674
At2g46140_tile7,nardini_Frac A_raw,0.6096554980320322,0.0868993043974413,0.6151351088424613,2.288385435498326,0.21429665492901087,1.2202049909667673e-06,0.001,52,0.13846228441883895,5.874415456511437e-05,0.009768115942028987
At2g46140_tile7,nardini_Frac C_raw,-0.4192548596831366,0.1547907987390802,-0.4285121779502089,-0.9615117433045852,0.95862371282123,0.016166779694608398,0.014,31,0.1102940920274549,0.08858869523712244,0.07609677419354839
At2g46140_tile7,nardini_Frac D_raw,-0.16866454309112583,0.12765190930026366,-0.17409521988494547,-3.382018029353518,1.9076647401912459,0.19525575857834165,0.198,57,0.14440044578968123,0.4431056608814891,0.4478255033557047
At2g46140_tile7,nardini_Frac E_raw,0.15110063384692823,0.12996349204816499,0.15214108533764958,2.060272254289289,3.1022098589992524,0.26298133175511557,0.25,56,0.14604823352363608,0.5093374069050227,0.5075301204819277
At2g46140_tile7,nardini_Frac F_raw,-0.6390141631925347,0.09666011839342102,-0.6488240497134938,-11.650437105184231,1.7857424263353503,6.115941922516457e-07,0.001,48,0.1415987055635103,4.122144855776091e-05,0.009768115942028987
At2g46140_tile7,nardini_Frac G_raw,-0.5392212440995461,0.1295388164747399,-0.5525817588301712,-10.551636575670281,3.4667912068470965,0.0007020751494519649,0.001,34,0.12371511205059811,0.00802031611407838,0.009768115942028987
At2g46140_tile7,nardini_Frac H_raw,-0.08341169537643121,0.4830902475740265,-0.14471361022898727,-3.6582991234453304,7.354516307212794,0.7102883907159302,0.716,9,0.18419913439180163,0.8865451395232166,0.8823272727272727
At2g46140_tile7,nardini_Frac I_raw,-0.6409287619008873,0.0758398328854841,-0.6497445472691876,-5.138289078968706,1.9040483782536812,3.418901864575884e-08,0.001,58,0.13740388916554008,3.2919140810344945e-06,0.009768115942028987
At2g46140_tile7,nardini_Frac K_raw,0.12641855487333523,0.14525180526802856,0.13313143513674144,1.2842945542887794,3.3507921658532895,0.3235172567921403,0.372,57,0.14436075020127986,0.586223658969944,0.6383476070528967
At2g46140_tile7,nardini_Frac L_raw,-0.5694733280837527,0.0966031216560858,-0.5728680284290321,-11.027922047582216,2.0491993508348956,4.864257209497174e-06,0.001,55,0.13734430312982163,0.0001425438851826563,0.009768115942028987
At2g46140_tile7,nardini_Frac M_raw,-0.647981353364768,0.08688592942488663,-0.6528834353784806,-9.978147802133806,1.7339592449686714,4.947394374908418e-08,0.001,56,0.13170172275194672,4.168179760860342e-06,0.009768115942028987
At2g46140_tile7,nardini_Frac N_raw,0.17785984969226962,0.18943288610087963,0.1831161843098378,5.422111103542318,3.9123327080011867,0.3605909022528865,0.35,27,0.18249815483563617,0.6280058607711769,0.6191601049868766
At2g46140_tile7,nardini_Frac P_raw,-0.6999134036647806,0.07956628878489942,-0.7119762568939354,-13.209404505861457,2.5754153396514425,1.4814858541736624e-05,0.001,29,0.12586763919559701,0.0004160506107137702,0.009768115942028987
At2g46140_tile7,nardini_Frac Q_raw,-0.44125536678137756,0.11300099610575685,-0.4487976251088939,-7.717742473302428,2.456531474434179,0.0003224172615398946,0.001,60,0.13972348805482024,0.004434882332201816,0.009768115942028987
At2g46140_tile7,nardini_Frac R_raw,-0.48856613974912944,0.10089840839504521,-0.4944831932659417,-8.291859410546547,1.8260254387243033,7.968525762846063e-05,0.001,58,0.14216077391393683,0.001534510389759499,0.009768115942028987
At2g46140_tile7,nardini_Frac S_raw,0.7225110384074758,0.04962367448904487,0.733477681629073,8.907539663400458,0.985832463547749,6.227075716419476e-10,0.001,52,0.14032682922415013,1.124640876862481e-07,0.009768115942028987
At2g46140_tile7,nardini_Frac T_raw,-0.7241113264104129,0.06443656028754265,-0.7329534797845746,-7.515756281026172,1.091085391551424,9.641583829816237e-10,0.001,51,0.1400283948699629,1.299685500259229e-07,0.009768115942028987
At2g46140_tile7,nardini_Frac V_raw,0.18697831290089031,0.14440086276073136,0.18750100814629847,5.774481442845617,2.550977677996259,0.174564724355507,0.208,54,0.142390139769743,0.41574778874774454,0.4565806451612903
At2g46140_tile7,nardini_Frac W_raw,-0.2919528979759203,0.11427226192284749,-0.3026913422699671,-10.122724132222425,5.766242317075805,0.0345142105089692,0.014,49,0.14296692079948636,0.14630552127701407,0.07609677419354839
At2g46140_tile7,nardini_Frac Y_raw,-0.3257498928362421,0.10694437882574215,-0.3309837497172332,-14.492948023156798,3.503994785566661,0.01271482435502543,0.008,56,0.13448334486872066,0.07387751392488914,0.04771681415929204
At2g46140_tile7,nardini_Frac K+R_raw,-0.22832745165917848,0.247641868146269,-0.2500731433422577,-1.9826800718164308,1.6905254945685573,0.26167970288557785,0.374,22,0.1475377294508395,0.5093374069050227,0.6383476070528967
At2g46140_tile7,nardini_Frac D+E_raw,0.0629765335438739,0.21933605231541484,0.0689962910377373,-0.7847363755282215,1.5247778035422417,0.7487037031032979,0.764,24,0.12782956936042958,0.8980065097686813,0.9002377622377623
At2g46140_tile7,nardini_Frac Polar_raw,-0.43290042578563187,0.14779330551032965,-0.4371159303976904,-2.220180363807912,0.7097645426827137,0.004797585430371305,0.004,40,0.12207283293540971,0.034399708298619776,0.029955555555555555
At2g46140_tile7,nardini_Frac Aliphatic_raw,0.6041521780640139,0.11074513264383327,0.6199886349310646,2.0814489714837494,0.2727238020170178,9.203506582425831e-05,0.001,34,0.12433649670271972,0.0017186097453431237,0.009768115942028987
At2g46140_tile7,nardini_Frac Aromatic_raw,-0.6084705420756563,0.10257438201368424,-0.6249537489395883,-10.604484375721002,1.9324880267232516,0.0001709361466793514,0.001,31,0.12811071681208308,0.0026184309741337005,0.009768115942028987
At2g46140_tile7,nardini_R/K Ratio_raw,-0.3093361959813717,0.09336950760865761,-0.3080285800553836,-0.5728732670529636,0.12838922324131538,0.0006544489634058981,0.002,119,0.14202363021429934,0.007876760738135273,0.016641975308641976
At2g46140_tile7,nardini_E/D Ratio_raw,0.08087316623303914,0.09804853099318804,0.0796075909422712,0.26346489946100327,0.13288159011394474,0.38944911568673934,0.392,119,0.14202363021429934,0.6419125970989454,0.6556029776674938
At2g46140_tile7,nardini_Frac Chain Expanding_raw,-0.460583500872644,0.1835529677747501,-0.4519942746722497,-3.538644982109464,1.0995525303944158,0.008273375730211582,0.018,33,0.13455492246399747,0.05211453497348229,0.0905373134328358
At2g46140_tile7,nardini_FCR_raw,-0.05756953714585034,0.27668067833224275,-0.055706402743662335,-1.1792267580249947,1.5908491658932986,0.8436831655700817,0.82,15,0.18460579277745706,0.9303334591839726,0.9096797385620914
At2g46140_tile7,nardini_NCPR_raw,-0.010663980702824344,0.07652475115980018,-0.01247204777527294,-0.9710160959027211,0.9358581262358087,0.8929098660793172,0.92,119,0.14202363021429934,0.9562966430727682,0.9613643410852714
At2g46140_tile7,nardini_Hydrophobicity_raw,0.07767149290016326,0.31003769761531735,0.09010989010989012,0.05812708919205619,0.08640012800410686,0.7593388378159541,0.754,14,0.16031522397911857,0.9001812519279343,0.8955079086115993
At2g46140_tile7,nardini_Disorder Promoting_raw,0.5487112454099946,0.12357527678856615,0.5557277951864422,2.4545581288272302,0.6486041008603336,3.3953654354226686e-05,0.002,49,0.14479084895701805,0.0007191517772064591,0.016641975308641976
At2g46140_tile7,nardini_Iso point_raw,-0.04817301547575374,0.2645732305695329,-0.04569252899454617,-0.00445996571266885,0.024467038261806538,0.8440857859814629,0.814,21,0.15058867114795624,0.9303334591839726,0.9096797385620914
At2g46140_tile7,nardini_PPII_raw,-0.2193449989013773,0.34698993145447266,-0.217575126276488,-4.264959141518027,7.725309744052549,0.5738746583219767,0.52,9,0.17265333049850254,0.8024720325913117,0.7685964912280702
At2g46140_tile7,nardini_A Patch_raw,0.7260640543355014,0.09065754871676349,0.7499507442388135,1.8498555197853535,0.16620796489289255,1.1936718340920708e-06,0.001,31,0.11931557079224801,5.874415456511437e-05,0.009768115942028987
At2g46140_tile7,nardini_D Patch_raw,-0.10983453005111642,0.20822486566781637,-0.10804822294021194,-1.4061494534423473,2.8233265476297933,0.5916521323300026,0.594,27,0.14664996575617112,0.8168077158120001,0.8140891122932019
At2g46140_tile7,nardini_I Patch_raw,0.020646764956527428,0.3894796264911702,0.02827013970960878,0.03582819893312511,1.8558892588487277,0.930503034736568,0.948,12,0.12978058071777906,0.9671293139826543,0.9710516717325228
At2g46140_tile7,nardini_K Patch_raw,0.10293730714573221,0.4970643138361034,0.14285714285714288,0.9873817050800862,9.75969798815248,0.7871720116618075,0.78,6,0.1108609153878624,0.9084827668836614,0.9048537005163512
At2g46140_tile7,nardini_L Patch_raw,0.24565346659512674,0.4792617437130435,0.26482044885142486,10.137325862558027,19.122425732550376,0.6120552385657049,0.47342026078234706,6,0.21406305168267703,0.8283639172555926,0.7235493328056732
At2g46140_tile7,nardini_S Patch_raw,-0.006433323247319116,0.4077562899126366,0.0,0.7594588215388305,3.920562137985699,1.0,0.938,10,0.11822166803811356,1.0,0.9652091603053435
At2g46140_tile7,nardini_T Patch_raw,0.5318893027407996,0.17660728532019787,0.5545996740704843,4.207942921324931,2.399277172243177,0.03190103791304674,0.022,15,0.1507999253235796,0.14145591811443095,0.10667625899280575
At2g46140_tile7,nardini_V Patch_raw,-0.10056617191150967,0.09016119623924564,-0.1018451131556214,-2.391410630336615,1.862285729564423,0.2988833594044315,0.278,106,0.1428521618914774,0.5595760673294079,0.5462740524781342
At2g46140_tile7,cider_kappa,0.11651602450640287,0.13083841978921673,0.12013420405378987,-0.18296976061196366,0.41837249746837485,0.3823114515873608,0.362,55,0.14475947522454016,0.6378166296284187,0.6353854166666666
At2g46140_tile7,cider_omega,0.16120943524944392,0.12252893591729758,0.16366806957481106,0.6156609158457604,0.4677058928100835,0.1726213164420791,0.192,71,0.1503548420160674,0.41574778874774454,0.4416655290102389
At2g46140_tile7,cider_delta,0.06274524315340022,0.13386237812683188,0.06177944684983621,0.01485611544008242,3.0519891859159554,0.6420545384650215,0.646,59,0.14111955280533064,0.8518597616642214,0.8520626223091976
At2g46140_tile7,cider_mean_net_charge,-0.20669441659411736,0.2420713772459755,-0.21685547785254516,-2.6722836409502126,1.7653883888782989,0.3450633200074694,0.408,21,0.15185588524501437,0.605658014804777,0.6690802919708029
At2g46140_tile7,cider_fraction_neutral,0.005039564390529079,0.30878913215479437,-0.0066447179244218816,1.219014281160903,1.6303677525132794,0.9820138645064644,0.974,14,0.1813709784280995,0.9970985339511585,0.9798149253731343
At2g46140_tile7,sparrow_SCD,-0.14950180495392704,0.07973416269127749,-0.15043356549533904,-0.04550023159226227,0.01751091185158352,0.10246437733014084,0.062,119,0.14202363021429934,0.30191797252491287,0.2165181347150259
At2g46140_tile7,sparrow_SHD,0.4881272883363415,0.1699555805673817,0.5030769230769231,0.9874850578115657,0.41019318854292514,0.01036660151118429,0.018,25,0.130964560378833,0.06252491486547591,0.0905373134328358
At2g46140_tile7,sparrow_complexity,-0.40990135177695475,0.17186564259940013,-0.4206896551724138,-2.4768775850861746,0.5993422936598122,0.02061839888314145,0.034,30,0.10359484862165678,0.10468746922422299,0.15076315789473685
At2g46140_tile7,sparrow_scaled_rg,-0.7013966701988713,0.3846505491569539,-0.7714285714285715,-0.04810050902070428,0.4127935602647715,0.07239650145772594,0.144,6,0.20260677480661685,0.24156060387379844,0.3747335907335907
At2g46140_tile7,sparrow_scaled_re,-0.2504645910493408,0.30269994316646215,-0.29090909090909095,-0.015922378095767888,0.01672592586252484,0.38545696969136556,0.44,11,0.15030398095675193,0.6398965457437941,0.699433962264151
At2g46140_tile7,sparrow_prefactor,-0.6923123459576105,0.08448884290734797,-0.7196581196581195,-0.3973718636960945,0.09995564841689143,3.414370455579628e-05,0.001,26,0.12437036767487493,0.0007191517772064591,0.009768115942028987
At2g46140_tile7,sparrow_scaling_exponent,-0.5617858609106932,0.31750656799942145,-0.5952380952380953,-2.993974986027211,3.33689602153025,0.11952980613879259,0.162,8,0.1791919349517658,0.33012304164412076,0.4044
At2g46140_tile7,mpipi_epsilon_self,0.3447406415641056,0.09748447198661915,0.3454081459817749,0.04828815911933008,0.01649307394238732,0.0015876784760648402,0.001,81,0.14369633078432986,0.01597157153533884,0.009768115942028987
At2g46140_tile7,calvados_epsilon_self,0.29289070123562105,0.09487375712189805,0.29527500269116846,0.02401478490213171,0.005232922622207252,0.001060218326628739,0.004,120,0.14150509628638136,0.011342653208694764,0.029955555555555555
At2g46140_tile7,avg_helix_prob,-0.04849891674987319,0.10652360737875342,-0.054379600981542736,0.0029245143987705617,0.500571536811398,0.5835074620495628,0.676,104,0.13977176218652662,0.8125703087219118,0.8645616698292221
At2g46140_tile7,avg_beta_prob,-0.3128308283982676,0.08771367534003213,-0.31381761027778726,-1.8837482343165883,0.4368104916288124,0.0007532836329801211,0.001,112,0.14460694838218285,0.008461886143810026,0.009768115942028987
At2g46140_tile7,avg_coil_prob,0.22335224758509234,0.10742776154957667,0.223805408075071,1.0130071719955873,0.4225508364501409,0.03396367616379734,0.046,90,0.14310658341023275,0.14630552127701407,0.18565269461077843
At2g46140_tile7,avg_mito_targeting,0.034423911344253925,0.09547950181648641,0.03715317542361691,-0.16740922151986914,0.7891201615546709,0.6895775108835751,0.728,118,0.14247721050130513,0.8736376735630256,0.8872911392405064
At2g46140_tile7,avg_nes,-0.02413877415164636,0.09893591782654165,-0.028608991397296293,-2.3376516522416897,2.4176111100709146,0.7688236677545551,0.804,108,0.14149980325991776,0.9042783414776457,0.9096797385620914
At2g46140_tile7,avg_nis,0.1398623524044111,0.09720348434188542,0.1428949060805964,-4.596633247945659,2.0787483240540428,0.1276420714582911,0.148,115,0.14382489033785198,0.3441230246515528,0.382191570881226
TgL_8x,nardini_Frac A_raw,0.0747216897697867,0.0990614525083195,0.07522493068152039,-0.08748969896575569,0.2895323932475045,0.4201916274060431,0.438,117,0.10351999520348888,0.6732389453421064,0.6979007092198583
TgL_8x,nardini_Frac C_raw,-0.1982231379450992,0.17336799653442608,-0.2007195889267028,-4.72220379505618,6.242930565945623,0.31543550957952493,0.272,27,0.12596128549956373,0.5793011810806534,0.5392
TgL_8x,nardini_Frac D_raw,0.029422953298631427,0.08057801474025915,0.028020189025316986,0.319642590215072,0.5036701209670451,0.742434246961926,0.716,140,0.1053060044145441,0.8980065097686813,0.8823272727272727
TgL_8x,nardini_Frac E_raw,0.06567472998427949,0.08869796887488697,0.06950527267334138,0.44002451482458865,1.0865527280086429,0.44492413924807905,0.448,123,0.10992833714098775,0.6947886323373185,0.7069930069930069
TgL_8x,nardini_Frac F_raw,0.01265792874028617,0.11576931570876497,0.01176250464268883,-0.1706847872146318,1.412328190717371,0.9196718135821838,0.916,76,0.10194088477493513,0.9640105790892564,0.9601617418351478
TgL_8x,nardini_Frac G_raw,-0.16651701371077993,0.130532655623908,-0.166328298776791,-1.7020623930455732,0.9378542356924464,0.16565277636142892,0.21,71,0.11311383929303521,0.40897425372748386,0.4565806451612903
TgL_8x,nardini_Frac H_raw,0.1496331614984265,0.16778492591752642,0.14758173391545634,2.5604721908275425,2.243369513698371,0.36994050261901945,0.364,39,0.1132828156745936,0.6366874248226527,0.6372363636363636
TgL_8x,nardini_Frac I_raw,0.0006093754243561325,0.17771881222049668,-0.00020260833198953277,1.4149300661589796,4.097333578805096,0.9989215725267646,0.986,47,0.1461991221127735,1.0,0.9894680534918276
TgL_8x,nardini_Frac K_raw,0.06287808484096574,0.10445219859247935,0.058293939149037056,0.4794037046124104,0.454448006563736,0.5788703245175919,0.536,93,0.10861569842521775,0.8077817778982544,0.7802678185745141
TgL_8x,nardini_Frac L_raw,-0.11468768369368018,0.07813183543579953,-0.11502548989755342,-0.79160665502789,0.6262321717922813,0.16102259374179143,0.13,150,0.09991540190561508,0.40047685676002737,0.34632411067193675
TgL_8x,nardini_Frac M_raw,0.15693615328698526,0.09646544452909796,0.154551774915064,3.6377875992412725,2.046712209245625,0.16831458612916078,0.104,81,0.11244253845185753,0.4127578228264803,0.30662660944206005
TgL_8x,nardini_Frac N_raw,-0.03254768188046141,0.08528192557143545,-0.031547181802065914,-0.31594082707619575,0.3972565272366361,0.7164352587087766,0.694,135,0.10440021947872348,0.8892769141247061,0.8743102803738316
TgL_8x,nardini_Frac P_raw,0.08630177577556421,0.1195433109693608,0.08694224684915902,0.12192837561239739,0.8622126161193832,0.46453466392294296,0.464,73,0.10444439401054426,0.7098910620454678,0.7140091324200913
TgL_8x,nardini_Frac Q_raw,0.11532655426306057,0.09605256645201105,0.1150712050406243,0.2241975080866346,0.5056163837556247,0.20129891536043631,0.208,125,0.10447684687052901,0.4481568222234338,0.4565806451612903
TgL_8x,nardini_Frac R_raw,0.02293735450473549,0.11947904266478152,0.02272702455048175,-0.37400708112535574,0.6773875631449287,0.8434327684282953,0.84,78,0.1171982697278743,0.9303334591839726,0.9205853658536585
TgL_8x,nardini_Frac S_raw,-0.1669480671165605,0.1029948707797351,-0.17493448806909392,-0.5154594317793725,0.5825670669509322,0.07151295712228087,0.11,107,0.10559533492876877,0.24156060387379844,0.31548936170212766
TgL_8x,nardini_Frac T_raw,-0.07583318761701238,0.1063868561793352,-0.0746387531750895,0.3945155663880781,0.7857142687232601,0.4628027909689697,0.468,99,0.10314484355876032,0.7098910620454678,0.7185239179954442
TgL_8x,nardini_Frac V_raw,0.12646289210891554,0.11496757628579816,0.1246642989589484,2.264611972546625,2.7532039175953256,0.2556338266382069,0.252,85,0.11426463095176206,0.5067564681004454,0.510054054054054
TgL_8x,nardini_Frac W_raw,0.03674205471999081,0.09467198921035196,0.03640064889840742,0.8125967673336786,1.3537461955458239,0.70317882127787,0.694,112,0.10237816016808274,0.8843685376484487,0.8743102803738316
TgL_8x,nardini_Frac Y_raw,0.3148884667490189,0.11741438661000324,0.3250096980773187,4.264396887455089,2.9243850370806785,0.01648767494802416,0.008,54,0.10131896549650607,0.08961849124974422,0.04771681415929204
TgL_8x,nardini_Frac K+R_raw,0.1203460441985536,0.13513625840676904,0.12478569114686672,0.5065807333735113,0.4140788091123251,0.3733166181792644,0.408,53,0.13128229613282985,0.6376856858390862,0.6690802919708029
TgL_8x,nardini_Frac D+E_raw,0.1324172549942524,0.12588914555263148,0.1382550846122074,0.3793843191271144,0.4520771606627704,0.2759406443752315,0.302,64,0.1315823222296139,0.5268668394020001,0.5638448753462604
TgL_8x,nardini_Frac Polar_raw,-0.25577461430251763,0.10688834976372343,-0.253760227710522,-0.4373113554607141,0.28871746742215737,0.021424871813915777,0.018,82,0.1148708733571902,0.10617914413661202,0.0905373134328358
TgL_8x,nardini_Frac Aliphatic_raw,0.1620763260624616,0.12418022996757515,0.1629370406799128,0.19217161161326932,1.024081650971656,0.1684100909158488,0.208,73,0.10444439401054426,0.4127578228264803,0.4565806451612903
TgL_8x,nardini_Frac Aromatic_raw,-0.013734536263140312,0.13163299980664647,-0.007591467415347263,0.5346865816155023,1.7839728268453525,0.953302885088674,0.94,62,0.10424843354262944,0.9797676409078989,0.9657926829268293
TgL_8x,nardini_R/K Ratio_raw,-0.0060223711508941204,0.06507220338741208,-0.005444074409705026,-0.015189855042869948,0.025881728695839105,0.9314720003331375,0.928,252,0.10822557563292302,0.9671293139826543,0.9652091603053435
TgL_8x,nardini_E/D Ratio_raw,-0.0571376021650149,0.06013824967199964,-0.05788557999516026,-0.031398551863631254,0.03378098076544875,0.360136947759335,0.336,252,0.10822557563292302,0.6280058607711769,0.6055187165775402
TgL_8x,nardini_Frac Chain Expanding_raw,0.19415624435975906,0.11202392755927393,0.19360091464047235,0.2556140533129363,0.2514514491646754,0.05485185053261606,0.082,99,0.11193119201607715,0.20202266261739468,0.2582616822429906
TgL_8x,nardini_FCR_raw,0.22078513114008638,0.1679854491307532,0.2133624285593423,0.3516392918108547,0.30167696950734,0.18619683168324258,0.202,40,0.12353859744332499,0.4299506937568691,0.45231893687707647
TgL_8x,nardini_NCPR_raw,-0.04881622946218148,0.13618676467371646,-0.04739012430045548,-0.0258024750128829,0.24260117434432663,0.7464310305398624,0.718,49,0.13643466020980186,0.8980065097686813,0.8823272727272727
TgL_8x,nardini_Hydrophobicity_raw,-0.4201982422739892,0.17370584596929256,-0.43469288188320737,-0.5049508218529885,0.21760754920772105,0.07143414589024559,0.038,18,0.14033918858190797,0.24156060387379844,0.1621012658227848
TgL_8x,nardini_Disorder Promoting_raw,0.06236185446884145,0.09083248036418039,0.0633326101731661,0.15835069950607383,0.2553909362909485,0.5013146644906518,0.502,115,0.09734388018609232,0.7417302912666501,0.7535590200445434
TgL_8x,nardini_Iso point_raw,0.11979553767690428,0.11391986308116976,0.12148370508300918,0.0025959366814071634,0.008120908439775866,0.31287190441426094,0.298,71,0.09818073931648302,0.5761630152328193,0.5594763231197771
TgL_8x,nardini_PPII_raw,0.21723207139532255,0.10967508741579395,0.220823517137818,1.1234110680443177,0.6573398143426364,0.049022876476918026,0.05,80,0.11428664214830382,0.18562594800810533,0.19257142857142856
TgL_8x,nardini_A Patch_raw,0.04208447605160197,0.13278312239971737,0.04578293641919078,0.43398186354308516,0.6474360605446825,0.7194206440795747,0.77,64,0.120085072582744,0.8902861286976138,0.9027923305428032
TgL_8x,nardini_D Patch_raw,0.17849323661285202,0.2487445601104715,0.19042421676966317,2.422723347722889,2.5988890667073115,0.43487585427926845,0.464,19,0.1519731156733876,0.6832315286345616,0.7140091324200913
TgL_8x,nardini_G Patch_raw,0.4085723169118042,0.24122373361057126,0.41696822828471497,1.7250484204009022,2.3293459318997303,0.108105672801632,0.106,16,0.10227620965336842,0.3113812968730768,0.30662660944206005
TgL_8x,nardini_K Patch_raw,0.22187962887936974,0.14626151314882554,0.21138527377199368,0.3626434740879198,0.7252953392535156,0.12492926741055893,0.124,54,0.138447843444407,0.3381619527498664,0.334304
TgL_8x,nardini_N Patch_raw,0.040146350266172706,0.5020868417523344,0.05797710356524484,-4.056540562924916,42.46585428426866,0.9131317851623264,0.8877755511022044,6,0.0925163363094033,0.9631468281680876,0.94402523659306
TgL_8x,nardini_P Patch_raw,0.6104083199765503,0.20737452903052284,0.6375830883131678,4.948230906964984,2.385593582999274,0.014169576959679188,0.02,14,0.09443440020927432,0.08009256998335569,0.09839416058394161
TgL_8x,nardini_Q Patch_raw,0.45349708453165205,0.24567687584146658,0.48505184062344253,6.420335259929973,3.226306812371694,0.1304683625325763,0.08,11,0.12030862045852878,0.35034134002771483,0.2567619047619048
TgL_8x,nardini_S Patch_raw,-0.13633202956826845,0.20841809116498505,-0.12898488444249975,1.5077055590581694,2.4560956827586735,0.5300156364039359,0.524,26,0.10718355544487784,0.7715562396031378,0.7728140043763676
TgL_8x,nardini_T Patch_raw,0.5112548408764803,0.34179802688036137,0.5765999761251578,7.669784536454601,10.071133225579171,0.17538182452245638,0.168,7,0.15770879660319145,0.41622306242301266,0.4106810035842294
TgL_8x,cider_kappa,0.20306510399134442,0.07467840387075364,0.20471037382999754,0.3315341044925658,0.09492587330520683,0.008972648702792945,0.008,162,0.12060609685193646,0.05543049210649756,0.04771681415929204
TgL_8x,cider_omega,0.09634925596342192,0.07336068527717507,0.09411135002012484,0.2135154149474644,0.0804478685664873,0.18836502799424884,0.188,197,0.11389133487013592,0.4333038527922311,0.4354364261168385
TgL_8x,cider_delta,0.19947068936869125,0.07942786223113077,0.19980735107386907,2.2981327718923317,0.6708866063991076,0.010797083905522887,0.024,162,0.12060609685193646,0.06440030577276483,0.11554285714285714
TgL_8x,cider_mean_net_charge,-0.07115604108924835,0.13536251768750268,-0.07763838835250375,-0.4846179712356525,0.45560436175124663,0.5999248342977261,0.592,48,0.13738217085625024,0.8218482486111126,0.8140891122932019
TgL_8x,cider_fraction_neutral,-0.19094100368128492,0.1964921535514725,-0.2037139787534385,-0.28863095518425297,0.3197936059051475,0.2554970731755644,0.338,33,0.12963412432809499,0.5067564681004454,0.6058829787234042
TgL_8x,sparrow_SCD,-0.18997435863620682,0.0816193934324363,-0.19173069540115714,-0.01817591484178022,0.006427819381060954,0.025345600730470104,0.018,136,0.12244800383000098,0.1186314923078948,0.0905373134328358
TgL_8x,sparrow_SHD,-0.07439228055177832,0.15047101220224182,-0.08181818181818183,-0.015441462632811216,0.07606510997098388,0.5526192404443178,0.636,55,0.08046554793008846,0.792479506509511,0.8421689587426325
TgL_8x,sparrow_complexity,0.13245580087950348,0.16616194213902094,0.12926829268292686,0.6221185356202807,0.5230232570409993,0.42052462312911987,0.43,41,0.12124799652064296,0.6732389453421064,0.690047619047619
TgL_8x,sparrow_scaled_rg,-0.16224722047743143,0.09357562973729751,-0.16286873063455679,-0.017376729321832606,0.007971477205415488,0.09529352601120412,0.09,106,0.11860611566090187,0.2893145789709531,0.276986301369863
TgL_8x,sparrow_scaled_re,-0.1873228355726896,0.09587147356782892,-0.19035256475162513,-0.005945145683710748,0.002228644315414157,0.042499186685114376,0.048,114,0.11589314714783497,0.16670714899802733,0.18700578034682083
TgL_8x,sparrow_prefactor,0.20203385387188944,0.13006993199966618,0.20613432046536223,0.01440815436767086,0.007900822075133141,0.11097563544295834,0.122,61,0.11750592066703107,0.31828756718533585,0.33156451612903226
TgL_8x,sparrow_scaling_exponent,-0.18839084202866718,0.10018312416178995,-0.19504388975183326,-0.5515530416431356,0.4126990449718748,0.05958466396389361,0.068,94,0.11122984276280753,0.21475969792333846,0.23031155778894474
TgL_8x,sparrow_asphericity,-0.16589770215006117,0.09395359538978343,-0.16451096634582874,-1.205045884523198,0.5427139995605885,0.08590294221943941,0.062,110,0.11900015474668542,0.27310652384859513,0.2165181347150259
TgL_8x,mpipi_epsilon_self,-0.11206534001015146,0.06486530023777844,-0.11804097413302607,-0.004375003028691397,0.0035033964330919293,0.07657712320861365,0.082,226,0.10878904114356099,0.24933807266959226,0.2582616822429906
TgL_8x,calvados_epsilon_self,-0.125452273813651,0.06840442654875578,-0.12350884179481185,-0.003452505918905643,0.0019697415579089874,0.06439993388868051,0.068,225,0.10957620740117407,0.22259259200497777,0.23031155778894474
TgL_8x,avg_helix_prob,0.060631355265065905,0.06698952124511123,0.06184210526315789,0.04193666856793973,0.06174909389602896,0.3737178722647464,0.386,209,0.10726712433941783,0.6376856858390862,0.6487880299251871
TgL_8x,avg_beta_prob,0.003953223645594554,0.062179750122414584,0.003264136647147079,-0.40748243209695045,1.1848722719382985,0.9596278279587043,0.968,243,0.10917013467694683,0.9814706465010117,0.9792645739910314
TgL_8x,avg_coil_prob,-0.01455354984516408,0.06305599929245315,-0.012471962546478194,-0.014393415258408516,0.05354873869353659,0.8466271502091854,0.824,243,0.1082289558281781,0.9303334591839726,0.9096797385620914
TgL_8x,avg_mito_targeting,-0.07855154451846812,0.2612888231032563,-0.08685889793596142,-0.03305504150343805,0.38674311988225907,0.7157665984256159,0.742,20,0.09111425678558054,0.8892769141247061,0.8946475849731663
TgL_8x,avg_nes,0.11506379851619522,0.061943134811198015,0.1139889320898587,2.813233700714293,1.6767358326291786,0.0731529240801009,0.076,248,0.1084693468862642,0.24288212231521186,0.2472582638245289
TgL_8x,avg_nis,0.24363189094404067,0.06207905193698428,0.2459752350462733,0.8908764835458981,0.3977197688480614,0.00010693358519935336,0.001,243,0.10873661970490557,0.001896664116430636,0.009768115942028987
Os_LEA_or3__Kappa_up_2_,nardini_Frac A_raw,0.16254242097494398,0.11259063169337276,0.17151052553231266,1.6051941285474436,0.7462354214116824,0.11219600980545835,0.158,87,0.19410622712799758,0.3204241974952497,0.3973582089552239
Os_LEA_or3__Kappa_up_2_,nardini_Frac C_raw,-0.11111080369037729,0.26627299673201704,-0.08247860988423225,-11.771167558153893,14.47910542676656,0.8460525238666443,0.5990922844175491,8,0.2505628113795614,0.9303334591839726,0.8140891122932019
Os_LEA_or3__Kappa_up_2_,nardini_Frac D_raw,-0.15573639687175522,0.09687913541782223,-0.15600239066029142,-0.9040760002996735,1.2898191644506125,0.09161780669871598,0.116,118,0.18921123811763926,0.2858814894209934,0.3230743801652893
Os_LEA_or3__Kappa_up_2_,nardini_Frac E_raw,-0.2560204965299987,0.09122160608783768,-0.2534717662871426,-2.734882718614518,0.9601493959585577,0.00627080546090268,0.002,115,0.18489376427159457,0.04226522880648406,0.016641975308641976
Os_LEA_or3__Kappa_up_2_,nardini_Frac F_raw,-0.03736391888364319,0.15215909762748595,-0.037776369712773525,-0.8004081063939504,2.1736538644916785,0.8053970476151716,0.798,45,0.15039906692147395,0.9176073049612884,0.9096797385620914
Os_LEA_or3__Kappa_up_2_,nardini_Frac G_raw,0.2523436549044108,0.13370364094515988,0.25250534164308214,3.1762816950927992,1.8522454589282087,0.060448446492045164,0.074,56,0.22885700079261098,0.21671411135977892,0.24211650485436892
Os_LEA_or3__Kappa_up_2_,nardini_Frac H_raw,-0.12847833702354033,0.3492196690859702,-0.13638618139749523,-11.585356580926215,23.452259288707822,0.7474293952265143,0.6483180428134556,8,0.23160163275527962,0.8980065097686813,0.8534499235474006
Os_LEA_or3__Kappa_up_2_,nardini_Frac I_raw,-0.12005119932591575,0.21819302777988214,-0.11577375999658061,-2.630492932176582,2.8910595514672757,0.5900851660811175,0.568,24,0.2281754619380758,0.8168077158120001,0.8042689075630252
Os_LEA_or3__Kappa_up_2_,nardini_Frac K_raw,-0.058770326918333796,0.09822723093426747,-0.056564556013299204,-1.1165307497831913,0.6032793550942979,0.527613332544379,0.538,127,0.20117554374737798,0.7697216150106309,0.7814913793103448
Os_LEA_or3__Kappa_up_2_,nardini_Frac L_raw,-0.051903463358285384,0.10232327274178797,-0.048757551347993824,-1.3841362590444874,2.135410188354157,0.6048333653264464,0.592,115,0.19202573864643585,0.82507819709482,0.8140891122932019
Os_LEA_or3__Kappa_up_2_,nardini_Frac M_raw,-0.16417698811878112,0.1242586418991243,-0.16481170868055495,-6.057499236674691,5.951400120468574,0.18953208472529873,0.182,65,0.22097144583685477,0.43450552756752153,0.4244567474048443
Os_LEA_or3__Kappa_up_2_,nardini_Frac N_raw,0.2471797303144744,0.09817073345738171,0.25421217583370087,2.9502094818197575,0.49812223562421415,0.006115357855640623,0.018,115,0.19609358032265187,0.04163385045153313,0.0905373134328358
Os_LEA_or3__Kappa_up_2_,nardini_Frac P_raw,0.08416101222155735,0.1370758157088024,0.08395552828215383,0.667318395785338,3.2019780065777548,0.5346619007785063,0.556,57,0.23015888271260626,0.7766425024239509,0.7922706131078225
Os_LEA_or3__Kappa_up_2_,nardini_Frac Q_raw,0.18776315022642548,0.09981312835974182,0.19108402404640643,3.357556776152476,0.6096692469595624,0.045535020451633476,0.068,110,0.19415402227572606,0.17537487876800548,0.23031155778894474
Os_LEA_or3__Kappa_up_2_,nardini_Frac R_raw,-0.04131113266403642,0.08730967717541609,-0.0356645825592147,-0.3863643924203423,0.5958902298469889,0.6929447851030576,0.616,125,0.20109774473326517,0.8762566325693448,0.8287105788423154
Os_LEA_or3__Kappa_up_2_,nardini_Frac S_raw,-0.30458579470371094,0.0987147428560907,-0.30872956131062157,-2.654287049898888,0.8610272705970903,0.0018763892190255867,0.002,99,0.17552415877641467,0.018179219859790464,0.016641975308641976
Os_LEA_or3__Kappa_up_2_,nardini_Frac T_raw,0.13015532833372975,0.10832070950113042,0.13106757594104648,0.8794191828613707,1.5132682749373914,0.17431208754581504,0.238,109,0.18418798760561916,0.41574778874774454,0.4935753846153846
Os_LEA_or3__Kappa_up_2_,nardini_Frac V_raw,-0.14795525917776758,0.10108408127630973,-0.14836437880669268,-2.9043738507219397,1.1506420697280741,0.15131902585840762,0.138,95,0.1992027889624849,0.38055605756927885,0.3647529411764706
Os_LEA_or3__Kappa_up_2_,nardini_Frac W_raw,0.46843401945108887,0.25374314374080986,0.4844813951249545,29.7433558004174,22.40459976692192,0.18626944002523113,0.07630522088353414,9,0.19295361010040388,0.4299506937568691,0.2472582638245289
Os_LEA_or3__Kappa_up_2_,nardini_Frac Y_raw,0.16792622017527342,0.0964605423595075,0.16873205794898424,5.715761789741364,3.494732049837487,0.10592125982607059,0.106,93,0.19316098218604053,0.30771952208091197,0.30662660944206005
Os_LEA_or3__Kappa_up_2_,nardini_Frac K+R_raw,-0.15998205920831612,0.1650545035436942,-0.16753391384734215,-0.8395708715206118,0.5575154462676547,0.28891922089912037,0.34,42,0.1951779951933111,0.544564656293993,0.6062433862433863
Os_LEA_or3__Kappa_up_2_,nardini_Frac D+E_raw,-0.32707913737400857,0.1547724608775692,-0.33913079179283245,-0.6949579696455889,0.8307134247071862,0.022670588649372315,0.052,45,0.1978528894747389,0.10992789028544563,0.19801129943502824
Os_LEA_or3__Kappa_up_2_,nardini_Frac Polar_raw,0.16067876298695877,0.14058253252334582,0.1613504101678334,1.4549696731427835,0.3943338691502938,0.21026145044944128,0.26,62,0.20841183650333417,0.4542186461632161,0.52
Os_LEA_or3__Kappa_up_2_,nardini_Frac Aliphatic_raw,-0.028961696743499986,0.1543831044536647,-0.04242888352535485,-0.7186844309803447,1.4596595568382735,0.7698577536872612,0.868,50,0.21067827803418124,0.9042783414776457,0.9352153110047847
Os_LEA_or3__Kappa_up_2_,nardini_Frac Aromatic_raw,0.023209773021563698,0.13267695991848658,0.019892542117851606,2.85944163485901,7.044698845735242,0.893244517356776,0.84,48,0.23222373127508608,0.9562966430727682,0.9205853658536585
Os_LEA_or3__Kappa_up_2_,nardini_R/K Ratio_raw,0.0539229047783442,0.0709382751545703,0.053407778527005546,0.08998331634604537,0.06326191946917564,0.4171192007538935,0.47,233,0.19214837442487964,0.6709745615945686,0.7199545454545454
Os_LEA_or3__Kappa_up_2_,nardini_E/D Ratio_raw,-0.07459317961419638,0.06367343980795367,-0.07250909961897244,-0.20271818306783013,0.14178437331197874,0.2703301934575096,0.25,233,0.19214837442487964,0.5176208817907996,0.5075301204819277
Os_LEA_or3__Kappa_up_2_,nardini_Frac Chain Expanding_raw,-0.25250063882215534,0.12343301095518436,-0.2549418771013958,-1.1016589860396306,0.3690478505473402,0.027286697692111565,0.044,75,0.2130238593185849,0.12511043703730063,0.18193865030674847
Os_LEA_or3__Kappa_up_2_,nardini_FCR_raw,-0.4778765936805288,0.20075583624905066,-0.49778539535519367,-1.0691757240236435,0.4730515556797374,0.011337696548703858,0.048,25,0.16285699389664723,0.06703164450724912,0.18700578034682083
Os_LEA_or3__Kappa_up_2_,nardini_NCPR_raw,0.20304473657759137,0.2034625305519012,0.22718574355904406,-0.136545654822921,0.5311349086445011,0.2449814340203177,0.332,28,0.23259528525830317,0.4988443701803448,0.6015268817204302
Os_LEA_or3__Kappa_up_2_,nardini_Hydrophobicity_raw,-0.3373252088394268,0.28117047206276097,-0.3681318681318681,-0.18630966184866388,0.10731820065490945,0.21585718064938147,0.236,13,0.23242681507387172,0.4564199583099246,0.49245820433436527
Os_LEA_or3__Kappa_up_2_,nardini_Disorder Promoting_raw,-0.06101364128679738,0.14982432489617586,-0.0590073906288881,-0.9283849035750906,0.5874432292949899,0.6405648205710823,0.692,65,0.20455134278097492,0.8518597616642214,0.8743102803738316
Os_LEA_or3__Kappa_up_2_,nardini_Iso point_raw,0.22456286036141973,0.19973302563913864,0.2507707137101557,0.0015109547873857273,0.03011057417872921,0.2266252767620948,0.288,25,0.23227055035953226,0.4758424814257068,0.5577931034482758
Os_LEA_or3__Kappa_up_2_,nardini_PPII_raw,-0.07204512236878305,0.12782446836828446,-0.07568998286559522,-5.0602268156803945,5.0344228105611375,0.593821633157092,0.568,52,0.22159724910839224,0.8168077158120001,0.8042689075630252
Os_LEA_or3__Kappa_up_2_,nardini_A Patch_raw,0.20465625208393232,0.074720368533695,0.20379487278905575,1.3855581182836254,0.4693545604161897,0.006828770910287392,0.008,175,0.19369160996421197,0.04468535527702623,0.04771681415929204
Os_LEA_or3__Kappa_up_2_,nardini_D Patch_raw,0.22447961083682258,0.15956952968917987,0.2289381519824135,3.2450350000448753,1.4520277862127537,0.20753826632304934,0.172,32,0.17752052029465357,0.4507781350482311,0.4125551601423487
Os_LEA_or3__Kappa_up_2_,nardini_E Patch_raw,0.3258184296342055,0.4208009379688458,0.37352108685170693,2.0511327747120567,3.587433271190376,0.36206259826316517,0.408,8,0.20527070327213365,0.6289437918282818,0.6690802919708029
Os_LEA_or3__Kappa_up_2_,nardini_K Patch_raw,0.3636742302604746,0.08521938965108235,0.37006092956520764,1.785193327818924,1.4023695481804472,0.0003578079151923339,0.001,89,0.20755386975479648,0.004750019162108373,0.009768115942028987
Os_LEA_or3__Kappa_up_2_,nardini_N Patch_raw,0.6526508642072608,0.2951949424582117,0.6707441766510145,3.3383440814448324,1.3208502120426395,0.03375813699265283,0.064,10,0.16552664647558782,0.14630552127701407,0.22008163265306124
Os_LEA_or3__Kappa_up_2_,nardini_Q Patch_raw,0.2949380828516323,0.30484903699210025,0.31579691522112047,2.2881615816231333,1.9236633430447379,0.34413050523108746,0.328,11,0.16251960101240523,0.605658014804777,0.6007391304347827
Os_LEA_or3__Kappa_up_2_,nardini_R Patch_raw,0.0995233704575998,0.2607028255795616,0.10658555565629002,1.7477761528686249,3.9466506481586396,0.7416323499479267,0.694,12,0.183317409001141,0.8980065097686813,0.8743102803738316
Os_LEA_or3__Kappa_up_2_,nardini_S Patch_raw,0.28682292332063175,0.28092815517199154,0.30521089015264,5.063914900401928,3.9050057638069773,0.26864551666692,0.292,15,0.23596475518649793,0.5158606217478748,0.5594763231197771
Os_LEA_or3__Kappa_up_2_,nardini_T Patch_raw,-0.02825972402780265,0.22603715891372073,-0.02372206368097948,-0.6492548845645754,2.4330959175623006,0.9305104988476879,0.89,16,0.16892831068413539,0.9671293139826543,0.9446614173228347
Os_LEA_or3__Kappa_up_2_,cider_kappa,-0.008309628773876372,0.09584847007738241,-0.00854711358663234,-0.33608346458334226,0.23423697166936921,0.9246314892850762,0.908,125,0.17230244859894403,0.9671293139826543,0.9532585669781931
Os_LEA_or3__Kappa_up_2_,cider_omega,0.1579820683525647,0.07876888213080806,0.15866837868689151,-0.008201087045576021,0.21284367985681138,0.03338479029167657,0.056,180,0.18644336773392653,0.14630552127701407,0.20402162162162163
Os_LEA_or3__Kappa_up_2_,cider_delta,-0.017482502238909205,0.10038291250689799,-0.017101162888413183,0.5457066466822311,0.6740021620795144,0.8516938260492972,0.87,122,0.1745608321151044,0.9303334591839726,0.9352153110047847
Os_LEA_or3__Kappa_up_2_,cider_mean_net_charge,0.28679079076025993,0.17504385366166658,0.29232528005339636,1.001229304476597,0.6701939916703141,0.13116827265988434,0.106,28,0.23259528525830317,0.3508230784633415,0.30662660944206005
Os_LEA_or3__Kappa_up_2_,cider_fraction_neutral,0.5599908237491823,0.18204305033024287,0.5756880401476294,1.3322804321997026,0.7516085897679994,0.005054333766969831,0.018,22,0.15297820996236358,0.03585916798881753,0.0905373134328358
Os_LEA_or3__Kappa_up_2_,sparrow_SCD,-0.0679076730405759,0.07001990623358326,-0.06401781317311085,-0.0013856770580066497,0.004439494079983682,0.33058686480962074,0.334,233,0.19214837442487964,0.5973607155004944,0.6035281501340484
Os_LEA_or3__Kappa_up_2_,sparrow_SHD,-0.0964632015796414,0.13623208133351083,-0.104631217838765,-0.10017041371347186,0.09582537690848181,0.4514747399456741,0.46,54,0.2185791749488548,0.6995263786744468,0.7140091324200913
Os_LEA_or3__Kappa_up_2_,sparrow_complexity,-0.4355960060567617,0.12236834148942738,-0.44331559425899053,-10.41473280335093,2.2649558757503985,0.0008856131765343861,0.002,53,0.20718916487340436,0.009785299688265183,0.016641975308641976
Os_LEA_or3__Kappa_up_2_,sparrow_scaled_rg,-0.3778890357635483,0.12027131358568055,-0.3832892649391855,-0.04083840978017757,0.014602748824496418,0.0022959026303019255,0.006,61,0.1806080487690106,0.020134419307938387,0.03964705882352941
Os_LEA_or3__Kappa_up_2_,sparrow_scaled_re,-0.324014789577805,0.1090871471734156,-0.3305103884372177,-0.010267883915245454,0.0036637811088303432,0.0025822413257649214,0.006,81,0.20002404483015143,0.02149039928589991,0.03964705882352941
Os_LEA_or3__Kappa_up_2_,sparrow_prefactor,0.23318232655295026,0.17813112531947245,0.23391902215431626,0.0008890827398259968,0.00969936886963548,0.18302035989292426,0.192,34,0.18162886879145493,0.42981088002728557,0.4416655290102389
Os_LEA_or3__Kappa_up_2_,sparrow_scaling_exponent,-0.3118143150767825,0.1605290976126338,-0.31626363205310565,-0.08065270478407666,0.3723552327825319,0.05652050244176516,0.052,37,0.1706082959494172,0.20703705785733542,0.19801129943502824
Os_LEA_or3__Kappa_up_2_,sparrow_asphericity,-0.4117955216031113,0.13659653406872876,-0.4225309574146784,-2.1181416812327645,0.9151794736085991,0.004763624513442408,0.008,43,0.15966906506048864,0.034399708298619776,0.04771681415929204
Os_LEA_or3__Kappa_up_2_,mpipi_epsilon_self,-0.10505424338413646,0.07561638618071098,-0.1081056107289243,-0.004388159360039074,0.005714892308560005,0.13555468376220875,0.16,192,0.1926366115955753,0.35970022384145156,0.4008921933085502
Os_LEA_or3__Kappa_up_2_,calvados_epsilon_self,-0.14636292446776616,0.08306961647372152,-0.15343823713833568,-0.004005527781752979,0.003470391389321645,0.038640492550717664,0.07,182,0.1948611565229233,0.15867390240916107,0.23356435643564358
Os_LEA_or3__Kappa_up_2_,avg_helix_prob,0.014777241165498455,0.06655682576504533,0.014007073196870645,0.06534275463587809,0.1413444782228273,0.8378247849784461,0.776,216,0.19074632072433825,0.9303334591839726,0.9048537005163512
Os_LEA_or3__Kappa_up_2_,avg_beta_prob,0.13489421416032663,0.06957679643700651,0.13554077644514492,-0.9042040808891415,6.454677345596037,0.05324320587070808,0.058,204,0.1902512499682057,0.19753338230660708,0.2101720430107527
Os_LEA_or3__Kappa_up_2_,avg_coil_prob,0.01859711275837931,0.06810642385959292,0.016966719945941032,-0.013392061401611479,0.13289322869066494,0.7997508014209582,0.786,226,0.19119633362623148,0.9141853978781456,0.9086861063464838
Os_LEA_or3__Kappa_up_2_,avg_nes,0.011014410595303035,0.07032553421142052,0.011117844432136816,5.8995589044383845,3.9735221428261025,0.8718494257850542,0.878,213,0.19460508780559235,0.9417091554152669,0.9421045958795563
Os_LEA_or3__Kappa_up_2_,avg_nis,0.11176876364728448,0.06768062369341067,0.10777568738457288,0.5822290526380787,0.3618777357778327,0.10302838825034119,0.098,230,0.18941921891452684,0.30191797252491287,0.29887782805429863
CAHS_68135_tile4,nardini_Frac A_raw,0.20908575258328915,0.09883825480322302,0.21210555209668094,0.11795991553518817,0.4409904127836108,0.024110089291965512,0.042,113,0.11593024304365523,0.11443802945623067,0.17582608695652174
CAHS_68135_tile4,nardini_Frac C_raw,-0.2719814661335407,0.19627345572775082,-0.2846826900235931,-16.244732349180634,18.266978091427585,0.2522145847709453,0.17309697601668406,18,0.12430705053395709,0.5054585644655396,0.41294366197183097
CAHS_68135_tile4,nardini_Frac D_raw,-0.10118079111625007,0.07936254408889291,-0.10286995288161153,-0.7300605018829992,0.5987810718101394,0.2150210233404432,0.204,147,0.1237052259371572,0.4564199583099246,0.45528476821192054
CAHS_68135_tile4,nardini_Frac E_raw,-0.03910907955681717,0.08335169203480698,-0.03812903520915625,-0.23422885389386203,0.6004411258082725,0.6488745956651267,0.668,145,0.12307240722062314,0.8552781104938001,0.8608642447418738
CAHS_68135_tile4,nardini_Frac F_raw,0.33060857786049413,0.08294526780885557,0.3302361362061769,5.700356112167953,1.9314447275940592,0.00026009808412646724,0.001,118,0.11255932992524044,0.003895691304471976,0.009768115942028987
CAHS_68135_tile4,nardini_Frac G_raw,0.0570022107639851,0.11277730394638273,0.05605763269160549,0.5425972194675539,0.9823937902401358,0.6018227039284485,0.63,89,0.11502054155918273,0.8227758670340249,0.8391699604743083
CAHS_68135_tile4,nardini_Frac H_raw,0.30478176973352017,0.10642861224406888,0.3120961133740874,6.513351880036442,2.7786739021409095,0.004562194364663297,0.01,81,0.12104906345024777,0.03421665601209838,0.05760683760683761
CAHS_68135_tile4,nardini_Frac I_raw,0.020499425572041312,0.08556083116757648,0.02183637019363845,0.7004433589399188,0.9279575942755497,0.8059696209749002,0.818,129,0.11028660602959985,0.9176073049612884,0.9096797385620914
CAHS_68135_tile4,nardini_Frac K_raw,-0.22916706417952673,0.07915741985216884,-0.2273785029550768,-0.827718941218453,0.2949140146043812,0.004568989675206016,0.001,154,0.11850885749519639,0.03421665601209838,0.009768115942028987
CAHS_68135_tile4,nardini_Frac L_raw,-0.04864052420584416,0.08471389706807587,-0.04818694124263575,0.06952814157406147,1.4248486622315537,0.5732218801500089,0.544,139,0.11499095409897263,0.8024720325913117,0.7851306209850107
CAHS_68135_tile4,nardini_Frac M_raw,0.044115848117644886,0.10543888878457118,0.04482124276078943,2.599059885870338,3.9898232945614063,0.6612159484117335,0.67,98,0.12139664672784291,0.8570375946721315,0.8610798479087454
CAHS_68135_tile4,nardini_Frac N_raw,0.36566181802083625,0.0666748308598707,0.368402258037868,1.0861382862230426,0.42010715144635397,3.015152908949406e-06,0.001,152,0.11850818945021088,0.00010161065303159498,0.009768115942028987
CAHS_68135_tile4,nardini_Frac P_raw,0.38515967569212234,0.09456736380519706,0.3872650308131913,3.172135459273037,1.0709520638486578,0.0002981974435783026,0.001,83,0.12131615833064326,0.004238599590319387,0.009768115942028987
CAHS_68135_tile4,nardini_Frac Q_raw,0.3326467743127257,0.07139254085892319,0.3297497405336331,0.9202742144230442,0.3730654595840733,1.941220257527445e-05,0.001,161,0.11982281922530842,0.0004821906718257514,0.009768115942028987
CAHS_68135_tile4,nardini_Frac R_raw,0.32222070980282796,0.07069643874009002,0.32491862013066564,1.3917354340862276,0.37742541899521487,2.6072770840479518e-05,0.001,161,0.11938794178441997,0.0006059671567752825,0.009768115942028987
CAHS_68135_tile4,nardini_Frac S_raw,-0.5214122312545832,0.059716136145550935,-0.5266460849214961,-2.0106243413488114,0.2659565410255292,3.249817396762603e-11,0.001,138,0.12133144581037288,1.095188462708997e-08,0.009768115942028987
CAHS_68135_tile4,nardini_Frac T_raw,0.06345709034509486,0.09875061361548361,0.06527595952215218,2.4083359060319336,0.8170766951245358,0.46952790016159385,0.518,125,0.11110700218696574,0.7107317670358936,0.7673230769230769
CAHS_68135_tile4,nardini_Frac V_raw,-0.2666540354159052,0.08185028067861347,-0.2688779915033476,-1.9192674853207783,1.1484917891765123,0.002747764464756853,0.002,122,0.11139115916291203,0.02231317167766408,0.016641975308641976
CAHS_68135_tile4,nardini_Frac W_raw,0.09415728899690905,0.09374292090347473,0.0908608679603168,17.524003747304178,13.455703973982747,0.3195805634517674,0.5270588235294118,122,0.11843968792118985,0.5837325196923882,0.7756280503467763
CAHS_68135_tile4,nardini_Frac Y_raw,0.528561558293374,0.13054155919505156,0.5431252057026256,30.013717046229782,7.145398173369363,0.002330096002995837,0.001,29,0.15209436989122602,0.020134419307938387,0.009768115942028987
CAHS_68135_tile4,nardini_Frac K+R_raw,0.03364646294501897,0.13015512136783786,0.033506026324642446,0.11816673252847235,0.28582851396682096,0.8135815682875547,0.8,52,0.13945450118530806,0.9216033227324569,0.9096797385620914
CAHS_68135_tile4,nardini_Frac D+E_raw,-0.027233206640496176,0.11861484371371633,-0.02441658906958725,-0.048649558851530654,0.30394977591179506,0.8543571496394895,0.818,59,0.14289081929440148,0.9303334591839726,0.9096797385620914
CAHS_68135_tile4,nardini_Frac Polar_raw,0.033097464192417346,0.10055658054998794,0.03480504289251665,0.12019703695499993,0.23743596574244274,0.7219114588602554,0.734,107,0.1260339146059809,0.8908098144334824,0.8922014388489209
CAHS_68135_tile4,nardini_Frac Aliphatic_raw,-0.007359137602398224,0.12733798950742448,-0.010131495981586509,-1.9962532067488388,0.9869014119411799,0.9266765152671667,0.936,85,0.1187029888129851,0.9671293139826543,0.9652091603053435
CAHS_68135_tile4,nardini_Frac Aromatic_raw,0.3455340234307255,0.10092577259502368,0.34593306207422025,12.657082070097996,2.7857291373132567,0.002058622353276488,0.001,77,0.11734723120122717,0.019270992584838234,0.009768115942028987
CAHS_68135_tile4,nardini_R/K Ratio_raw,0.23883894237225,0.05481469844001592,0.2400725192218911,0.15356237951246815,0.03231308929021256,5.770768653362969e-05,0.001,275,0.11869223393035978,0.0011439700212843061,0.009768115942028987
CAHS_68135_tile4,nardini_E/D Ratio_raw,0.04723606327758472,0.06434641635965178,0.04493287829111188,0.044351304774816684,0.10783941460341688,0.4580216932997563,0.428,275,0.11869223393035978,0.7064224743341778,0.6884773269689738
CAHS_68135_tile4,nardini_Frac Chain Expanding_raw,0.07259640664594377,0.11229634531765852,0.0734356527573573,-0.13736664221508635,0.20215923093290833,0.48907405142727134,0.496,91,0.12872374778991413,0.7325242459155131,0.7478836689038032
CAHS_68135_tile4,nardini_FCR_raw,0.06432618445240672,0.1452313679473651,0.06991402659220759,0.09624243927843446,0.2203489829607907,0.6723494441818063,0.66,39,0.14693938282773752,0.8631686197686428,0.8571098265895954
CAHS_68135_tile4,nardini_NCPR_raw,0.12565028543608406,0.14914113948884747,0.12744735685375289,0.18683480637655686,0.24002935389547683,0.4153982536259466,0.376,43,0.14713639517878632,0.6698048395786795,0.6383476070528967
CAHS_68135_tile4,nardini_Hydrophobicity_raw,-0.21768488515244047,0.27268979280012773,-0.2157894736842105,-0.19213269346634995,0.20886991537616845,0.3749350298393408,0.432,19,0.15047980389200968,0.6378166296284187,0.6916104513064133
CAHS_68135_tile4,nardini_Disorder Promoting_raw,0.032841567148137824,0.09494352060397346,0.03312104856814359,-0.35133144107189745,0.28518416129084767,0.7229569265506155,0.726,117,0.11036149956764617,0.8908098144334824,0.8864565217391305
CAHS_68135_tile4,nardini_Iso point_raw,0.04671553445369007,0.2044853334114494,0.03435741712752279,-0.0041801535080015625,0.010525721370546108,0.8544160404078324,0.798,31,0.13804321123191404,0.9303334591839726,0.9096797385620914
CAHS_68135_tile4,nardini_PPII_raw,0.1872910547598114,0.12991580202038497,0.186039715537397,1.6757637271235752,1.117453922011081,0.15831150591325224,0.154,59,0.12363572261482321,0.39519242587234077,0.39021052631578945
CAHS_68135_tile4,nardini_A Patch_raw,0.13358506246626745,0.07799387685783624,0.13443784248272336,0.2815085895081201,0.17430940017837807,0.09756050210924794,0.084,153,0.11852818031292879,0.29355258223943353,0.26090322580645164
CAHS_68135_tile4,nardini_D Patch_raw,-0.003058234030806146,0.2558134047629047,0.013502080324512337,0.7856542484878355,3.4460174744262364,0.9634605498448143,0.972,14,0.13528072254076232,0.9838975918112195,0.9792645739910314
CAHS_68135_tile4,nardini_E Patch_raw,0.2528541816314844,0.3479270398251854,0.2571104222523257,1.6169199908030503,4.110078843274659,0.44532446464350384,0.46,11,0.1253116840232387,0.6947886323373185,0.7140091324200913
CAHS_68135_tile4,nardini_G Patch_raw,0.31831167982470165,0.26226079647588624,0.3278060842714795,2.2791841982186645,2.0668729008575273,0.2525592303781767,0.24,14,0.0918194988915059,0.5054585644655396,0.49465469579470117
CAHS_68135_tile4,nardini_K Patch_raw,0.0679675798899983,0.08759720586950716,0.07035874430362898,1.0767225891234788,0.4513518764628258,0.4087720118728154,0.45,140,0.11798139448858715,0.663253949461445,0.7069930069930069
CAHS_68135_tile4,nardini_N Patch_raw,0.4602273011827004,0.36972117432929646,0.5030030300035688,1.6846853581439878,1.6216904264111005,0.20387668200843206,0.234,8,0.22351526453958162,0.45034322556818096,0.49245820433436527
CAHS_68135_tile4,nardini_Q Patch_raw,-0.07568799243713109,0.3113900661512201,-0.08009498370813502,-0.6631061295496588,0.7666290867074667,0.7854808490755689,0.82,14,0.17552570874164886,0.9080859215727847,0.9096797385620914
CAHS_68135_tile4,nardini_R Patch_raw,0.5001551976534441,0.3626077105831358,0.5378528742004772,2.1547524681625707,1.4371639640650296,0.213036881534591,0.16872427983539096,7,0.09057268243123894,0.45583129572798203,0.4106810035842294
CAHS_68135_tile4,nardini_S Patch_raw,0.04496342326767658,0.1736110624512347,0.0504596177726269,-0.008926788840723702,0.6783308205483318,0.7571603205296205,0.816,40,0.11068369797524084,0.9001812519279343,0.9096797385620914
CAHS_68135_tile4,nardini_T Patch_raw,-0.02799276102572958,0.47318202409698545,-0.03592878785739777,1.9733443707530234,8.937981606456418,0.932691474909088,0.948,8,0.1547904884256518,0.9671293139826543,0.9710516717325228
CAHS_68135_tile4,cider_kappa,0.12295631963932198,0.08209314393773405,0.12274951407313466,0.20621509166857696,0.094368544291231,0.14998714616480913,0.142,139,0.13164846786755147,0.37868539082586744,0.3709612403100775
CAHS_68135_tile4,cider_omega,0.30026302773898333,0.06999832708997925,0.30444778204081635,0.39105609765023097,0.14008416586539324,1.6722659009652214e-05,0.001,193,0.12683689385753444,0.0004503407361402106,0.009768115942028987
CAHS_68135_tile4,cider_delta,0.08273494443438432,0.08286096433078628,0.07624333315858309,1.0782925594358428,0.4458119995399022,0.3706056583534997,0.33,140,0.134012915222231,0.6366874248226527,0.6015268817204302
CAHS_68135_tile4,cider_mean_net_charge,0.10085296302631229,0.14944304138863773,0.106861789115202,0.1674428592075948,0.3393155580522985,0.5005807242350102,0.498,42,0.14351305254647212,0.7417302912666501,0.7492232142857144
CAHS_68135_tile4,cider_fraction_neutral,-0.008296516174478947,0.14620100325309057,-0.0009543313720222424,0.007765897666082166,0.18913393375864423,0.995527303525026,0.956,37,0.1431448189782311,1.0,0.9733293051359516
CAHS_68135_tile4,sparrow_SCD,-0.00662628301602097,0.08159930476880471,-0.005802280609043927,-0.001425302130958885,0.003227077183117467,0.9421345302282066,0.904,159,0.13044012670033772,0.972432884186541,0.9526427457098284
CAHS_68135_tile4,sparrow_SHD,0.061736334249399685,0.17268121850879636,0.05522648083623695,0.02587942264072333,0.08582325336322334,0.7316375508577164,0.72,41,0.13162519347097135,0.8920503847336753,0.8823272727272727
CAHS_68135_tile4,sparrow_complexity,0.042525515740220725,0.0899339481153434,0.04179967561549784,0.01759756464005818,0.7506694795365001,0.65172652732462,0.626,119,0.11031740040531467,0.8552781104938001,0.8391699604743083
CAHS_68135_tile4,sparrow_scaled_rg,-0.06030876612434777,0.11546148964719612,-0.06011946947453681,-0.021616438440025424,0.00955532941375333,0.5869648217413718,0.594,84,0.13620874908923478,0.815699566708628,0.8140891122932019
CAHS_68135_tile4,sparrow_scaled_re,-0.11086410121854735,0.10859234253592012,-0.11504695598951858,-0.007695042926158101,0.0023758299777079128,0.2593012670576959,0.298,98,0.13246764420880852,0.5076951291273167,0.5594763231197771
CAHS_68135_tile4,sparrow_prefactor,0.4077957832090666,0.14648505819405666,0.4285714285714286,0.016311048151294878,0.004994557305499909,0.004630139784156135,0.006,42,0.12530301882873957,0.034279932663598515,0.03964705882352941
CAHS_68135_tile4,sparrow_scaling_exponent,-0.3216410678805214,0.2084685604549176,-0.3321123321123321,-0.5515095339770456,0.2300904430570436,0.09055587324566132,0.126,27,0.14646964608892213,0.28388213287244524,0.3383426294820717
CAHS_68135_tile4,sparrow_asphericity,-0.212330065001384,0.20878512612934708,-0.23145299145299145,-0.7967060932197819,0.6633472910410847,0.25525699744153757,0.296,26,0.13994542723382433,0.5067564681004454,0.5594763231197771
CAHS_68135_tile4,mpipi_epsilon_self,-0.2768413556312282,0.061653196164631746,-0.27665056184088577,-0.007062076446783804,0.004061156628587187,2.9072070352983634e-05,0.001,222,0.1199492298907369,0.0006531525139303655,0.009768115942028987
CAHS_68135_tile4,calvados_epsilon_self,-0.3022438424063475,0.061887663466454475,-0.30228410667573363,-0.008527632250169273,0.0028897389138092026,4.5127356218816795e-06,0.001,222,0.12151277232906167,0.0001382538095067387,0.009768115942028987
CAHS_68135_tile4,avg_helix_prob,0.24261010579164274,0.061109298522933994,0.24160062371251997,0.1727628408963033,0.06525483248879282,9.434504536750086e-05,0.001,256,0.11960215248927407,0.0017186097453431237,0.009768115942028987
CAHS_68135_tile4,avg_beta_prob,0.19477295683650228,0.06819282167126225,0.1962844209732177,9.137819023341999,4.92493049222519,0.0022049273398184327,0.006,241,0.1188464628377255,0.02008271658158951,0.03964705882352941
CAHS_68135_tile4,avg_coil_prob,-0.2312184461368225,0.05771615033508464,-0.2310834929910637,-0.13847485945380106,0.05849614880393731,0.00012738583920911956,0.001,270,0.11909606105696924,0.002044239419689204,0.009768115942028987
CAHS_68135_tile4,avg_nes,0.06929064430619553,0.06581452963504499,0.07234887116692726,1.1466571006669377,1.2586517664802401,0.26223387909941165,0.296,242,0.12064585876125875,0.5093374069050227,0.5594763231197771
CAHS_68135_tile4,avg_nis,0.16833229047092166,0.05993425336901858,0.16821771050035514,0.7962623552981661,0.2773202229020313,0.006448979428815745,0.004,261,0.12000628026479128,0.042613844460998154,0.029955555555555555
A0A438HAK2,nardini_Frac A_raw,0.21496289606123486,0.08073489452264293,0.21342175989811832,1.0229518447958057,0.4980159453227512,0.007092654418181133,0.014,158,0.15174066107558293,0.04596585651782773,0.07609677419354839
A0A438HAK2,nardini_Frac C_raw,-0.039660350560256685,0.25677764389998936,-0.03597810472506637,-0.21641710769192765,14.097268747722046,0.8909629877813494,0.884,17,0.1763887117509894,0.9562966430727682,0.9427468354430381
A0A438HAK2,nardini_Frac D_raw,0.10068025582293333,0.08331147457563019,0.10333026050189427,1.1242962407089903,0.803748823880961,0.23838150856782167,0.234,132,0.15365208650878648,0.489119350724821,0.49245820433436527
A0A438HAK2,nardini_Frac E_raw,0.08166331534135178,0.08679330355152876,0.08267507484629934,1.0256421800378548,0.7558300614181608,0.3441096710570376,0.374,133,0.15610305773790994,0.605658014804777,0.6383476070528967
A0A438HAK2,nardini_Frac F_raw,-0.41921003957148706,0.07198099635126205,-0.4215553958819624,-6.800049972940109,1.3149453416988097,1.4694068164045353e-06,0.001,121,0.14325392817010804,6.189876214104104e-05,0.009768115942028987
A0A438HAK2,nardini_Frac G_raw,0.2200580652027114,0.10421089924694556,0.2171525480253539,2.408818558572999,0.8490266254927493,0.04861534644902419,0.036,83,0.13262536099183733,0.1851228446702955,0.15755844155844154
A0A438HAK2,nardini_Frac H_raw,0.07089380279158287,0.12129213380352077,0.06468999075119872,0.062467965645070914,3.262851464676455,0.5711175975449645,0.552,79,0.12640280744237445,0.8024720325913117,0.7922706131078225
A0A438HAK2,nardini_Frac I_raw,-0.2727337862202375,0.0765594394735927,-0.2759308254446341,-5.72579970239682,1.4675203392694682,0.0009672216833647352,0.001,140,0.1463291393673174,0.010514635719158574,0.009768115942028987
A0A438HAK2,nardini_Frac K_raw,0.19116340196993506,0.07809797075644981,0.19317621088377424,0.6879888485302471,0.397883200288253,0.013486940421603569,0.014,163,0.149660534218198,0.0770355749505153,0.07609677419354839
A0A438HAK2,nardini_Frac L_raw,-0.19197250396106222,0.07842765144623862,-0.18791640731184595,-2.2980537797269833,1.0592220574341669,0.02265162738877453,0.02,147,0.13931288191711358,0.10992789028544563,0.09839416058394161
A0A438HAK2,nardini_Frac M_raw,0.0791123594709726,0.07920747718691369,0.07770246546260114,1.5771853085290064,2.135202051186372,0.3226817063732502,0.322,164,0.13383631588279832,0.586223658969944,0.5913569482288829
A0A438HAK2,nardini_Frac N_raw,-0.1744994150444191,0.0753455174710639,-0.1712512221281587,-1.2577554534242703,0.5419234796196312,0.03037142267886765,0.018,160,0.1486609132932925,0.13646892590371199,0.0905373134328358
A0A438HAK2,nardini_Frac P_raw,0.1372239914084498,0.0989645469979089,0.13901538541877279,1.0116802037501356,1.0283994162280317,0.20725848101178232,0.178,84,0.13006731316355302,0.4507781350482311,0.41656944444444444
A0A438HAK2,nardini_Frac Q_raw,-0.1823550910308724,0.08406410390122288,-0.18923312790442867,-1.5765731318505798,0.7648383036418476,0.020813235721136324,0.038,149,0.15134582649949108,0.10468746922422299,0.1621012658227848
A0A438HAK2,nardini_Frac R_raw,-0.1759641529183974,0.08236681870435854,-0.17491000125424566,-0.406608728098843,0.5209695379591045,0.026001329615755228,0.034,162,0.15332607708358448,0.12086135283461397,0.15076315789473685
A0A438HAK2,nardini_Frac S_raw,0.16142371033267144,0.08365939341961107,0.15710705501838576,0.6986305919059964,0.37896726388412266,0.06281372470225599,0.07,141,0.14740210870516043,0.22050234609021113,0.23356435643564358
A0A438HAK2,nardini_Frac T_raw,-0.34647719353416284,0.07176527877332041,-0.34757815808893294,-2.3784584633628874,0.5917899770305751,0.00011505690949085409,0.001,118,0.14209906945971573,0.0019387089249208913,0.009768115942028987
A0A438HAK2,nardini_Frac V_raw,-0.07728090956061431,0.08280936447326327,-0.07562351814468046,-0.7914099988529278,1.0846079760386427,0.3780159817514551,0.376,138,0.14799071401551003,0.6378166296284187,0.6383476070528967
A0A438HAK2,nardini_Frac W_raw,0.3062201236627463,0.24584496924107807,0.3161036669450954,20.101424545940702,12.494418923217033,0.20128249344928698,0.21161825726141079,18,0.18727255800727832,0.4481568222234338,0.4586196314925751
A0A438HAK2,nardini_Frac Y_raw,0.203948436148367,0.07982422385052769,0.2049647389009282,5.16734054600844,2.4702311280040514,0.02029438881141995,0.012,128,0.14133429016284907,0.10441540502974844,0.0674
A0A438HAK2,nardini_Frac K+R_raw,0.07086663984942546,0.158616598675183,0.08054611529387286,0.31132407211543395,0.523287615728504,0.5514381875713265,0.63,57,0.1850043349411618,0.792471936936192,0.8391699604743083
A0A438HAK2,nardini_Frac D+E_raw,0.16807396161156474,0.12120179635992234,0.17186896378213656,0.9161624729939394,0.546164915660802,0.20111838487684436,0.166,57,0.18947148536316574,0.4481568222234338,0.4106810035842294
A0A438HAK2,nardini_Frac Polar_raw,-0.17851105188896127,0.11448592057805566,-0.17772112082935643,-0.7706583541635413,0.45248528624553874,0.10796981822477486,0.108,83,0.15736887595370788,0.3113812968730768,0.3110769230769231
A0A438HAK2,nardini_Frac Aliphatic_raw,0.16561679913085556,0.139809196148187,0.1667116057489638,0.20021710152611932,0.5438204117339902,0.20297945919335333,0.24,60,0.13674515823108244,0.45002682729052684,0.49465469579470117
A0A438HAK2,nardini_Frac Aromatic_raw,0.1758456459009012,0.10672007361467334,0.18151312911143697,4.203702469744949,1.843607538544237,0.10267407326982958,0.104,82,0.13317641219759896,0.30191797252491287,0.30662660944206005
A0A438HAK2,nardini_R/K Ratio_raw,-0.18304408122000118,0.06328543573997583,-0.18428574926603236,-0.13753016605702303,0.041788782533351186,0.002111662336236954,0.004,276,0.13106688405620218,0.01949671800854393,0.029955555555555555
A0A438HAK2,nardini_E/D Ratio_raw,0.0003302226229777353,0.08741244740735497,0.003573065460408538,0.028420459320476068,0.07932636403631758,0.9675660931065533,0.992,132,0.15979279312007744,0.9851050555193609,0.992
A0A438HAK2,nardini_Frac Chain Expanding_raw,0.18496562199222497,0.1121908370409084,0.18538159478823393,0.7533744007329282,0.3340342675731691,0.09337233014222958,0.106,83,0.15285971616319374,0.2873650708486883,0.30662660944206005
A0A438HAK2,nardini_FCR_raw,0.19908105569555828,0.1730111824394662,0.20308799336147326,0.5614154621857369,0.38773407529209075,0.2149787696338767,0.268,39,0.19669321220467767,0.4564199583099246,0.5328377581120944
A0A438HAK2,nardini_NCPR_raw,0.1283328370936343,0.14977575973623883,0.13674198326779738,0.017730417827065914,0.38858096030517886,0.381915648077926,0.386,43,0.19714740390504332,0.6378166296284187,0.6487880299251871
A0A438HAK2,nardini_Hydrophobicity_raw,-0.16003592165256605,0.1852130798550023,-0.17333333333333334,-0.08110531334236555,0.1131223744014932,0.39710702203410353,0.382,26,0.16981328325877684,0.6482066230346679,0.6469045226130654
A0A438HAK2,nardini_Disorder Promoting_raw,0.4944188696881127,0.06931742501709177,0.49995461021450743,1.755798099966486,0.3783111106077274,6.674426568916801e-10,0.001,135,0.14224054390262497,1.124640876862481e-07,0.009768115942028987
A0A438HAK2,nardini_Iso point_raw,-0.05089909783156241,0.13628881419229194,-0.05131959292965912,-0.007300409218873543,0.011400410526710746,0.7098185562195478,0.708,55,0.1753778346569054,0.8865451395232166,0.8823272727272727
A0A438HAK2,nardini_PPII_raw,0.31045896131529066,0.08860096521876966,0.31742551342342334,3.820122995338219,1.4616298269422432,0.002582674098157111,0.001,88,0.1351955044648661,0.02149039928589991,0.009768115942028987
A0A438HAK2,nardini_A Patch_raw,-0.0678863485626079,0.1252459551651535,-0.07199896334063588,-0.4895055486524072,0.6628137625163173,0.5656343393684489,0.592,66,0.10712720460270443,0.8024720325913117,0.8140891122932019
A0A438HAK2,nardini_E Patch_raw,0.09909029690931657,0.34092462478863284,0.08496227317903608,0.9113205738863198,2.6634252722979253,0.7929125422814512,0.798,12,0.07447744092341212,0.9099067495775094,0.9096797385620914
A0A438HAK2,nardini_G Patch_raw,-0.5709630800740487,0.17438508290913446,-0.5798057334855656,-4.764073492335714,2.491797085748199,0.004679159948146978,0.006,22,0.10352145494916544,0.034279932663598515,0.03964705882352941
A0A438HAK2,nardini_K Patch_raw,0.1033117870476898,0.0833675629011551,0.0977702566164319,0.40173222322380886,0.3869480612735413,0.23875410443392597,0.21,147,0.13261905994813067,0.489119350724821,0.4565806451612903
A0A438HAK2,nardini_N Patch_raw,-0.6435623860666301,0.3181600974655717,-0.6957252427829381,-7.692496148740989,4.670966281369392,0.12478933744028704,0.06012024048096192,6,0.2880790798609714,0.3381619527498664,0.2143970480643827
A0A438HAK2,nardini_R Patch_raw,0.19869801805873455,0.3259308849335481,0.22075897126766306,1.2717219501209718,1.3622485790256793,0.4481965541144066,0.508,14,0.10504357901189874,0.6976546823859354,0.7608711111111112
A0A438HAK2,nardini_S Patch_raw,-0.22964045477438794,0.16305728196181998,-0.23494886758095393,-0.8873095074488547,0.8733069892677525,0.14447020345917752,0.168,40,0.11242992303107777,0.37180676906706284,0.4106810035842294
A0A438HAK2,nardini_T Patch_raw,-0.4054988654576841,0.2658036419516319,-0.4337090306541788,-4.034537158608815,4.805270376364326,0.1826304877693395,0.158,11,0.20419713207715437,0.42981088002728557,0.3973582089552239
A0A438HAK2,cider_kappa,0.11027545173347782,0.10149909363525494,0.11262927887223588,0.2701529602960379,0.13180149029056615,0.23283049004695897,0.292,114,0.1367771924481937,0.48583497935417314,0.5594763231197771
A0A438HAK2,cider_omega,-0.14563294151194298,0.07110198499813235,-0.14962301403205572,-0.22461076328748403,0.17145518282052932,0.03988746293064389,0.046,189,0.12758031486713947,0.16195271093526492,0.18565269461077843
A0A438HAK2,cider_delta,0.14852873481353684,0.0910630216670426,0.15081714384400377,1.265271657560166,0.6639209089476925,0.09317849725151564,0.104,125,0.13987351176289564,0.2873650708486883,0.30662660944206005
A0A438HAK2,cider_mean_net_charge,0.197034758786427,0.15438961354832403,0.19910955348781895,0.3383413835214279,0.7875223424624958,0.21201749754134694,0.2,41,0.2033706620983311,0.45583129572798203,0.4508361204013378
A0A438HAK2,cider_fraction_neutral,-0.21757828054306236,0.1881884159978507,-0.23507299804157836,-0.5418870481146142,0.41195333419622016,0.17403844150506664,0.25,35,0.1979150343305799,0.41574778874774454,0.5075301204819277
A0A438HAK2,sparrow_SCD,0.04044627208819807,0.09513764306092762,0.0384978176231946,-0.00044717250956637225,0.009735594400320067,0.6674007059860196,0.678,127,0.14452122293998768,0.8602751939831413,0.8654772727272728
A0A438HAK2,sparrow_SHD,0.04683588339714582,0.130728921170253,0.048663877742679065,0.013448908348927511,0.07059007710681325,0.7319048408868285,0.736,52,0.1327994537602978,0.8920503847336753,0.8922014388489209
A0A438HAK2,sparrow_complexity,-0.36413683832826005,0.08825653244628182,-0.3655608542400995,-2.1809522593014052,0.6607736483746162,0.00012574448221305156,0.001,105,0.12918871861787823,0.002044239419689204,0.009768115942028987
A0A438HAK2,sparrow_scaled_rg,0.20751157924600863,0.12889132855927454,0.20489795918367346,0.03804421907626999,0.02444981050739232,0.15346556701536498,0.116,50,0.15468443973839183,0.38451967348831223,0.3230743801652893
A0A438HAK2,sparrow_scaled_re,0.22638277717053432,0.10214403466485536,0.23160878809355065,0.005693068352260878,0.004297387155344338,0.034019678203452745,0.022,84,0.13321525137868473,0.14630552127701407,0.10667625899280575
A0A438HAK2,sparrow_prefactor,-0.0005384275836124876,0.17522477339740178,-0.009246088193456613,0.004332961797463376,0.00682025615839536,0.9566862023591787,0.988,37,0.1477489752981326,0.9814406398631453,0.9894680534918276
A0A438HAK2,sparrow_scaling_exponent,-0.030080490850126713,0.2518407374992614,-0.029870129870129873,-0.6148427563741358,1.0468622406500316,0.8977307350801784,0.96,21,0.14451576074625289,0.9570622715602995,0.9759276018099546
A0A438HAK2,sparrow_asphericity,0.016314502326014352,0.2820992759213147,0.004901960784313726,0.47912436458340424,1.1578088089638898,0.9851029592703198,0.906,17,0.07287683573852563,0.9970985339511585,0.9526427457098284
A0A438HAK2,mpipi_epsilon_self,0.18059965207390957,0.07418236839181237,0.18065762248413753,0.008257929552489333,0.007793161444090254,0.013350343030100197,0.018,187,0.1412369815593909,0.07690710429305583,0.0905373134328358
A0A438HAK2,calvados_epsilon_self,0.3159776214311663,0.06046584543373027,0.31550739374906916,0.01255063606659616,0.002542338391953852,1.0387028013931338e-06,0.001,230,0.132033145958125,5.874415456511437e-05,0.009768115942028987
A0A438HAK2,avg_helix_prob,-0.2624324757999382,0.061935487709423996,-0.26411693306995077,-0.7472946743298593,0.2289842671169468,2.0031659957152876e-05,0.001,254,0.13096712394046675,0.0004821906718257514,0.009768115942028987
A0A438HAK2,avg_beta_prob,-0.4225546700516435,0.055099303551887975,-0.42201699704080753,-5.5504281570708365,0.8736353249576576,4.35759685516346e-12,0.001,247,0.12540238740116613,2.9370202803801717e-09,0.009768115942028987
A0A438HAK2,avg_coil_prob,0.35388219620308914,0.06597401135831411,0.3563258501440003,0.7708393492850841,0.22632552987094484,1.0518496921455398e-06,0.001,178,0.13248273551282994,5.874415456511437e-05,0.009768115942028987
A0A438HAK2,avg_nes,-0.12782840734659126,0.05976180532820481,-0.13098067399394486,-1.8017069638136545,0.9278472221925079,0.040924658451780664,0.048,244,0.13239513361653704,0.1632143183224862,0.18700578034682083
A0A438HAK2,avg_nis,0.22780417836451558,0.0640027459841578,0.22682052512840203,0.7013530799538619,0.27935624194350395,0.00029963956478826036,0.001,250,0.13142747007996483,0.004238599590319387,0.009768115942028987
Asyn_isoform_5,nardini_Frac A_raw,-0.027609937546847405,0.12969521547127633,-0.02485700217636821,-0.3085416907008216,0.6858227861067764,0.8479218779273019,0.826,62,0.15253398239241817,0.9303334591839726,0.9096797385620914
Asyn_isoform_5,nardini_Frac C_raw,0.0017722307960665335,0.18672011124051763,-0.0031538747357554462,-3.4038425177222438,9.484074056586161,0.9856540423036797,0.95,35,0.1472904340751931,0.9970985339511585,0.9716236722306525
Asyn_isoform_5,nardini_Frac D_raw,0.030450148739639627,0.12749725484259727,0.0399424136627895,-0.8799452383826393,1.4916545403526678,0.7598875727749088,0.798,61,0.16256237941502868,0.9001812519279343,0.9096797385620914
Asyn_isoform_5,nardini_Frac E_raw,-0.02619214763202868,0.12866142600266572,-0.024061233403965914,-0.7611975933030624,1.3512533358949341,0.8503096700734536,0.86,64,0.16218723163753967,0.9303334591839726,0.9333977455716586
Asyn_isoform_5,nardini_Frac F_raw,-0.05769459815637619,0.1518152166937185,-0.05705663652479429,0.14082250370101956,1.6381481351670482,0.712966225775427,0.72,44,0.14096540544228908,0.888242580725763,0.8823272727272727
Asyn_isoform_5,nardini_Frac G_raw,0.029763491766101872,0.21110003861482415,0.03496150890136245,-0.23969536464407995,1.8066413350456947,0.8468388223621675,0.882,33,0.13703937381836395,0.9303334591839726,0.9421045958795563
Asyn_isoform_5,nardini_Frac H_raw,-0.12758887528079702,0.19417934829841513,-0.14227831297982194,-1.6963637241341338,1.7251678805257056,0.47898793317543886,0.512,27,0.14135165578758344,0.720119634413655,0.7634690265486727
Asyn_isoform_5,nardini_Frac I_raw,0.05574363393129109,0.13234626050630618,0.05760622598361909,2.6970818964846885,2.40553916716098,0.6675429175863248,0.668,58,0.15766628167397959,0.8602751939831413,0.8608642447418738
Asyn_isoform_5,nardini_Frac K_raw,0.14319787373039253,0.12566993802818244,0.14205516245192626,1.7041080526407069,0.9240124500989678,0.25149899691274946,0.254,67,0.1537007379765672,0.5054585644655396,0.5110328358208955
Asyn_isoform_5,nardini_Frac L_raw,-0.02158330874735504,0.12824473620281857,-0.025984096271800643,-0.5020729080608274,2.40923532553693,0.8437718137899377,0.888,60,0.14133826266765828,0.9303334591839726,0.94402523659306
Asyn_isoform_5,nardini_Frac M_raw,-0.022965618998268815,0.11857119835719866,-0.024299135228020203,-1.2822084155421927,2.025600978618802,0.8349518724190712,0.87,76,0.1528614467132069,0.9303334591839726,0.9352153110047847
Asyn_isoform_5,nardini_Frac N_raw,0.02631257839125485,0.12607698678185128,0.02483702558649239,-0.21087870911340348,0.5718496151179108,0.8493094952572705,0.83,61,0.1633356322231689,0.9303334591839726,0.9125938009787927
Asyn_isoform_5,nardini_Frac P_raw,0.07879497961535056,0.19058143638973868,0.08698583303883675,0.9780939229614293,1.337799692674053,0.641718296546385,0.654,31,0.1343432066683397,0.8518597616642214,0.8542558139534884
Asyn_isoform_5,nardini_Frac Q_raw,-0.09625066778756901,0.12849777963190137,-0.09625983631310457,-0.6465545119939338,0.7081266886446084,0.4492531781357646,0.48,64,0.16101159792016584,0.6976881153536989,0.730293453724605
Asyn_isoform_5,nardini_Frac R_raw,-0.08869712527869295,0.12359824611303,-0.09211809403047116,0.3892108702432624,1.1211480175159638,0.46549818883438376,0.486,65,0.14514991878912636,0.7098910620454678,0.7377567567567568
Asyn_isoform_5,nardini_Frac S_raw,-0.04280042989062569,0.1422425695222103,-0.048326282699913965,-0.6435063246150112,0.6731434683212673,0.7311228465200801,0.752,53,0.161516409533369,0.8920503847336753,0.8955079086115993
Asyn_isoform_5,nardini_Frac T_raw,0.0283439902736901,0.13972998973808712,0.02182688255717751,-0.1320155938742775,0.9215435689087473,0.8743202849132428,0.818,55,0.16677192447331143,0.942866995250441,0.9096797385620914
Asyn_isoform_5,nardini_Frac V_raw,0.22052279062182054,0.1387590320048033,0.23415172227047215,0.9427416770045706,1.7702118411997452,0.11315989321469982,0.12,47,0.14276610341196408,0.3218133672012983,0.32878048780487806
Asyn_isoform_5,nardini_Frac W_raw,-0.026174627614676628,0.1773576720757,-0.026232710801641183,0.3418911125640924,3.8151175370456634,0.8641830682017633,0.85,45,0.13634983487815994,0.934926786465471,0.9285251215559157
Asyn_isoform_5,nardini_Frac Y_raw,0.14020888006765153,0.1404043296161221,0.14514110161627955,5.05619286961244,2.901779952537294,0.30459297626060267,0.298,52,0.13585758333178896,0.5679444558198752,0.5594763231197771
Asyn_isoform_5,nardini_Frac K+R_raw,0.16614796511166946,0.20998478499296372,0.1690098916940512,1.8225416788924365,1.1823196430650922,0.4091653294000154,0.412,26,0.19177328541239735,0.663253949461445,0.670743961352657
Asyn_isoform_5,nardini_Frac D+E_raw,-0.010171188821051719,0.2151430886893174,-0.012000736720900382,-0.6664972400362776,1.1115781020636468,0.9536017395186671,0.938,26,0.19177328541239735,0.9797676409078989,0.9652091603053435
Asyn_isoform_5,nardini_Frac Polar_raw,-0.16637489797480948,0.15715212966219436,-0.1733699228780342,-0.6183294014273871,0.4176245846803539,0.2979072101801213,0.288,38,0.16975231710563018,0.5593021160484728,0.5577931034482758
Asyn_isoform_5,nardini_Frac Aliphatic_raw,0.18655355426364192,0.21681364338471626,0.202248425572698,0.9227341341619358,1.2805124136551302,0.3547199529905207,0.394,23,0.12843248107259325,0.6209902553652232,0.6556938271604938
Asyn_isoform_5,nardini_Frac Aromatic_raw,-0.07922511128298938,0.1911316486800734,-0.08020972842583099,0.3101130911780844,2.5783360037310223,0.6625561189362709,0.68,32,0.14649932514676853,0.857126341963621,0.866389413988658
Asyn_isoform_5,nardini_R/K Ratio_raw,-0.1426244482281727,0.12238990268851475,-0.14500746718738192,-0.06641682948045664,0.05071288706203791,0.2345133413908849,0.236,69,0.15467196349577572,0.48634459106909667,0.49245820433436527
Asyn_isoform_5,nardini_E/D Ratio_raw,-0.0429154390877179,0.12039690535060661,-0.046078780374254,-0.009329167107479322,0.1468214850122149,0.7198901189023732,0.726,63,0.15395237526685318,0.8902861286976138,0.8864565217391305
Asyn_isoform_5,nardini_Frac Chain Expanding_raw,0.09382698620223295,0.16907608384897388,0.09062968054197783,0.47433671597646043,0.37019609914988716,0.6159576078623638,0.584,33,0.16315330013351037,0.8303108553984664,0.8140891122932019
Asyn_isoform_5,nardini_FCR_raw,0.21990384287283832,0.27088846220836,0.22730782062195778,0.41646911368332573,0.46315365371146333,0.3971948595153084,0.414,16,0.20107381368865607,0.6482066230346679,0.6723759036144578
Asyn_isoform_5,nardini_NCPR_raw,0.01890838427755374,0.08852091441658404,0.01776959621700925,1.2558870149185848,0.9776156176295321,0.8421973603537763,0.822,128,0.14193288741990728,0.9303334591839726,0.9096797385620914
Asyn_isoform_5,nardini_Hydrophobicity_raw,0.24931717986797383,0.2326533387827786,0.2797202797202798,0.12056889376833714,0.23225728530149145,0.37856866966230307,0.284,12,0.1655330945528425,0.6378166296284187,0.5532254335260115
Asyn_isoform_5,nardini_Disorder Promoting_raw,-0.058435195701654036,0.14691346238109879,-0.06179306782061201,-0.021043223599731802,0.37640455908099113,0.6540287482014947,0.66,55,0.14472949352678613,0.8552781104938001,0.8571098265895954
Asyn_isoform_5,nardini_Iso point_raw,0.13051791552613526,0.2629408008575202,0.13780136109359037,0.051879969695205065,0.04054792205141623,0.5623457499924478,0.582,20,0.1729387788095879,0.8023152412266771,0.8138340248962654
Asyn_isoform_5,nardini_PPII_raw,0.11393600024095688,0.2358061419648657,0.11948051948051949,0.7428629818432264,1.6982792766936277,0.6059550557298752,0.61,21,0.12146504232629042,0.82507819709482,0.82228
Asyn_isoform_5,nardini_A Patch_raw,0.023520129254526997,0.2769324158210763,0.0331030012815743,-1.070006276335022,2.8590546353199504,0.8996332942520164,0.934,17,0.10959899061867313,0.9570622715602995,0.9652091603053435
Asyn_isoform_5,nardini_D Patch_raw,-0.22915969995677818,0.49206652182734595,-0.24771684715343115,8.702600170564999,92.87745617203399,0.5204537217168191,0.7002012072434608,9,0.1843924516161578,0.7609236625534406,0.8772037429035178
Asyn_isoform_5,nardini_E Patch_raw,-0.1000018095199705,0.24779590074040728,-0.10642987863520877,-0.7428551989486964,1.6797068233088033,0.6551684288958868,0.672,20,0.17258539659714475,0.8552781104938001,0.8610798479087454
Asyn_isoform_5,nardini_G Patch_raw,0.09108888063515111,0.3500453362809604,0.09759000729485333,1.7872478137930738,6.152984144774689,0.818177202735276,0.756,8,0.18219618223648093,0.9252540849724431,0.8955079086115993
Asyn_isoform_5,nardini_P Patch_raw,-0.1052265990849555,0.5255546162632682,-0.14285714285714288,0.40713136170604475,3.7886836835290247,0.7599453002180929,0.804,7,0.09548771218186224,0.9001812519279343,0.9096797385620914
Asyn_isoform_5,nardini_R Patch_raw,-0.14760587542366665,0.38736779385106757,-0.1513825177048746,-2.233027868525367,2.5484327113472967,0.6568123014228456,0.672,11,0.08173722342895681,0.8552781104938001,0.8610798479087454
Asyn_isoform_5,nardini_S Patch_raw,0.06403029922049668,0.10976787354623949,0.07088444090230657,0.24203568588904376,0.5142644255376135,0.5141273279076752,0.554,87,0.13640666624669118,0.7549494967533182,0.7922706131078225
Asyn_isoform_5,cider_kappa,0.07675488896522203,0.14605855232461096,0.08626521353088755,0.0136070550141363,0.10885893400579816,0.5642395019902744,0.588,47,0.15166819330913525,0.8023152412266771,0.8140891122932019
Asyn_isoform_5,cider_omega,-0.009289358622607281,0.10635100846781322,-0.007997433659570672,0.08420688303907,0.14354588603408439,0.9393534034096256,0.924,93,0.14248039109592964,0.9710493771443062,0.9640495356037152
Asyn_isoform_5,cider_delta,0.11772424335467398,0.1333735393121733,0.11610508786628776,0.9306507644143599,0.940318491262866,0.3811901818570752,0.388,59,0.15964421268213935,0.6378166296284187,0.6505273631840796
Asyn_isoform_5,cider_mean_net_charge,-0.06188218522328134,0.24320031247136137,-0.0645700318924523,0.16266939667313757,1.675992361368704,0.7697488903882574,0.822,23,0.17041578184685136,0.9042783414776457,0.9096797385620914
Asyn_isoform_5,cider_fraction_neutral,-0.2776932122503302,0.30269333045743446,-0.2784572885353543,-0.4797346370534091,0.4637873465811503,0.3350437468645012,0.358,14,0.21734608037492897,0.6021852943644636,0.6300052219321148
Asyn_isoform_5,sparrow_SCD,-0.2940366183362556,0.07827767403074505,-0.295954706014735,-0.007325886703354546,0.014721322691308813,0.0006943196944129271,0.002,128,0.14193288741990728,0.00802031611407838,0.016641975308641976
Asyn_isoform_5,sparrow_SHD,-0.034824144855152915,0.29988119152924314,-0.047058823529411764,0.09256402057601816,0.1895474563908738,0.8626036946668731,0.882,16,0.15484404374763827,0.934926786465471,0.9421045958795563
Asyn_isoform_5,sparrow_complexity,0.04361046119581215,0.14891347638908187,0.04825930372148859,0.3912765667120356,0.8669466872066705,0.7392794043763775,0.754,50,0.14607448749409188,0.8977915649543756,0.8955079086115993
Asyn_isoform_5,sparrow_scaled_rg,0.26406250945232684,0.1589051129359457,0.2690627202255109,0.03603514885288773,0.03233694770414906,0.07737735254840675,0.1,44,0.15555116783607326,0.2507323827770488,0.3036036036036036
Asyn_isoform_5,sparrow_scaled_re,0.013048947019416224,0.12307327133019202,0.010230352303523035,0.00027488718472178867,0.0046444549774870515,0.9277751145726856,0.92,81,0.14659945883054104,0.9671293139826543,0.9613643410852714
Asyn_isoform_5,sparrow_prefactor,0.22324083159149924,0.10234381665117288,0.23172479694218828,0.014445827960075843,0.017518496320121372,0.02709605390316288,0.034,91,0.15222992651690856,0.12508726253925875,0.15076315789473685
Asyn_isoform_5,sparrow_scaling_exponent,-0.10923471018566776,0.10674421301129998,-0.11011883064810088,-0.5074407778079622,0.5752211237515633,0.30993616468212887,0.302,87,0.15294916058120336,0.5732310943775113,0.5638448753462604
Asyn_isoform_5,sparrow_asphericity,-0.2475007219331433,0.12796943465708907,-0.24759419684792827,-1.121977491983453,2.3908105730213496,0.04503162986055285,0.046,66,0.14822640219702776,0.17443286509202657,0.18565269461077843
Asyn_isoform_5,mpipi_epsilon_self,0.12702103311156349,0.10395157262949646,0.12534474205026166,0.013260087345253432,0.009988042688718746,0.2048594267030033,0.232,104,0.1535460238898106,0.45034322556818096,0.49245820433436527
Asyn_isoform_5,calvados_epsilon_self,0.1287503668180964,0.09459500000227905,0.13002829376403133,0.006015089736828646,0.0035059329053408824,0.1641662930674752,0.174,116,0.141537559924354,0.40679441738043487,0.41294366197183097
Asyn_isoform_5,avg_helix_prob,-0.1495648446660175,0.09756505150836146,-0.15451691946295135,-0.4391591581416686,0.5565994084285582,0.10069747507375931,0.128,114,0.14549975818907668,0.30031016902528224,0.3423492063492064
Asyn_isoform_5,avg_beta_prob,-0.2203426091300896,0.10008433850402923,-0.2193164097451236,-2.78424126316252,3.5878174633467688,0.017025697820080826,0.026,118,0.14687639896475074,0.09180256264587582,0.12254545454545454
Asyn_isoform_5,avg_coil_prob,0.07419078967470906,0.31277153763801974,0.08214285714285713,0.16288749070411981,1.6599891991562024,0.7710285652881772,0.826,15,0.1645946823261917,0.9042783414776457,0.9096797385620914
Asyn_isoform_5,avg_mito_targeting,0.028439663111815932,0.08805761744561727,0.03218898856055311,0.0002615332309647245,0.1619470679419232,0.730449094499618,0.76,117,0.14845499973904036,0.8920503847336753,0.8970928196147111
Asyn_isoform_5,avg_nes,0.03699117284484364,0.09350520161288162,0.038722659859250094,0.8109269119250858,2.0183006202837177,0.6771801009157759,0.69,118,0.14441242811423863,0.8644418202138408,0.8743102803738316
Asyn_isoform_5,avg_nis,0.256624498894543,0.08929344626770841,0.26084450309049234,1.556376148370617,0.582584927435257,0.004008531887784684,0.002,120,0.1452863790141725,0.03105460336053882,0.016641975308641976
A0A1U8F7A1,nardini_Frac A_raw,0.3415980055796213,0.09271838366789513,0.34366103700913897,1.1288265533900617,0.40327319944304585,0.00037927131356435523,0.001,103,0.10022663151978184,0.004750019162108373,0.009768115942028987
A0A1U8F7A1,nardini_Frac C_raw,0.026449717107825524,0.04077080371815823,0.020855975806414708,-0.6900293859942722,2.8724064058157346,0.8787387562383635,0.5174603174603175,56,0.08335365675962973,0.946118085790187,0.7673230769230769
A0A1U8F7A1,nardini_Frac D_raw,-0.1943496267285488,0.08662241644020129,-0.19391571445927858,-1.2920101966538495,0.6931681994489353,0.03162536454099041,0.032,123,0.11499350197367778,0.14116222318296381,0.144751677852349
A0A1U8F7A1,nardini_Frac E_raw,-0.08489395160969433,0.08939324884974674,-0.08623872446218406,-0.8360429755321556,0.5222475807621634,0.34290727796142917,0.332,123,0.11524977507285733,0.605658014804777,0.6015268817204302
A0A1U8F7A1,nardini_Frac G_raw,-0.10865690090214365,0.1488085947173335,-0.10389569596755777,-0.7715818227628335,1.5179279010507667,0.47744291511439785,0.516,49,0.08413174145760975,0.7199027400158929,0.7673230769230769
A0A1U8F7A1,nardini_Frac I_raw,-0.24547083584598844,0.09463165583682716,-0.2434257819786883,-1.4235613906121753,1.157877988402312,0.010389896832245256,0.008,110,0.1051051168722868,0.06252491486547591,0.04771681415929204
A0A1U8F7A1,nardini_Frac K_raw,0.11191751640284375,0.09339882242705033,0.11323956023028237,-0.008188842055732781,0.5322929949864156,0.21236818744530392,0.202,123,0.10777160711399494,0.45583129572798203,0.45231893687707647
A0A1U8F7A1,nardini_Frac L_raw,-0.2174489322067015,0.08997683841929244,-0.21909020724619171,-2.560986303012127,1.0374659004725233,0.022086250082395426,0.016,109,0.10818671519704542,0.10865790186521546,0.0855873015873016
A0A1U8F7A1,nardini_Frac M_raw,-0.13003622521334052,0.07859509699750784,-0.1284211545337396,-1.5099623949229568,0.7534166817550271,0.09512307097629695,0.114,170,0.10308188172819867,0.2893145789709531,0.3228403361344538
A0A1U8F7A1,nardini_Frac N_raw,-0.07592048816807982,0.10209696929051319,-0.07508760229393423,0.8034395879388212,0.6118052158216198,0.4251287181542076,0.444,115,0.10799457059973737,0.6773918582409834,0.7024788732394367
A0A1U8F7A1,nardini_Frac P_raw,0.2740877821603761,0.12734897804272896,0.2778989202194849,3.7176439481368377,1.795906200750761,0.061490478080358436,0.044,46,0.08383895473931635,0.21812938013769254,0.18193865030674847
A0A1U8F7A1,nardini_Frac Q_raw,-0.09594492830490212,0.09079689615250128,-0.09922865987992192,0.3672655936113258,0.6205001250529377,0.28924947619176483,0.29,116,0.11187329496396131,0.544564656293993,0.5594763231197771
A0A1U8F7A1,nardini_Frac R_raw,-0.2788428022352047,0.08841179810161236,-0.2805738696383356,-0.5213411774826104,1.0375610076822805,0.0017465020699078393,0.002,122,0.1105200324836236,0.017310917575262996,0.016641975308641976
A0A1U8F7A1,nardini_Frac S_raw,0.011556226779872126,0.09891170586624874,0.010832345886323324,-0.2551256518362451,0.4772592527628176,0.9165760712276843,0.906,96,0.11002834785966105,0.9640105790892564,0.9526427457098284
A0A1U8F7A1,nardini_Frac T_raw,-0.2335756908085262,0.09215553551897186,-0.23742053912978472,-1.7888580600703918,0.6512233749412867,0.01796967396015915,0.008,99,0.10944684717067352,0.09536661613501783,0.04771681415929204
A0A1U8F7A1,nardini_Frac V_raw,-0.08370203888774287,0.09192763780514622,-0.08376223545786288,-1.421958642692186,1.2110490969565881,0.3843002059181916,0.366,110,0.10832621377888367,0.639551453799657,0.6383476070528967
A0A1U8F7A1,nardini_Frac K+R_raw,-0.035825658811655406,0.16527181431737778,-0.03746576634012017,-0.15837148263379058,0.39469114017101736,0.8114749603607198,0.824,43,0.11851270249529618,0.9207645173116584,0.9096797385620914
A0A1U8F7A1,nardini_Frac D+E_raw,-0.3061201606796452,0.1463281128877412,-0.30509561797669965,-0.7030128052592034,0.3789151045997591,0.04155751005217587,0.048,45,0.11910644230408797,0.16476330455980315,0.18700578034682083
A0A1U8F7A1,nardini_Frac Polar_raw,-0.049525923015744204,0.13388122051178986,-0.04785947591476439,0.06963426193683006,0.28869940886558837,0.704995575324797,0.698,65,0.10016371346236415,0.8848478583836143,0.8760744878957168
A0A1U8F7A1,nardini_Frac Aliphatic_raw,0.6131062781204173,0.1512043786710063,0.6290954366171586,5.989701653723374,1.3592936291204778,0.0022494639866424563,0.002,21,0.0795327335396933,0.020134419307938387,0.016641975308641976
A0A1U8F7A1,nardini_Frac Aromatic_raw,0.013431155699624157,0.24560018996564856,0.0,4.458437131421492,11.097788149150778,1.0,0.7701863354037267,9,0.08118615587916153,1.0,0.9027923305428032
A0A1U8F7A1,nardini_R/K Ratio_raw,-0.1963233285478028,0.06696466494733164,-0.19837153047239695,-0.06521315644235656,0.07134820058179103,0.0018880495403343213,0.004,243,0.10226405392622621,0.018179219859790464,0.029955555555555555
A0A1U8F7A1,nardini_E/D Ratio_raw,0.027197085388175637,0.08913004490847916,0.02850427151288042,0.011045053217140626,0.10341007570857128,0.7552972720849385,0.748,122,0.11511709172790466,0.9001812519279343,0.8955079086115993
A0A1U8F7A1,nardini_Frac Chain Expanding_raw,-0.19157331490631208,0.16156203664115112,-0.19494609958736386,-0.1994466114130775,0.29950398762368324,0.21602072210810971,0.246,42,0.11456232084109727,0.4564199583099246,0.5039635258358662
A0A1U8F7A1,nardini_FCR_raw,-0.2374956530924812,0.2008117662040186,-0.2351470317340308,-0.3079262364675312,0.31354699701481203,0.2578456152351651,0.254,25,0.13317613810912587,0.5076951291273167,0.5110328358208955
A0A1U8F7A1,nardini_NCPR_raw,0.2205803637378698,0.2347409411437877,0.22603759004702892,0.22544505583438765,0.22292343411687376,0.277273316402004,0.346,25,0.10407943086823863,0.5279158623021205,0.6153139841688653
A0A1U8F7A1,nardini_Hydrophobicity_raw,-0.2819702789465964,0.45435874369494467,-0.3571428571428572,-0.582710448811149,1.6435488253682105,0.4316113520383278,0.51,7,0.10152975189510627,0.6796870356865254,0.7621729490022173
A0A1U8F7A1,nardini_Disorder Promoting_raw,0.2126399193456713,0.11220207707063326,0.21489668834338962,0.015711309396704055,0.3171208656438571,0.04964050379401831,0.07,84,0.09626708402383805,0.18691452266574493,0.23356435643564358
A0A1U8F7A1,nardini_Iso point_raw,0.16989019156287358,0.22360785237474576,0.1748560242642652,0.004751036913970951,0.011856837092268186,0.39290844896394483,0.458,26,0.09814299202242244,0.6443316170357636,0.7140091324200913
A0A1U8F7A1,nardini_PPII_raw,0.09446649615190804,0.18804155892835114,0.10134310134310134,1.7026323693749192,2.2081133269489404,0.6149820818378641,0.592,27,0.10659184496886104,0.8303108553984664,0.8140891122932019
A0A1U8F7A1,nardini_A Patch_raw,0.11225369664048288,0.07220268923828004,0.11542439401063097,0.4267489303123232,0.17220204899739694,0.11669107755660364,0.118,186,0.10286873861091166,0.3277074428047952,0.32729218106995883
A0A1U8F7A1,nardini_D Patch_raw,-0.2804275638802925,0.3402930149655948,-0.3571428571428572,-2.6254811705071197,3.5808416608659916,0.4316113520383278,0.376,7,0.11303678904474626,0.6796870356865254,0.6383476070528967
A0A1U8F7A1,nardini_E Patch_raw,-0.10135964914426529,0.19239454434102807,-0.09805702818894932,0.298849312235545,0.9700953536197298,0.5934004255437757,0.588,32,0.0906110483601292,0.8168077158120001,0.8140891122932019
A0A1U8F7A1,nardini_K Patch_raw,0.0614987889685213,0.08511685361740479,0.06129030339385363,0.1385224414745462,0.30283172127514085,0.4655368685817459,0.462,144,0.10854636568130302,0.7098910620454678,0.7140091324200913
A0A1U8F7A1,nardini_N Patch_raw,0.30905412652495357,0.414427961074653,0.3091420111676559,1.72512394670054,3.545190393578915,0.49989851459945445,0.45,7,0.13278307192961641,0.7417302912666501,0.7069930069930069
A0A1U8F7A1,nardini_Q Patch_raw,-0.4608893698185453,0.4612063709858056,-0.4504687313477795,-1.8988088353050903,2.822743721312726,0.3104293018513229,0.274,7,0.1325659149296878,0.5732310943775113,0.5415718475073314
A0A1U8F7A1,nardini_R Patch_raw,0.13151153666249824,0.42038048112114196,0.15179418517972906,1.2714900641994022,3.345371191628509,0.7740575031656567,0.6320081549439348,6,0.11085659170974538,0.9042783414776457,0.8401844111088995
A0A1U8F7A1,nardini_S Patch_raw,-0.07762369953625926,0.24748690335122428,-0.064201659100871,-0.43283373386992524,1.267957188179515,0.7821804597049866,0.74,21,0.07259756965771742,0.9073831838918434,0.8938351254480286
A0A1U8F7A1,nardini_T Patch_raw,0.3113982917786027,0.35505473697371487,0.3287705507836007,2.0574520414408637,2.4100274146689213,0.32355371088548834,0.394,11,0.10559531240615758,0.586223658969944,0.6556938271604938
A0A1U8F7A1,cider_kappa,-0.136511593421158,0.08419173154291028,-0.13842635241663884,-0.10369632193877704,0.0889154419512145,0.09682376937980901,0.12,145,0.10267035561071429,0.29264224467260663,0.32878048780487806
A0A1U8F7A1,cider_omega,0.35610526172563667,0.06657206446894719,0.3567082871144938,0.383676513990333,0.12806294616323802,1.8005729776498268e-06,0.001,170,0.09929082859010055,6.958999681294737e-05,0.009768115942028987
A0A1U8F7A1,cider_delta,-0.18627394161827565,0.08377509557439532,-0.18770981595243663,-0.17118060665395332,0.327258701147384,0.024769640529730158,0.026,143,0.10212896157366241,0.11674641760166522,0.12254545454545454
A0A1U8F7A1,cider_mean_net_charge,-0.27905785993135623,0.21635799999914815,-0.2827885903574252,-0.5622369336170904,0.38393038222183856,0.17077930398552127,0.206,25,0.10407943086823863,0.4140476650584221,0.4565806451612903
A0A1U8F7A1,cider_fraction_neutral,0.22343590668336497,0.20186928747111157,0.2351470317340308,0.28258818260329244,0.30881006810745754,0.2578456152351651,0.264,25,0.13317613810912587,0.5076951291273167,0.5264378698224852
A0A1U8F7A1,sparrow_SCD,0.15764731329101386,0.061181380830976614,0.15428496196357916,-0.0019668619396945833,0.0031643145333554966,0.016080045219692717,0.012,243,0.10226405392622621,0.08858869523712244,0.0674
A0A1U8F7A1,sparrow_SHD,-0.004650505702848756,0.44436070953485035,0.0,-0.32765306170633207,1.0787126897032626,1.0,0.926,7,0.10603326400132806,1.0,0.9646429675425039
A0A1U8F7A1,sparrow_complexity,-0.1441595741136465,0.11510723327980416,-0.13757660611320266,-1.0299839700290319,0.7183360501540145,0.2525760498842013,0.208,71,0.09003657500493616,0.5054585644655396,0.4565806451612903
A0A1U8F7A1,sparrow_scaled_rg,-0.05253259734620378,0.22706853686326361,-0.049407114624505935,-0.011780927305994211,0.013046631576946383,0.8228578988707852,0.79,23,0.09226499607782991,0.9274351569212529,0.9096797385620914
A0A1U8F7A1,sparrow_scaled_re,-0.12692456839010752,0.19845590305245828,-0.13233137829912023,-0.002523057974337273,0.0027563539939255205,0.47030618412167435,0.532,32,0.08865404578385296,0.7107317670358936,0.779495652173913
A0A1U8F7A1,sparrow_prefactor,0.03897959999099858,0.23379956442652408,0.043076923076923075,0.0017023578105858767,0.004043132886445391,0.8380001161641176,0.868,25,0.08522759542227744,0.9303334591839726,0.9352153110047847
A0A1U8F7A1,sparrow_scaling_exponent,-0.09206179373769027,0.2497170064350037,-0.09924812030075188,-0.10490485063933568,0.21741930821934563,0.6771888443218218,0.736,20,0.07884307582454587,0.8644418202138408,0.8922014388489209
A0A1U8F7A1,sparrow_asphericity,-0.15104742984540723,0.24876665585752333,-0.17130434782608694,-0.7411376049018604,0.7892999192112145,0.42350313678440454,0.542,24,0.08713964548606785,0.6764007445324376,0.783922746781116
A0A1U8F7A1,mpipi_epsilon_self,0.047036632852151226,0.08049136067988545,0.05222246460977896,-0.005309513957457656,0.005135745438689674,0.4962755789552278,0.54,172,0.10491403132038477,0.7416623951570367,0.7827096774193549
A0A1U8F7A1,calvados_epsilon_self,0.06855498475973507,0.07276098807744984,0.06874313186265878,0.001711524689537951,0.002293880848975175,0.33837494972494897,0.332,196,0.10030891894627997,0.6049461965904923,0.6015268817204302
A0A1U8F7A1,avg_helix_prob,-0.11691024922575499,0.06810175645726305,-0.12228891474225,-0.16105017256874,0.13402984634651896,0.07993316064599795,0.084,206,0.10168137274068835,0.257774881700491,0.26090322580645164
A0A1U8F7A1,avg_beta_prob,-0.14193600975963105,0.06717181801609627,-0.14110347727329323,-3.1257282883231445,1.8880585122670028,0.037359142756630916,0.042,218,0.1026759540763058,0.15737538886230773,0.17582608695652174
A0A1U8F7A1,avg_coil_prob,0.0821531048431459,0.06781118347502947,0.08719709346830122,0.14177828649422838,0.11481732406241614,0.19863009865457754,0.22,219,0.10203920511703475,0.44774811536182363,0.47373801916932906
A0A1U8F7A1,avg_nes,-0.052865848979461505,0.06768130088744033,-0.05360156536627124,-0.13440242664835114,0.742026358112702,0.42783844538166027,0.434,221,0.1030585942393839,0.6796870356865254,0.6931658767772512
A0A1U8F7A1,avg_nis,0.15468942263509736,0.06646547603711295,0.15249463802257304,0.6093216395421188,0.2723287849937388,0.018326069140537794,0.028,239,0.1021432447393676,0.09649820781814432,0.12926027397260273
Os_LEA_or6,nardini_Frac A_raw,0.3022465807339883,0.1274742842977683,0.314086518300834,0.8808529808491883,0.3760861407702758,0.019529694678743024,0.02,55,0.08220517956050326,0.10125395548825229,0.09839416058394161
Os_LEA_or6,nardini_Frac C_raw,-0.03432156690104658,0.10829516454349147,-0.0318804164180592,0.6748940579300006,5.095243145363404,0.8624851384294484,0.7754629629629629,32,0.07155113828289095,0.934926786465471,0.9048537005163512
Os_LEA_or6,nardini_Frac D_raw,-0.0769212812741996,0.13742231085921502,-0.07560436703679964,0.09032818603953385,0.9769445123790633,0.5692758010769868,0.596,59,0.09957145153159244,0.8024720325913117,0.8140891122932019
Os_LEA_or6,nardini_Frac E_raw,0.045741141731169624,0.13904793939139148,0.051286358605218324,0.09100332793029717,0.8524974842816997,0.6971563935380762,0.71,60,0.09892723048809002,0.8799314779862609,0.8823272727272727
Os_LEA_or6,nardini_Frac F_raw,-0.3035984469458895,0.1421578136734979,-0.30615526059989895,-7.010050433994911,3.3784711455462286,0.03851982613857148,0.038,46,0.08431253884872927,0.15867390240916107,0.1621012658227848
Os_LEA_or6,nardini_Frac G_raw,0.052231112503947255,0.17810492581812473,0.0506316710883334,0.22296124419127744,1.7611682747128325,0.776126611683021,0.758,34,0.07211686196291232,0.9042783414776457,0.8963017543859649
Os_LEA_or6,nardini_Frac H_raw,-0.14526450737072968,0.10990140118925647,-0.15141119678398096,-5.0186913859495315,4.252321344476597,0.44182512595546597,0.1689259645464025,28,0.07321920328546917,0.6925351974278698,0.4106810035842294
Os_LEA_or6,nardini_Frac I_raw,0.0772685832483423,0.19486130153225514,0.07737845498611837,0.3542547902042841,1.4415117576576524,0.7256436940165985,0.706,23,0.10536446194151669,0.8920503847336753,0.8823272727272727
Os_LEA_or6,nardini_Frac K_raw,0.20331819687106747,0.12660385053922454,0.20568428926931856,0.7635447531735347,0.5508773042538254,0.10298967027809133,0.106,64,0.09702964883303769,0.30191797252491287,0.30662660944206005
Os_LEA_or6,nardini_Frac L_raw,-0.17340264338265907,0.13004398227285718,-0.17586171699121728,-1.7548456582032836,1.6126887113776593,0.19069134664685658,0.198,57,0.08562721647631291,0.4356812462372249,0.4478255033557047
Os_LEA_or6,nardini_Frac M_raw,-0.24161435348505222,0.13148081260695876,-0.23920437610760417,-3.7539993361532207,2.1413665495248786,0.075808195582261,0.072,56,0.0929425029050259,0.24803263991477628,0.23788235294117643
Os_LEA_or6,nardini_Frac N_raw,0.05954660077367796,0.21419284318843704,0.06697655420675255,0.3743901159274323,0.9570942782405087,0.7558386552506176,0.756,24,0.111585035453038,0.9001812519279343,0.8955079086115993
Os_LEA_or6,nardini_Frac P_raw,0.318999736399771,0.22486421954526098,0.3388831888437081,4.487076981714086,2.730467226869921,0.10525288872789773,0.178,24,0.07303392607419108,0.30710150217577087,0.41656944444444444
Os_LEA_or6,nardini_Frac Q_raw,-0.09777617720692067,0.13997704192281382,-0.09953117264522161,-0.14170643121555695,0.8368930948627205,0.4696879823901149,0.48,55,0.08914260376174815,0.7107317670358936,0.730293453724605
Os_LEA_or6,nardini_Frac R_raw,-0.3348598829445071,0.10299497431828471,-0.34047581454661696,-1.9125350857736807,0.5728097325975926,0.00590711742537132,0.006,64,0.09773409185553485,0.040626501476533364,0.03964705882352941
Os_LEA_or6,nardini_Frac S_raw,0.018004602714059945,0.1692627138935915,0.020585178446540134,0.19401565541000843,0.690282486582245,0.8970452943066702,0.936,42,0.08142594410739895,0.9570622715602995,0.9652091603053435
Os_LEA_or6,nardini_Frac T_raw,-0.20239666693588376,0.13321839363810528,-0.20938819182424304,-2.678673389181383,1.4018047032150478,0.14030341649394185,0.12,51,0.0835066335267346,0.36652908029812714,0.32878048780487806
Os_LEA_or6,nardini_Frac V_raw,0.07473126474429219,0.1478279754873031,0.07475597058989009,0.11974568136004317,1.7405509236553647,0.5911013736958315,0.604,54,0.09399908409055059,0.8168077158120001,0.8191066398390342
Os_LEA_or6,nardini_Frac Y_raw,-0.0817244823421074,0.04906920414195987,-0.06964826160753397,-8.026500351609695,3.5563499640829477,0.6493826355029964,0.05379746835443038,45,0.08416565880863565,0.8552781104938001,0.20108287292817678
Os_LEA_or6,nardini_Frac K+R_raw,-0.19638850608702899,0.2324931303297608,-0.1960351270429844,-0.4775156887713522,0.5895908584572679,0.381931883937378,0.402,22,0.12464170530732398,0.6378166296284187,0.66735960591133
Os_LEA_or6,nardini_Frac D+E_raw,0.10310244422458797,0.2451066957074547,0.10085044107991686,0.22246582785290994,0.6881511554429806,0.6551925730955142,0.694,22,0.12464170530732398,0.8552781104938001,0.8743102803738316
Os_LEA_or6,nardini_Frac Polar_raw,-0.30534627720102603,0.1566021892009579,-0.30664671479441147,-0.40613267466958247,0.37549519651117547,0.04048036800679544,0.064,45,0.08002035295144509,0.16304102351262442,0.22008163265306124
Os_LEA_or6,nardini_Frac Aliphatic_raw,0.3760680505421629,0.17950069861262932,0.38894241557995946,1.954053726396278,1.812392360830353,0.027799675539007043,0.046,32,0.07155113828289095,0.12660122508980234,0.18565269461077843
Os_LEA_or6,nardini_Frac Aromatic_raw,-0.19321383773232645,0.08165435215876146,-0.15486069947657036,-7.078166920067572,1.871745240013085,0.43136982934916435,0.00641025641025641,28,0.06967846365878394,0.6796870356865254,0.04194672641274583
Os_LEA_or6,nardini_R/K Ratio_raw,-0.11884971626274479,0.10052480843484655,-0.12244539212514997,-0.04539702557274015,0.04565965364735834,0.19635444161301316,0.234,113,0.1096376630185292,0.4441036699569492,0.49245820433436527
Os_LEA_or6,nardini_E/D Ratio_raw,-0.02206668603562503,0.13772763201033367,-0.028156698740630898,-0.09312440890959417,0.13315371795761283,0.8308939599721823,0.858,60,0.0943579074771359,0.9302699817628752,0.9327290322580645
Os_LEA_or6,nardini_Frac Chain Expanding_raw,0.2912661338890916,0.22876183756385113,0.3173241344620041,0.485175035451365,0.42878133780063615,0.18556794619957573,0.238,19,0.10141912534835873,0.4299506937568691,0.4935753846153846
Os_LEA_or6,nardini_FCR_raw,0.054663981425943996,0.2840838292659624,0.06416070525468627,0.10396256917430143,0.43963307628225357,0.8275007483656656,0.824,14,0.1105954297868897,0.9280124865198979,0.9096797385620914
Os_LEA_or6,nardini_NCPR_raw,-0.25708864406109533,0.3464127946875538,-0.26269742562687987,-0.30798610383142433,0.576936581429683,0.4094281948783638,0.492,12,0.13926994837614623,0.663253949461445,0.7451865168539326
Os_LEA_or6,nardini_Disorder Promoting_raw,0.299203699939579,0.1547406302574448,0.3063391340518306,0.5175160339268142,0.3024862283112128,0.048482492429979075,0.064,42,0.08035929962938726,0.1851228446702955,0.22008163265306124
Os_LEA_or6,nardini_Iso point_raw,-0.33292241796227234,0.35081643091970294,-0.35757575757575755,-0.014430783050768236,0.03254570653442138,0.3103760917056799,0.348,10,0.14415082462322176,0.5732310943775113,0.6172421052631578
Os_LEA_or6,nardini_PPII_raw,0.40573433675970877,0.22400803503459313,0.42196317387973603,5.808233336922315,3.0637163560327343,0.0638524194570239,0.082,20,0.06929005784252049,0.22183778718574282,0.2582616822429906
Os_LEA_or6,nardini_A Patch_raw,0.2044021612274831,0.10127062237950278,0.2058062852638967,0.3948130465718999,0.16881116377927305,0.06360259529911134,0.054,82,0.1108449207671162,0.22183778718574282,0.20108287292817678
Os_LEA_or6,nardini_E Patch_raw,0.09827841726274124,0.20430788633704003,0.10752441381457054,0.8619169588475994,1.1953854741620762,0.6089413824574339,0.628,25,0.12459232964652985,0.8271276681144333,0.8391699604743083
Os_LEA_or6,nardini_K Patch_raw,-0.06559010329762882,0.16335775066145214,-0.0689952404329847,-0.08100426337591166,2.085163083444387,0.6806336309223965,0.698,38,0.08962397328808795,0.8671967244644523,0.8760744878957168
Os_LEA_or6,nardini_R Patch_raw,0.1386650147317945,0.38657422663648905,0.14770978917519928,-0.4918230686639932,3.7747182547388727,0.683842812890721,0.718,10,0.13615941289147562,0.8696416148836716,0.8823272727272727
Os_LEA_or6,nardini_S Patch_raw,0.4476926843067944,0.31643446519565066,0.4923659639173309,1.38130543147657,1.8818425758884,0.14826610416882355,0.194,10,0.06629839382499289,0.37791356614634725,0.44474829931972787
Os_LEA_or6,cider_kappa,-0.00762513011538756,0.13028205290010494,-0.006260438042361549,0.027974060011758232,0.21537317302950185,0.9595898719694089,0.968,68,0.13121450001969345,0.9814706465010117,0.9792645739910314
Os_LEA_or6,cider_omega,-0.03209044985789474,0.12044831464987933,-0.031835002178637814,-0.005937801248170045,0.17976869822535937,0.7764682051635111,0.808,82,0.11054272525159958,0.9042783414776457,0.9096797385620914
Os_LEA_or6,cider_delta,0.05863291594427843,0.13088213355025966,0.05519360666551635,0.5698153077894165,0.7965223292932014,0.6573205656317336,0.66,67,0.12498360367122961,0.8552781104938001,0.8571098265895954
Os_LEA_or6,cider_mean_net_charge,-0.19890960607528416,0.35552129140372407,-0.21517591504290953,-0.26941830436198894,0.8930142365944919,0.501823461153698,0.574,12,0.13926994837614623,0.7417302912666501,0.8059916666666666
Os_LEA_or6,cider_fraction_neutral,-0.06209415205005141,0.28317629548398243,-0.06416070525468627,-0.12224956025702347,0.43650714284679487,0.8275007483656656,0.814,14,0.1105954297868897,0.9280124865198979,0.9096797385620914
Os_LEA_or6,sparrow_SCD,-0.13022469701772565,0.09695727179505843,-0.12991721213688687,-0.006311044415232414,0.006591460935225741,0.17021794915526722,0.172,113,0.1096376630185292,0.4140476650584221,0.4125551601423487
Os_LEA_or6,sparrow_SHD,0.08014628217659793,0.30526946171571584,0.07692307692307693,0.10215290872301182,0.5023422799326228,0.7938058883554533,0.816,14,0.08384136819299336,0.9099067495775094,0.9096797385620914
Os_LEA_or6,sparrow_complexity,-0.22121025294693333,0.18042102921812206,-0.2272801885548862,-1.2017138390460766,0.9459890131446244,0.1699751419165168,0.228,38,0.07476286376064978,0.4140476650584221,0.4878476190476191
Os_LEA_or6,sparrow_scaled_rg,-0.12857562907441453,0.24513497303780962,-0.14285714285714285,-0.010069403450022059,0.020698543814955835,0.53674092961656,0.578,21,0.0995677840672292,0.7779857775517449,0.8099209979209978
Os_LEA_or6,sparrow_scaled_re,-0.06289308642854913,0.2681987179174686,-0.06766917293233082,-0.0015446964617194597,0.0050420997089739815,0.7768207117441497,0.778,20,0.10401290098015947,0.9042783414776457,0.9048537005163512
Os_LEA_or6,sparrow_prefactor,0.14840271001410324,0.3231486663301302,0.13406593406593406,0.004867812798669323,0.01838346533441261,0.6477195279851131,0.61,14,0.11535976763056796,0.8552781104938001,0.82228
Os_LEA_or6,sparrow_scaling_exponent,-0.14512486283060533,0.3270972845028206,-0.13736263736263735,-0.20604962432888782,0.46045819522159204,0.6545168402947126,0.654,13,0.10824188074029308,0.8552781104938001,0.8542558139534884
Os_LEA_or6,sparrow_asphericity,-0.31239345195078205,0.3085849177175919,-0.3230769230769231,-1.2987785514640653,1.5589929887182574,0.25987361950878973,0.322,14,0.1122125224149471,0.5076951291273167,0.5913569482288829
Os_LEA_or6,mpipi_epsilon_self,0.04682921200909778,0.11155775502984921,0.050812242386163976,-0.0018495926831814617,0.006358187537573454,0.6285981906954315,0.664,93,0.11354176611589419,0.8415934007970179,0.860646153846154
Os_LEA_or6,calvados_epsilon_self,0.11331362453401024,0.10968226362100729,0.11671872234126048,0.0009362997498614297,0.001912900884109794,0.24748876608595052,0.296,100,0.1121961867892432,0.5024320130781044,0.5594763231197771
Os_LEA_or6,avg_helix_prob,-0.2606962597022409,0.10093662973597382,-0.2579185520361991,-0.45291464526160324,0.2070243470148246,0.008530907089092831,0.006,103,0.11007680913256983,0.05323917942637563,0.03964705882352941
Os_LEA_or6,avg_beta_prob,-0.0418676630821937,0.09613451945895207,-0.04214232369572176,-0.2636165987056379,0.9600090287875042,0.6710090388840863,0.65,104,0.11106049743687399,0.8630917790226605,0.8539961013645224
Os_LEA_or6,avg_coil_prob,0.2624390486612468,0.09553587560163646,0.2591486183719194,0.4316424042466525,0.18169857946309576,0.008210421776674937,0.006,103,0.11007680913256983,0.05211453497348229,0.03964705882352941
Os_LEA_or6,avg_mito_targeting,-0.3337360459866854,0.533917063639486,-0.34786262139146906,-0.9523252711971822,2.4226070975056313,0.4992532181146331,0.45645645645645644,6,0.13137039898664507,0.7417302912666501,0.7140091324200913
Os_LEA_or6,avg_nes,-0.14787643428258465,0.10026690945422476,-0.14771799628942486,-5.053485911875063,2.9743518153428115,0.1445302277382351,0.152,99,0.10519550601523113,0.37180676906706284,0.38659622641509434
Os_LEA_or6,avg_nis,0.05521588418967742,0.10181187631845759,0.06240435158693194,0.12370810463470613,1.0155265571304013,0.5114175493003081,0.574,113,0.1096376630185292,0.7526101053022002,0.8059916666666666
Os_LEA_or4,nardini_Frac A_raw,0.3069754759005851,0.14715786627454233,0.31344701321872825,2.6539399591314194,1.2027471912933285,0.03827954348131996,0.056,44,0.12337731645106001,0.15867390240916107,0.20402162162162163
Os_LEA_or4,nardini_Frac D_raw,-0.1990753228338172,0.14054792261189822,-0.1992573039607739,-2.0832368786357676,1.272066483064974,0.13373189037764616,0.168,58,0.12101808639662433,0.3562659846424249,0.4106810035842294
Os_LEA_or4,nardini_Frac E_raw,-0.20109827833358856,0.13558955558228697,-0.19380871880695782,-4.087790527682296,1.6132351476571878,0.1485861944047211,0.14,57,0.11829140190847755,0.37791356614634725,0.36715953307393
Os_LEA_or4,nardini_Frac F_raw,-0.015180265521698811,0.15998687661118066,-0.01645454989548947,-2.82634444901606,4.902415687307415,0.9176245606727031,0.906,42,0.1137965532542579,0.9640105790892564,0.9526427457098284
Os_LEA_or4,nardini_Frac G_raw,0.18295380234668934,0.19360658862072966,0.1770897549499014,1.040538623455811,1.7300698724207075,0.36732132502427683,0.368,28,0.12172545448756068,0.6364384911731686,0.6383476070528967
Os_LEA_or4,nardini_Frac H_raw,0.12320227445512191,0.11549928018877095,0.12601523284318866,5.828513852298587,9.293562364589972,0.5573805187701613,0.25681818181818183,24,0.11256029152979712,0.7976103389619718,0.5151650432900433
Os_LEA_or4,nardini_Frac I_raw,-0.3302075514820742,0.17317862738203715,-0.34284875663655195,-3.732360584412283,2.818523333062691,0.13892030625155494,0.08,20,0.11475471972521496,0.365751118802922,0.2567619047619048
Os_LEA_or4,nardini_Frac K_raw,-0.1335230682694177,0.13581640453962351,-0.1323822825977252,-0.8648135876895398,0.8840593560010094,0.30503841692402794,0.34,62,0.11722619974488598,0.5679444558198752,0.6062433862433863
Os_LEA_or4,nardini_Frac L_raw,-0.05390970788313375,0.15043465509489845,-0.06674529649406331,-1.0089786686162674,1.9745197583987615,0.6594139578171418,0.712,46,0.11730362002109997,0.8563487621748624,0.8823272727272727
Os_LEA_or4,nardini_Frac M_raw,-0.10814659957684816,0.16544250302466312,-0.10675169078924356,-4.341495631244753,5.749435947856512,0.5479050488057078,0.532,34,0.12154795902709441,0.7890769292629211,0.779495652173913
Os_LEA_or4,nardini_Frac N_raw,0.16696722086593088,0.14484328689691467,0.16861684922362083,2.945284770860628,1.2532158451942748,0.20577257953918277,0.236,58,0.11549207811345881,0.45034322556818096,0.49245820433436527
Os_LEA_or4,nardini_Frac P_raw,-0.08624089250551942,0.19506836311992343,-0.10076598431335651,-0.922328304978752,2.339113784843373,0.60991461580545,0.666,28,0.12172545448756068,0.8271276681144333,0.8608642447418738
Os_LEA_or4,nardini_Frac Q_raw,0.20621434338190506,0.1371350091880847,0.21029610653602265,2.8652664840193767,1.0147614558496127,0.11978634084223243,0.152,56,0.11425573275286395,0.33012304164412076,0.38659622641509434
Os_LEA_or4,nardini_Frac R_raw,0.07350814072219215,0.1242094769184201,0.07405757132749757,-0.2815412947047203,0.8992676926641121,0.5672887258361377,0.546,62,0.12032410515793521,0.8024720325913117,0.7863333333333334
Os_LEA_or4,nardini_Frac S_raw,-0.6055884918893444,0.09908496354862227,-0.6103450655590482,-3.3499540902140126,0.6901072489561116,1.9809590293585542e-06,0.001,51,0.11771517915178982,7.027191504145609e-05,0.009768115942028987
Os_LEA_or4,nardini_Frac T_raw,0.3478449330159749,0.15149147946689248,0.35555087978425237,3.363619724298799,1.1615565296342076,0.019292430022493343,0.03,43,0.11208068899688758,0.1007992080245001,0.13755102040816325
Os_LEA_or4,nardini_Frac V_raw,-0.2719040858531497,0.1329609770361884,-0.27335487680726483,-3.4850693663629317,1.9524373915015192,0.05737295103220766,0.054,49,0.11538860771790013,0.20902361619301602,0.20108287292817678
Os_LEA_or4,nardini_Frac Y_raw,0.21668496186155156,0.08356230711526079,0.21291284975123395,15.19943810462758,6.129937716081771,0.20579482711424293,0.0023121387283236996,37,0.11826232763276369,0.45034322556818096,0.019004652474270408
Os_LEA_or4,nardini_Frac K+R_raw,-0.10938533525894295,0.23772524929278313,-0.10951485472957008,-0.45090873239519086,0.9290471537346193,0.6188886551022017,0.598,23,0.13612647052837312,0.832596713650467,0.8140891122932019
Os_LEA_or4,nardini_Frac D+E_raw,-0.38795846237721765,0.21268273066438578,-0.3967297462836392,-1.6270305700390235,0.7660692706752297,0.0608884157442545,0.084,23,0.13612647052837312,0.21713646672818798,0.26090322580645164
Os_LEA_or4,nardini_Frac Polar_raw,0.04793784490304668,0.20112550092557183,0.06012806110791454,1.2984120257722478,0.6554360706433712,0.7479737654564518,0.802,31,0.12995748006045724,0.8980065097686813,0.9096797385620914
Os_LEA_or4,nardini_Frac Aliphatic_raw,0.28437385396207676,0.20002838955625746,0.28986742828130185,0.5582531136605113,2.4189315892668075,0.14247799893670984,0.178,27,0.12182048786413952,0.36934681262824015,0.41656944444444444
Os_LEA_or4,nardini_Frac Aromatic_raw,0.014970927381176629,0.21809833390895178,0.009214138136104652,8.521415530505262,17.289045301745777,0.9659160628088407,0.9378757515030061,24,0.1261203129850819,0.9849128991424488,0.9652091603053435
Os_LEA_or4,nardini_R/K Ratio_raw,0.13979404855987876,0.10327543128044171,0.14351122021259785,0.11333264003073105,0.07200235742334363,0.14029306654937082,0.186,107,0.1213065610209119,0.36652908029812714,0.4322896551724138
Os_LEA_or4,nardini_E/D Ratio_raw,-0.22582013470482454,0.09817306403745554,-0.22286432034334783,-0.3455136848958839,0.19851165241210975,0.021035361528308306,0.028,107,0.1213065610209119,0.10502099014873924,0.12926027397260273
Os_LEA_or4,nardini_Frac Chain Expanding_raw,-0.17958668413939452,0.17099561794457976,-0.18261753379896978,-1.1913747450660144,0.5588214258186439,0.25937623068837284,0.304,40,0.1230141685436092,0.5076951291273167,0.5660110497237569
Os_LEA_or4,nardini_FCR_raw,-0.27656766534438604,0.29524410561677783,-0.30700624833000845,-0.7266458557486788,0.6477821451690083,0.2656962871541438,0.338,15,0.1318908687289053,0.5116551358339797,0.6058829787234042
Os_LEA_or4,nardini_NCPR_raw,0.3451846521699964,0.2172460601546147,0.3639787349290058,0.6470360249824739,0.4478912109382341,0.18230645071998858,0.122,15,0.13542675887425118,0.42981088002728557,0.33156451612903226
Os_LEA_or4,nardini_Hydrophobicity_raw,-0.5577496900695762,0.41763156966704945,-0.6,-0.12926319033647293,0.11959752079286795,0.20799999999999982,0.196,6,0.1409656646990022,0.4507781350482311,0.4478101694915254
Os_LEA_or4,nardini_Disorder Promoting_raw,-0.1284772691794438,0.23259041233104288,-0.12683698030010793,-0.731809578040049,1.90060415769841,0.5641394156999051,0.596,23,0.11556527877177925,0.8023152412266771,0.8140891122932019
Os_LEA_or4,nardini_Iso point_raw,0.46947948686307245,0.20611682348640192,0.49170484185887253,0.061745492839978836,0.02523329690038142,0.044996448889179294,0.032,17,0.14069303863542704,0.17443286509202657,0.144751677852349
Os_LEA_or4,nardini_PPII_raw,0.11005145094339872,0.25783550417943313,0.1357142857142857,0.6528558371625043,3.5890344986431795,0.6296204418728145,0.634,15,0.12345392809573581,0.8415934007970179,0.8411732283464567
Os_LEA_or4,nardini_A Patch_raw,0.5071983976840462,0.0878788470655013,0.512803329126567,1.9984095558575479,0.4261777825607561,1.8584865617701077e-06,0.001,77,0.11859918355514536,6.958999681294737e-05,0.009768115942028987
Os_LEA_or4,nardini_D Patch_raw,-0.07367531197746646,0.2623674677748887,-0.07418794437873642,0.202165678968564,1.6544336641146342,0.7559191524031218,0.78,20,0.10525583469468873,0.9001812519279343,0.9048537005163512
Os_LEA_or4,nardini_K Patch_raw,0.24909686528371078,0.14863457489196535,0.2547956001707292,2.298471573534303,1.1890293489776256,0.09508908505747282,0.116,44,0.12525930079595857,0.2893145789709531,0.3230743801652893
Os_LEA_or4,nardini_R Patch_raw,0.17298147176719636,0.5459550944847695,0.21251185925162072,1.9065925660698455,13.145584554303538,0.6860308660088958,0.5333333333333333,6,0.09327218536519637,0.870781174557431,0.7797541576283441
Os_LEA_or4,nardini_S Patch_raw,-0.39797462796919125,0.30962759282186053,-0.41123821318124654,-2.856201221922427,3.71593513432451,0.18414222634293936,0.216,12,0.13221498025976638,0.4299506937568691,0.4666153846153846
Os_LEA_or4,nardini_T Patch_raw,0.3573158241987413,0.09414242145653937,0.35346671185322415,1.7067530499025503,0.5591875569691817,0.0023210667134050886,0.001,72,0.11353618432821112,0.020134419307938387,0.009768115942028987
Os_LEA_or4,cider_kappa,-0.03985629863902871,0.14562491869717498,-0.037283130324026255,-0.3132925508719352,0.24860667812401654,0.7811233302779979,0.794,58,0.12941184944588385,0.9073831838918434,0.9096797385620914
Os_LEA_or4,cider_omega,0.11488606315560182,0.1270530978748511,0.11596798337921885,-0.027364810771960416,0.30308818376489877,0.3184728779056758,0.372,76,0.12415771215211135,0.583289999207678,0.6383476070528967
Os_LEA_or4,cider_delta,0.05006199624262652,0.15849282009893279,0.04579327276276691,0.46049993314370874,0.7453853066779479,0.7305457977371872,0.77,59,0.12651612515193944,0.8920503847336753,0.9027923305428032
Os_LEA_or4,cider_mean_net_charge,0.03459671099296745,0.3167074512524496,0.028935410488104753,0.2197098293120885,0.8743462191414862,0.9184673873465806,0.954,15,0.13542675887425118,0.9640105790892564,0.9727624810892587
Os_LEA_or4,cider_fraction_neutral,0.2929513770601613,0.2868659178125281,0.30700624833000845,0.7666687379311342,0.6665943144519425,0.2656962871541438,0.322,15,0.1318908687289053,0.5116551358339797,0.5913569482288829
Os_LEA_or4,sparrow_SCD,-0.17166865676063364,0.09877420083092593,-0.17475948043736864,-0.0015388764544302094,0.006638794645415171,0.07180144089492144,0.082,107,0.1213065610209119,0.24156060387379844,0.2582616822429906
Os_LEA_or4,sparrow_SHD,-0.06325946585455214,0.21482292434494524,-0.0776068376068376,-0.059496414955132686,0.09984000951636443,0.7063028899263866,0.748,26,0.12541242228842192,0.8848478583836143,0.8955079086115993
Os_LEA_or4,sparrow_complexity,-0.6964262752473458,0.14775689484962082,-0.7210526315789473,-3.736791780788458,0.9006258713664518,0.0004947294682852213,0.001,19,0.10897127355416271,0.006062684756804349,0.009768115942028987
Os_LEA_or4,sparrow_scaled_rg,-0.40153438578050565,0.19903770965438136,-0.417278373800113,-0.04063877409236288,0.019979588185542005,0.05333987474748143,0.05,22,0.12589358508982545,0.19753338230660708,0.19257142857142856
Os_LEA_or4,sparrow_scaled_re,-0.3408205447337233,0.17150627361786458,-0.3612967914438503,-0.012284653700286148,0.004564589224787122,0.03884450133161955,0.062,33,0.13113856078888106,0.15867390240916107,0.2165181347150259
Os_LEA_or4,sparrow_prefactor,0.48724698880194217,0.14314157903796765,0.512781954887218,0.015991597441764163,0.08950839972919765,0.0207797266670458,0.004,20,0.10504564999021664,0.10468746922422299,0.029955555555555555
Os_LEA_or4,sparrow_scaling_exponent,-0.09436467163774884,0.2911043703779164,-0.0879120879120879,-0.01914901402258147,0.3675047449277766,0.7751954088891221,0.784,13,0.1141694630758835,0.9042783414776457,0.9079312714776633
Os_LEA_or4,sparrow_asphericity,0.01843251464700175,0.29214382726694665,0.02417582417582418,0.6744071332103038,1.2799482909959297,0.9346189946036425,0.972,14,0.12421257496258807,0.9676393277463211,0.9792645739910314
Os_LEA_or4,mpipi_epsilon_self,-0.08913914211713148,0.11247203008666065,-0.08885816683250707,-0.00252341819752208,0.009961745100513782,0.41035147911783765,0.422,88,0.11578894600639886,0.663253949461445,0.6804497607655502
Os_LEA_or4,calvados_epsilon_self,-0.13697004526586148,0.1106139625845629,-0.13084064838157722,-0.0007729015722135977,0.00450155656417124,0.23549838793246144,0.21,84,0.11293631678472324,0.4868893051118988,0.4565806451612903
Os_LEA_or4,avg_helix_prob,0.06246776056895878,0.11037373556985462,0.06426953131020452,0.04530140018746803,0.1638823568541873,0.5427545265185453,0.562,92,0.1200651708546198,0.7833330853822259,0.7991308016877638
Os_LEA_or4,avg_beta_prob,-0.04277507549099423,0.10119269362788576,-0.03958566629339306,-3.2739208283416428,8.513496538209463,0.703296047744167,0.652,95,0.11996683862841202,0.8843685376484487,0.8542558139534884
Os_LEA_or4,avg_coil_prob,-0.1481995078931203,0.10530884770737718,-0.15118362246491845,-0.17969269391138498,0.15171885282826417,0.13728060114506574,0.17,98,0.12154022772492241,0.36285147126186,0.4106810035842294
Os_LEA_or4,avg_nes,-0.06812976688424377,0.11514546547924286,-0.0702687471381776,1.3320085616331698,4.126193081823996,0.5153311802559295,0.554,88,0.12108715364727513,0.7550722075923836,0.7922706131078225
Os_LEA_or4,avg_nis,0.15257658118386264,0.10350907412260443,0.15313083143271822,1.096965539875112,0.5728808237504756,0.11886530283068195,0.152,105,0.12064115776203255,0.33012304164412076,0.38659622641509434
A0A4D6M434,nardini_Frac A_raw,0.40708334748610514,0.072752740964033,0.41072589786406816,0.9294599332919904,0.16904743164499095,1.3339167200391174e-06,0.001,129,0.1291141391277466,5.993732462042434e-05,0.009768115942028987
A0A4D6M434,nardini_Frac C_raw,0.00713123275001189,0.21093143695324887,0.014663625637423312,0.1158816030026135,0.9853528970368431,0.945781426106084,0.988,24,0.1675953697096901,0.9747044054977073,0.9894680534918276
A0A4D6M434,nardini_Frac D_raw,0.0754802691511123,0.07846685724970738,0.0807591347917556,-0.2792791608681422,0.6428993878079544,0.33764433186591425,0.322,143,0.13770255404324835,0.6049461965904923,0.5913569482288829
A0A4D6M434,nardini_Frac E_raw,0.1373370912166281,0.08250029704755611,0.13629079817043832,0.6380440352183386,0.38363953100317927,0.09859427143030994,0.102,148,0.13793863236719192,0.29534461752901736,0.30662660944206005
A0A4D6M434,nardini_Frac F_raw,0.03946273652902826,0.22107197799151823,0.02400887010018041,-0.4096304699258699,5.893097267273588,0.903478742195735,0.862,28,0.17565382842210336,0.9589679877794101,0.934064308681672
A0A4D6M434,nardini_Frac G_raw,-0.29276301265936855,0.11056511111226984,-0.2995502301776591,-2.1426396962491467,0.9159849256604431,0.011761219571618098,0.006,70,0.12920793803584488,0.06893097383713563,0.03964705882352941
A0A4D6M434,nardini_Frac H_raw,-0.42721623359190947,0.13153620949002126,-0.4380507911042403,-4.655212776583121,1.8157869918854945,0.000369760824257804,0.006,62,0.1363790191514103,0.004750019162108373,0.03964705882352941
A0A4D6M434,nardini_Frac I_raw,0.013725223847045158,0.08860289877772774,0.01105564496784558,0.4877519472239337,0.9817593678129823,0.9002633236932194,0.854,131,0.1363586690408293,0.9570622715602995,0.9313851132686084
A0A4D6M434,nardini_Frac K_raw,0.07271103137619088,0.08847302073283689,0.0744353782757391,0.05604334601333393,0.3094611460276655,0.3873347281107664,0.412,137,0.12833799002448448,0.6414339232104583,0.670743961352657
A0A4D6M434,nardini_Frac L_raw,0.003646941352469654,0.09162008298306629,-2.301611569780445e-05,1.4774998521822162,1.471896888016961,0.9998017847559191,0.954,119,0.1296925037970489,1.0,0.9727624810892587
A0A4D6M434,nardini_Frac M_raw,0.008375041256560798,0.07498241191018012,0.008426883281816398,0.3956828423295416,0.9623634876521541,0.9116158693984434,0.88,176,0.12060878495212751,0.9630550093644997,0.9421045958795563
A0A4D6M434,nardini_Frac N_raw,-0.125883929403222,0.08771165380385025,-0.12709719438338984,-0.3925244326621454,0.36892144826687995,0.14800185185149853,0.176,131,0.1291060335740817,0.37791356614634725,0.4162245614035088
A0A4D6M434,nardini_Frac P_raw,-0.5288099117732252,0.09677533151375244,-0.5357745083467893,-4.255662618804953,0.9136737196209066,3.5555664349155603e-06,0.001,66,0.13469777797425284,0.0001141167512920518,0.009768115942028987
A0A4D6M434,nardini_Frac Q_raw,-0.15909602136726256,0.08800172380366353,-0.15579556518103208,-0.5432260213300975,0.42359213888069286,0.06703855540920445,0.072,139,0.13163418116704523,0.22936033678072995,0.23788235294117643
A0A4D6M434,nardini_Frac R_raw,-0.10731248390744298,0.09381137713182555,-0.11166236622355136,0.5054583836520233,0.6272672568860477,0.1939213503976493,0.284,137,0.12772998400943245,0.44156415597302573,0.5532254335260115
A0A4D6M434,nardini_Frac S_raw,-0.17335678164862298,0.09025086724966785,-0.17348215157420352,-1.488962108365661,0.5927356198231616,0.06490790178247015,0.056,114,0.12473525201946725,0.2232037030682902,0.20402162162162163
A0A4D6M434,nardini_Frac T_raw,-0.3578390175123522,0.09560574378640208,-0.36091598679828696,-1.8830526579589841,0.8417728009146296,0.0001442679419613897,0.001,106,0.1288663790803393,0.002261316113534341,0.009768115942028987
A0A4D6M434,nardini_Frac V_raw,0.15377765237753455,0.09350350248328229,0.15447456327534853,0.5556610976905497,1.088974688363378,0.08415436119328647,0.112,126,0.1288745425459093,0.26881535281646957,0.31851476793248945
A0A4D6M434,nardini_Frac W_raw,-0.2535485922276821,0.2461890963141755,-0.25683795657200736,-5.337664056023169,3.8958179920586566,0.28847922249120667,0.322,19,0.12868330523888838,0.544564656293993,0.5913569482288829
A0A4D6M434,nardini_Frac Y_raw,-0.5381352693199973,0.19858492464130756,-0.5486726407127174,-28.39147093056476,10.583007643083645,0.034174813466736044,0.0262891809908999,15,0.14444870756316316,0.14630552127701407,0.12304797213796204
A0A4D6M434,nardini_Frac K+R_raw,0.06595694277998165,0.1322427004337827,0.06228558574631442,0.534934799056307,0.5415180447312657,0.6305707231491009,0.598,62,0.13814750455866018,0.8415934007970179,0.8140891122932019
A0A4D6M434,nardini_Frac D+E_raw,0.18427501598057,0.12939686144083695,0.18573722012960384,0.3044943418938709,0.3757638564795367,0.14171571316813866,0.174,64,0.13435195337647143,0.3687891531865848,0.41294366197183097
A0A4D6M434,nardini_Frac Polar_raw,-0.41761677807956027,0.09537412829636586,-0.4191994273886309,-0.6245357154689056,0.21008599006778625,1.7372194569206936e-05,0.001,98,0.12433098533647266,0.0004503407361402106,0.009768115942028987
A0A4D6M434,nardini_Frac Aliphatic_raw,0.6750606112869876,0.09707081511221606,0.6808871219948155,1.4357665000012492,0.22428716950846567,1.3902256644750188e-07,0.001,47,0.14602490491276585,1.041124553173514e-05,0.009768115942028987
A0A4D6M434,nardini_Frac Aromatic_raw,-0.20338073487422736,0.19210327106509092,-0.20850804174309057,-2.029077423051067,2.03069103791893,0.23665634627197366,0.294,34,0.17065048847322525,0.4877870868113463,0.5594763231197771
A0A4D6M434,nardini_R/K Ratio_raw,-0.013936898547670839,0.06369262543102124,-0.014400757127405309,0.03825940168223131,0.041061665944414814,0.8211170858356367,0.824,249,0.12060422728078869,0.927023309636883,0.9096797385620914
A0A4D6M434,nardini_E/D Ratio_raw,0.05570457993560178,0.08170440222565778,0.059571486290806226,0.11674506583277236,0.09810507254641915,0.47972361402333985,0.464,143,0.13905858535584995,0.720119634413655,0.7140091324200913
A0A4D6M434,nardini_Frac Chain Expanding_raw,-0.10144389697046316,0.13859996143347728,-0.10380658818947548,-0.11456162338599972,0.206999329287196,0.45947912797197565,0.444,53,0.12063174670308736,0.7070523567422639,0.7024788732394367
A0A4D6M434,nardini_FCR_raw,0.1334348448559211,0.14945676306591035,0.1453556361525786,0.091378916338183,0.2588507075391791,0.3407374579723892,0.376,45,0.12619741867169096,0.605658014804777,0.6383476070528967
A0A4D6M434,nardini_NCPR_raw,-0.13286672263863203,0.14803147624508647,-0.13635675768057776,0.07017989254726814,0.3836400982002031,0.34505677054889905,0.372,50,0.14566017823872113,0.605658014804777,0.6383476070528967
A0A4D6M434,nardini_Hydrophobicity_raw,0.4156318857813208,0.1870040730298567,0.4260869565217391,0.6012950885839536,0.19427996420982704,0.037884304812371185,0.048,24,0.1506053666428592,0.15859640648160359,0.18700578034682083
A0A4D6M434,nardini_Disorder Promoting_raw,0.2872106211072904,0.08116693863866771,0.296169534702056,0.4759848470087714,0.18855873207108742,0.0013099558221459195,0.001,115,0.13162741722552643,0.013377427638278027,0.009768115942028987
A0A4D6M434,nardini_Iso point_raw,-0.04134424687304928,0.1442127835374586,-0.047079398496489074,0.007194131507677206,0.018215779009161097,0.7378090752997843,0.746,53,0.15197191406035426,0.8976233154369218,0.8955079086115993
A0A4D6M434,nardini_PPII_raw,0.044535118103020466,0.21523138459764912,0.05051741685715441,-1.591618504426647,2.989587141897448,0.79092686304326,0.864,30,0.10118041453559239,0.9097008629541932,0.9347287319422151
A0A4D6M434,nardini_A Patch_raw,0.02135874201011093,0.08007779116949101,0.02019380403578781,-0.00393492660572537,0.17054694953887645,0.808834408563161,0.788,146,0.11690891673198506,0.9193160056856164,0.9094383561643835
A0A4D6M434,nardini_D Patch_raw,-0.4325230003298982,0.16825993079748128,-0.4200840252084029,-27.653694214338056,42.42651259614127,0.09318360508371684,0.009029345372460496,17,0.14273102376345934,0.2873650708486883,0.053384024395073455
A0A4D6M434,nardini_E Patch_raw,0.19275049645560108,0.07043853098759752,0.18990597844436136,0.5374742523826028,0.2647169473765941,0.009046519483256278,0.01,188,0.12581044964068258,0.05543049210649756,0.05760683760683761
A0A4D6M434,nardini_K Patch_raw,-0.018772698083513503,0.16621306129295924,-0.018745739842068104,-0.2136249598083858,0.7721893851610745,0.9050280134357125,0.906,43,0.109737578551052,0.9591020142384751,0.9526427457098284
A0A4D6M434,nardini_N Patch_raw,-0.6181799568910158,0.42382764242740706,-0.6377481392176932,-3.4691519631280805,3.648578836758933,0.17307111024125976,0.10230692076228685,6,0.1092696740718076,0.41574778874774454,0.30662660944206005
A0A4D6M434,nardini_Q Patch_raw,-0.7069555270788667,0.299983179106941,-0.7714285714285715,-3.032250268523864,2.5938025262358155,0.07239650145772594,0.038,6,0.1077084467260354,0.24156060387379844,0.1621012658227848
A0A4D6M434,nardini_R Patch_raw,-0.106625809899917,0.27585437610272595,-0.08288624656799143,-1.071796586573282,2.0415530978131198,0.7690080344725461,0.71,15,0.18982215602684122,0.9042783414776457,0.8823272727272727
A0A4D6M434,cider_kappa,-0.1622205922462129,0.08330860233207736,-0.1661758660733846,-0.1118597977365512,0.10153806844468943,0.050570263605570924,0.056,139,0.11782859859939648,0.18935754261197113,0.20402162162162163
A0A4D6M434,cider_omega,0.12790011748288388,0.07389032519593365,0.13192674345487806,-0.053497712334551265,0.07726998086563164,0.08922491915015392,0.062,167,0.11744483207473724,0.2810168014355315,0.2165181347150259
A0A4D6M434,cider_delta,-0.06789275055195625,0.08429545445698261,-0.073972184327892,-0.4254189802678432,0.3864490204164871,0.3782432419181009,0.376,144,0.12261760407245828,0.6378166296284187,0.6383476070528967
A0A4D6M434,cider_mean_net_charge,0.2570947685725878,0.1374045385665638,0.27251307062685315,1.036500640073182,0.445401351610305,0.058175435516539586,0.074,49,0.14737192579055938,0.21080776095778325,0.24211650485436892
A0A4D6M434,cider_fraction_neutral,-0.04370929803348926,0.15943645730172204,-0.04408135463742151,-0.043452473767272626,0.25987454087579925,0.7843440393496648,0.752,41,0.12622881489431526,0.9080859215727847,0.8955079086115993
A0A4D6M434,sparrow_SCD,0.10604551632163148,0.06430990147029282,0.11044191532656507,0.01135037596083782,0.005386810028736719,0.0819820850357491,0.112,249,0.12060422728078869,0.2631234538766423,0.31851476793248945
A0A4D6M434,sparrow_SHD,-0.19092406286280392,0.19729558510205172,-0.19794288215340847,-0.19962544670617394,0.2232000707997689,0.23354678532752537,0.356,38,0.10803750389933289,0.48583497935417314,0.6281256544502617
A0A4D6M434,sparrow_complexity,-0.3016836107753845,0.09063305510272421,-0.30373646388724185,-0.7384280427836334,0.21256104612870017,0.0012562568896535896,0.001,110,0.11877176662693514,0.013026417594254144,0.009768115942028987
A0A4D6M434,sparrow_scaled_rg,0.23430922030198462,0.15774830779090376,0.24433497536945803,0.036434733945533156,0.020411862330476295,0.20147109367017868,0.14,29,0.14117438713308675,0.4481568222234338,0.36715953307393
A0A4D6M434,sparrow_scaled_re,0.2614955577237665,0.13001815448713866,0.2582345191040843,0.007976994588705455,0.00465689389430036,0.0867626452634897,0.054,45,0.13735738347273949,0.2745447084863477,0.20108287292817678
A0A4D6M434,sparrow_prefactor,0.0028518450129490403,0.15333808025651585,0.000510204081632653,0.0034534476160337137,0.007900190971703426,0.9972239826994052,0.97,49,0.12100865410102651,1.0,0.9792645739910314
A0A4D6M434,sparrow_scaling_exponent,0.14863172923298368,0.1718326798000494,0.14950166112956811,0.010663982327336806,0.23969397004826015,0.34467561514977674,0.384,42,0.10715068899804268,0.605658014804777,0.6486616541353384
A0A4D6M434,sparrow_asphericity,0.341866356802702,0.14717233576636554,0.34835102503848964,2.0775300948306374,0.8597897481403997,0.023773281793031637,0.026,42,0.1186933690622118,0.11443802945623067,0.12254545454545454
A0A4D6M434,mpipi_epsilon_self,0.20180835510909356,0.06532870678275676,0.20731826201420128,0.013524631108797121,0.005295987487584084,0.0019937383392852064,0.001,220,0.12171040383746849,0.018926473812369424,0.009768115942028987
A0A4D6M434,calvados_epsilon_self,0.13049862799672313,0.06404192501037034,0.13158759109468504,0.00276290812778366,0.0018669301006786594,0.042542477192374924,0.06,238,0.12111650301796432,0.16670714899802733,0.2143970480643827
A0A4D6M434,avg_helix_prob,0.17789890249668167,0.07732150294004865,0.17940825288891588,0.3006764607628061,0.09663005400231404,0.015665802121009206,0.016,181,0.12232074003746732,0.08726240189719177,0.0855873015873016
A0A4D6M434,avg_beta_prob,-0.18042950592304152,0.06420174537934947,-0.18046900808217184,-2.962192974145145,1.0987198334360662,0.0064019374846851565,0.002,227,0.11965109938412914,0.042613844460998154,0.016641975308641976
A0A4D6M434,avg_coil_prob,-0.2359600862268041,0.06401179628610433,-0.23618708991786638,-0.3001155818539345,0.07254378877532501,0.0003018587245331314,0.001,230,0.11887151802731774,0.004238599590319387,0.009768115942028987
A0A4D6M434,avg_mito_targeting,-0.15851418096863035,0.2325126802690607,-0.1605243050644088,-0.6044139684158526,0.6824357205615116,0.4536741718384091,0.494,24,0.12173675927363474,0.7013219995850636,0.7465381165919283
A0A4D6M434,avg_nes,0.10454149438793933,0.07175315993824255,0.10463971117483749,-0.06064008237398859,0.829408315137572,0.12261114946129253,0.148,219,0.1225240497002957,0.3359346127516714,0.382191570881226
A0A4D6M434,avg_nis,0.006780429634000168,0.06344166758226259,0.007434156843000745,0.07519818739077501,0.2636344894065583,0.9087861483900793,0.906,240,0.12213134979084375,0.9615727849527683,0.9526427457098284
