base_origin,feature,r_mean,r_std,r_full,slope_mean,slope_std,p_value,bootstrap_p,n_samples,mean_pooled_se,p_adj,bootstrap_p_adj
syn_LEA_1,nardini_Frac A_raw,0.5450826372812095,0.11019333210484236,0.5546977038676031,1.7902175798344788,0.4743901625329988,5.144659398819265e-06,0.001,59,0.19670852698325994,0.00015222139280035826,0.008824561403508771
syn_LEA_1,nardini_Frac C_raw,-0.11839716912234527,0.2831020365433462,-0.129346053397994,-0.6897901995368252,4.352729712305715,0.645922895774361,0.68,15,0.36507241502906146,0.812214610252778,0.82818401937046
syn_LEA_1,nardini_Frac D_raw,0.022834774226159604,0.12468970019135044,0.02070355740038597,-0.21029469613201682,1.96822535541426,0.8785072578379709,0.842,57,0.1863848159239132,0.9408051173805796,0.9177161430119176
syn_LEA_1,nardini_Frac E_raw,-0.05487346650675965,0.12419793712922292,-0.05147463956983796,-0.5386550913168229,1.1889117018297832,0.6886766970137951,0.648,63,0.17828038768630963,0.8357162330468972,0.8087450980392157
syn_LEA_1,nardini_Frac F_raw,-0.04011682834838629,0.2839104284909185,-0.04092642562583738,6.255076455512659,11.190539791399887,0.8848565438466963,0.864,15,0.2952428524211932,0.9426590824895916,0.9326008583690988
syn_LEA_1,nardini_Frac G_raw,-0.13018708540198218,0.19523905028532265,-0.13517121700211454,-2.040726356288727,3.173440386216833,0.5102971393634286,0.506,26,0.2521728104629055,0.7141220340420407,0.7129355742296919
syn_LEA_1,nardini_Frac H_raw,-0.337817642994605,0.19315158883029448,-0.33692737174868786,-6.999104633924216,12.627233369725268,0.07389373452006519,0.104,29,0.2312079580036963,0.22872952900672486,0.28276756756756755
syn_LEA_1,nardini_Frac I_raw,-0.4785847619672661,0.09680326929902146,-0.48268213229511897,-1.3054197998334434,1.1678191129871143,0.00014321388242757993,0.001,57,0.20284617635953275,0.001973605009892403,0.008824561403508771
syn_LEA_1,nardini_Frac K_raw,0.24498703725833637,0.11276442302894153,0.2461816987826526,0.6613003898349373,0.6195369645654886,0.057947333007204824,0.034,60,0.19745146886888457,0.19367115284135566,0.13847773279352227
syn_LEA_1,nardini_Frac L_raw,-0.6047164457454944,0.0808863998627161,-0.6142024449170455,-5.872650133838819,1.0767073337544395,1.989565647122713e-08,0.001,69,0.1863584057040769,2.001503041005449e-06,0.008824561403508771
syn_LEA_1,nardini_Frac M_raw,-0.5705583777734275,0.09298700482082256,-0.5826574836372135,-4.071788932880274,1.394749815841466,5.846035874499583e-06,0.001,52,0.20443217585762616,0.0001633642247151828,0.008824561403508771
syn_LEA_1,nardini_Frac N_raw,-0.2805853371684784,0.1161974237225171,-0.2793817136991459,-2.11205891988821,1.8973084094380506,0.03885766154385651,0.022,55,0.19917064819140667,0.14695792298165283,0.1010593607305936
syn_LEA_1,nardini_Frac P_raw,-0.5832234478281492,0.14160587740495964,-0.5965510049419286,-8.369994399676052,3.4462708674856155,0.0012968038336571396,0.001,26,0.2532890801117191,0.011445592092350288,0.008824561403508771
syn_LEA_1,nardini_Frac Q_raw,-0.2242284726355284,0.11506408233267928,-0.22795969901805266,-0.6797690076105138,0.6926379803523446,0.0941536861339689,0.06,55,0.13539270955964963,0.2654848344813125,0.1979016393442623
syn_LEA_1,nardini_Frac R_raw,-0.22483836878470778,0.12709373716998143,-0.23006257378713857,-0.5115864149187509,1.171219701606778,0.09421280905549557,0.072,54,0.2038951251792459,0.2654848344813125,0.2208292682926829
syn_LEA_1,nardini_Frac S_raw,0.44901971908773336,0.10160074806733675,0.460787484632284,2.520229866178121,0.8919785381963271,0.0012702977508114168,0.001,46,0.15875848941816798,0.011409995868895404,0.008824561403508771
syn_LEA_1,nardini_Frac T_raw,-0.48953293736113834,0.13991437770537657,-0.49650521380222,-3.912915492886241,2.2662622774371513,0.00038578252100361697,0.002,47,0.15250196266169466,0.004507403843224109,0.01426950354609929
syn_LEA_1,nardini_Frac V_raw,-0.09027257209844822,0.1268384633109576,-0.08922378908346607,0.4819342637748733,2.25626807613232,0.5131526875134129,0.498,56,0.15525031155613464,0.7141220340420407,0.709614730878187
syn_LEA_1,nardini_Frac W_raw,-0.33350159085135267,0.5661378923393086,-0.33394720739540396,-4.138669482638909,7.930903725537476,0.5177002083054396,0.40447154471544716,6,0.1325482875081249,0.714246993125337,0.6357787093495935
syn_LEA_1,nardini_Frac Y_raw,0.4655798798684198,0.37779889384061854,0.5122717640554155,13.702165119870715,20.61753397385223,0.2398053912767625,0.22336065573770492,7,0.2525191338685474,0.4693467385689165,0.45524040404040406
syn_LEA_1,nardini_Frac K+R_raw,0.1778524505605959,0.18004020973303742,0.17909750940466437,0.3967568252399788,0.5297043869635257,0.3618260707468859,0.332,28,0.1553610136477619,0.5977439415592624,0.575848275862069
syn_LEA_1,nardini_Frac D+E_raw,-0.1935189668782778,0.17453857536453268,-0.18954866913781232,-0.4496903543163472,0.3470540800252887,0.3340119323744417,0.27,28,0.12025850964670833,0.5712179497997538,0.5030000000000001
syn_LEA_1,nardini_Frac Polar_raw,-0.3505506563620629,0.14144221287547956,-0.35592840674050896,-1.392875182512163,0.7442142224302271,0.020700615959999207,0.01,42,0.20277731869493398,0.0964112021099963,0.05408602150537634
syn_LEA_1,nardini_Frac Aliphatic_raw,0.5253793698205127,0.1350888301192182,0.539110981945301,2.097214506376101,0.8632315384608086,0.0010023902348401572,0.001,34,0.21486713857730638,0.009251418130726588,0.008824561403508771
syn_LEA_1,nardini_Frac Aromatic_raw,0.1127803632025055,0.25180255383107003,0.12261993509187416,7.239674437447447,7.687937367347914,0.6170072950243819,0.654,19,0.3133528462589819,0.7939717532650131,0.8087450980392157
syn_LEA_1,nardini_R/K Ratio_raw,-0.19569593251974113,0.09696415462792227,-0.1951643537842913,-0.09360253509438765,0.11338490639755602,0.03744538397751253,0.036,114,0.153653736506095,0.14323215316113155,0.1425826771653543
syn_LEA_1,nardini_E/D Ratio_raw,-0.08894415355225033,0.12706354272090542,-0.0774549596141157,-0.07033782215710775,0.3037729803404193,0.5462584011078409,0.492,63,0.17828038768630963,0.7362780941938117,0.7060656205420828
syn_LEA_1,nardini_Frac Chain Expanding_raw,-0.05865920762432639,0.1761888811274011,-0.06544127207166402,-0.8127200577174806,0.6402877828012746,0.7219565478932184,0.686,32,0.23394106849398077,0.8474775813075586,0.8314650602409639
syn_LEA_1,nardini_FCR_raw,0.04355534748895162,0.2778068163141158,0.04310397127123651,0.005566839407176806,0.3100177533520613,0.8695261042874448,0.822,17,0.12103435844655396,0.937559765180246,0.9087164835164835
syn_LEA_1,nardini_NCPR_raw,0.20759306244222384,0.18588841777778664,0.21756203456669695,0.5467623035468464,0.47655258689094343,0.31865952151678517,0.274,23,0.17188393967035998,0.5564187490750855,0.5066985294117647
syn_LEA_1,nardini_Hydrophobicity_raw,-0.28914673304560917,0.31201040961836846,-0.31468531468531474,-0.18333042654926648,0.4296280103019714,0.31913878550330455,0.368,12,0.2828642094744784,0.5564187490750855,0.6122039473684211
syn_LEA_1,nardini_Disorder Promoting_raw,0.6440230563701721,0.08205916725526283,0.6561444539844941,1.2554725681741874,0.3135879428843789,7.403737480083467e-07,0.001,46,0.13206239955437263,3.103399960401653e-05,0.008824561403508771
syn_LEA_1,nardini_Iso point_raw,0.34615392519270505,0.15120413337029745,0.3558165355543955,0.05357917456438589,0.031252232234033665,0.05363596427875996,0.03,30,0.24336600286489926,0.18577540312542687,0.12627615062761505
syn_LEA_1,nardini_PPII_raw,-0.24339260024114304,0.3974559336064019,-0.19999999999999998,-1.704160667723322,7.5471319407938,0.5795840000000001,0.568,10,0.08849738236249786,0.7718215791481489,0.7608628495339547
syn_LEA_1,nardini_A Patch_raw,0.6620443439353935,0.07598468182240913,0.6822860569528441,0.9167289176849699,0.14650179462326918,8.81721657687709e-06,0.001,34,0.11456822173465729,0.0002163443872277647,0.008824561403508771
syn_LEA_1,nardini_E Patch_raw,0.19080830076917413,0.26668213961255205,0.20354430632521162,0.6055991886035667,0.995265662089416,0.48520959851334666,0.436,14,0.09958948483796268,0.694339766862627,0.665578148710167
syn_LEA_1,nardini_I Patch_raw,0.20736663564928265,0.5622432229022701,0.17654696590094993,-0.40616122155134343,3.6185384227403192,0.7379309324353431,0.6258776328986961,6,0.18066197903767325,0.8592112477198556,0.7970036692355548
syn_LEA_1,nardini_K Patch_raw,0.10448487992669624,0.21020606921099314,0.10287862063621665,0.8695994347937667,0.7133568171668383,0.6096058896097527,0.6,27,0.2021505901938043,0.7892709458782641,0.7840309677419355
syn_LEA_1,nardini_Q Patch_raw,-0.02790193338869345,0.5908666388384872,-0.02898855178262242,0.40801288672226715,2.3245459480930353,0.9565293523898406,0.9218436873747495,6,0.11304501818298496,0.9739560005103033,0.9572053663570692
syn_LEA_1,nardini_Frac A_zscore,0.5075784845926199,0.11012309713749893,0.5112761882228947,0.060697759069924584,0.016928561448706646,4.8185444991911904e-05,0.002,57,0.17859537915862872,0.0008504308361730416,0.01426950354609929
syn_LEA_1,nardini_Frac D_zscore,0.10240868832578182,0.10076561468270673,0.10355429174536761,0.02608156637229652,0.12971168275086442,0.283918543648644,0.294,109,0.15442078014843613,0.5165201264228813,0.5290948121645795
syn_LEA_1,nardini_Frac E_zscore,-0.062399755773691744,0.12958637684607713,-0.06277236063907686,-0.034779564935313104,0.09632020269843157,0.6337363120983799,0.656,60,0.18109374732167377,0.8029455037417761,0.8087450980392157
syn_LEA_1,nardini_Frac G_zscore,0.18707285480040556,0.10297224572591504,0.1931796661775291,-0.013519553398969123,0.12760657037732526,0.04127553564545752,0.086,112,0.1547906493969378,0.15436129687483371,0.24885805345575462
syn_LEA_1,nardini_Frac H_zscore,0.15141432033916946,0.52611665586231,0.16840826742715195,0.46318528153618127,0.5042837524621308,0.7181381759448044,0.7487487487487487,7,0.2525191338685474,0.8459566803284231,0.8638087628913317
syn_LEA_1,nardini_Frac I_zscore,-0.024342076120825482,0.23047818054986224,-0.019541913497705527,0.0520827653320575,0.04973872867126211,0.9198547077381233,0.892,29,0.20270184195201785,0.9579439295906335,0.9475733896515312
syn_LEA_1,nardini_Frac K_zscore,0.27645556971678537,0.11669401502944322,0.2825096371390636,0.08601509171079577,0.0550971840418169,0.034892064717786574,0.034,56,0.20554802155801677,0.13874077907546756,0.13847773279352227
syn_LEA_1,nardini_Frac L_zscore,-0.2200357013728873,0.1488261900864247,-0.2251293791162089,-0.008793431225217594,0.073401894231474,0.11597480975052347,0.146,50,0.22033720462597245,0.30462312952748466,0.35053937947494035
syn_LEA_1,nardini_Frac M_zscore,-0.5733005799114929,0.09117096504945683,-0.5826574836372135,-0.08103845975927097,0.027895208757511343,5.846035874499583e-06,0.001,52,0.20443217585762616,0.0001633642247151828,0.008824561403508771
syn_LEA_1,nardini_Frac N_zscore,0.136356188006309,0.12346461912188592,0.1327258811395147,-0.05128412071804346,0.1325724631038408,0.24053383931811723,0.29,80,0.136291050350481,0.46985833466801147,0.523770197486535
syn_LEA_1,nardini_Frac P_zscore,-0.2707996693874597,0.10148581130340902,-0.27536341617708543,-0.4124366060432357,0.2059381808202947,0.0034438681232600815,0.012,111,0.15617888491714274,0.023729666657531796,0.06254922279792746
syn_LEA_1,nardini_Frac Q_zscore,0.06557553879508106,0.12894680157009145,0.07303232691548053,0.06156348582314384,0.03248558867863865,0.5306806779546849,0.606,76,0.17288863146475988,0.7253597310087133,0.7856134020618557
syn_LEA_1,nardini_Frac R_zscore,0.04026151186115864,0.11476356979660458,0.04947055423219217,0.019488758456498743,0.03850726794751254,0.6569448588364944,0.714,83,0.1399250277436758,0.8179288712741503,0.8440470035252644
syn_LEA_1,nardini_Frac S_zscore,0.3938339151053807,0.09879638248161972,0.39596448327349293,0.24355538363477283,0.07645566136876965,1.6949101786256025e-05,0.001,111,0.15326770780291565,0.000396530148766827,0.008824561403508771
syn_LEA_1,nardini_Frac T_zscore,-0.08414372935870111,0.12123161416012425,-0.08021759278909048,-0.102748561349821,0.19810682027970558,0.4497283801607277,0.462,91,0.16912464282234912,0.6663133290746569,0.6834319180087849
syn_LEA_1,nardini_Frac V_zscore,-0.0471621250190169,0.13128991908955193,-0.0509928438672526,-0.02175238484845513,0.02933992054607479,0.727868977877566,0.722,49,0.14024246325575584,0.8504485386118832,0.8505058548009368
syn_LEA_1,nardini_Frac K+R_zscore,0.22139357710186447,0.1907057421451901,0.23681902636028096,0.07537748508373986,0.05701358667433314,0.25437798506787174,0.238,25,0.1627258831097622,0.48375095080960107,0.46854794520547943
syn_LEA_1,nardini_Frac D+E_zscore,-0.2010401851586337,0.18624555499791842,-0.1970129117470659,-0.06135692204813279,0.0675029301253268,0.27979978118095356,0.268,32,0.20704880220695845,0.5136470435548163,0.5002003710575139
syn_LEA_1,nardini_Frac Polar_zscore,-0.20812389676734563,0.10109019633291572,-0.20930315079046863,-0.1237882605880652,0.09031047945493018,0.02542172896918424,0.054,114,0.153653736506095,0.112226433927465,0.18604109589041096
syn_LEA_1,nardini_Frac Aliphatic_zscore,0.5454723113132756,0.13708361771087962,0.5492701223825277,0.11016944453969464,0.04571090286697823,0.0006325728904475629,0.001,35,0.21088568971580518,0.006178333279516973,0.008824561403508771
syn_LEA_1,nardini_R/K Ratio_zscore,-0.20833168448274425,0.10209262339231905,-0.2122970361061054,-0.04352368711408269,0.05086716317486012,0.025290769420831635,0.04,111,0.15526634826397792,0.112226433927465,0.1524242424242424
syn_LEA_1,nardini_E/D Ratio_zscore,-0.0923514145460448,0.14835786712515703,-0.09724627008836724,-0.0008077849014334755,0.10249001178939413,0.5062238092942934,0.554,49,0.19606068020588086,0.7120810619115953,0.7490913978494624
syn_LEA_1,nardini_Frac Chain Expanding_zscore,-0.2420456800751943,0.15319206992631623,-0.2509929550272361,-0.09931422288663144,0.07616811763927578,0.10448709644234119,0.12,43,0.2017786672725517,0.28630924876724495,0.31355844155844154
syn_LEA_1,nardini_FCR_zscore,0.07555380871518777,0.21842120516730562,0.06853108514185483,-0.003422055773409936,0.1151692980832802,0.7448059527641502,0.74,25,0.2796274652837737,0.8627239146952488,0.8586389850057671
syn_LEA_1,nardini_NCPR_zscore,0.28631246431428076,0.22583452516972063,0.3092047704747361,0.052105652560848356,0.03665482498038504,0.262111581966519,0.244,15,0.1167881402311399,0.49379073306801147,0.4747852998065764
syn_LEA_1,nardini_Hydrophobicity_zscore,-0.008201327886871067,0.21365288292298218,-0.02139038656546809,0.0803732337768546,0.10806402971040116,0.915661550023029,0.962,27,0.1788157089935016,0.9575421198785521,0.9795263157894737
syn_LEA_1,nardini_Disorder Promoting_zscore,0.3417907837004751,0.10197857425738949,0.3449281405043542,0.09361538841900559,0.021035799019910654,0.00017110177811017712,0.002,114,0.153653736506095,0.0023260593078221377,0.01426950354609929
syn_LEA_1,nardini_Iso point_zscore,0.24857940046750673,0.128511065680417,0.2541463741235115,0.19126644163621068,0.11159366292159076,0.0749119488459839,0.056,50,0.19110643779867614,0.23048024405115064,0.18841471571906354
syn_LEA_1,nardini_PPII_zscore,-0.201532524036259,0.12946483818566018,-0.20831225851931082,-0.20050535231610653,0.13946822804173592,0.08825120529820671,0.14,68,0.14680032837126203,0.254385995787954,0.342676399026764
syn_LEA_1,cider_kappa,0.006816990916018162,0.1341860831815593,0.008847836659970111,-0.0345339075733548,0.12320336262608958,0.9479184018345266,0.976,57,0.16055021177636697,0.9686844652229899,0.9857991967871486
syn_LEA_1,cider_omega,0.12047732910494571,0.10614108849464786,0.12205382175327692,0.339095595286144,0.21945886015596702,0.27467188407943466,0.256,82,0.1577844768969732,0.5088764555873136,0.48500188323917137
syn_LEA_1,cider_delta,-0.03012330080325132,0.1265010971936182,-0.034995079577082255,0.0662659720604787,0.49568339363775865,0.7854021241204558,0.8,63,0.1531506560388342,0.8858023642421612,0.892239467849224
syn_LEA_1,cider_mean_net_charge,0.25680300267662104,0.20604881738607014,0.2705793220134022,1.1965570510597487,0.9275554262384993,0.2232518568305868,0.234,22,0.1758301979974272,0.4574162280480047,0.46707142857142864
syn_LEA_1,cider_fraction_neutral,-0.03654772087755589,0.263208791778225,-0.04310397127123651,0.0032474289793006867,0.29634954680746045,0.8695261042874448,0.862,17,0.12103435844655396,0.937559765180246,0.9324430107526881
syn_LEA_1,sparrow_SCD,0.1868494998090786,0.07963727137189648,0.1877692753015141,0.005414023739523273,0.006665001885561286,0.04543935766245968,0.016,114,0.153653736506095,0.16502524840590047,0.0777584541062802
syn_LEA_1,sparrow_SHD,-0.45276601843055697,0.2790902369079057,-0.4909090909090909,-1.0389580323600514,1.1021312908327925,0.12520440713849534,0.14,11,0.20506681101441754,0.31806978177102607,0.342676399026764
syn_LEA_1,sparrow_complexity,-0.6757108160093838,0.13338196647720663,-0.6911330049261083,-1.6480799376148925,0.2134677736599056,3.310168349798731e-05,0.001,29,0.09494231529566802,0.0006529469333132398,0.008824561403508771
syn_LEA_1,sparrow_scaled_rg,0.3049568935313664,0.35544767534029786,0.31666666666666665,0.005501475417531343,0.015679399796152904,0.4063970144863861,0.386,9,0.1100461888761123,0.6368152594599756,0.6273279483037156
syn_LEA_1,sparrow_scaled_re,-0.03324034593540883,0.25249847131104486,-0.04175824175824176,2.425162636946643e-06,0.004081625930250687,0.8872869731890637,0.946,14,0.11052124472009703,0.9426590824895916,0.9740798362333674
syn_LEA_1,sparrow_prefactor,0.20936755818856329,0.254665468142491,0.21428571428571427,0.060303437917168495,0.08609166328140969,0.44314093482351424,0.42,15,0.19176832204004185,0.6663133290746569,0.6530448222565687
syn_LEA_1,sparrow_scaling_exponent,0.2436499254771127,0.27050534537053117,0.25274725274725274,0.43996248782953307,0.8865574660518456,0.40477407127094656,0.356,13,0.10546263817111863,0.6352616469556509,0.6039392917369308
syn_LEA_1,sparrow_asphericity,0.2543767709585292,0.26084834542677804,0.2657342657342658,0.36825693164900974,1.0882475715966877,0.40383308831471165,0.332,12,0.08091219236669063,0.6347751356946874,0.575848275862069
syn_LEA_1,mpipi_epsilon_self,0.34134207698488844,0.09867534575281148,0.3475280705484514,0.015072166774701795,0.011347935150449878,0.0011994542413668002,0.002,84,0.17098273788808205,0.010870729430765776,0.01426950354609929
syn_LEA_1,calvados_epsilon_self,0.3553015166972015,0.09555938756730183,0.3551502655335427,0.015552547261155944,0.0045285609061580375,0.00038427760735675195,0.001,96,0.15060708772428982,0.004507403843224109,0.008824561403508771
syn_LEA_1,avg_helix_prob,0.0681369877850476,0.09506604098971688,0.07234086668048932,0.3734830576811228,0.30585028770019373,0.4633379635417758,0.496,105,0.15195574767085537,0.6755333207580094,0.709614730878187
syn_LEA_1,avg_beta_prob,-0.35424957385548733,0.09467817905535972,-0.3566132504185602,-0.7358224372040563,0.5914826774944704,0.00011367057659842337,0.001,112,0.1536022124606608,0.0016816558832060868,0.008824561403508771
syn_LEA_1,avg_coil_prob,0.051606594316360645,0.11695416827963678,0.0470493891221284,-0.10288762937032025,0.3426120150692665,0.6670706822442986,0.674,86,0.13497786577930457,0.8205003956726453,0.8228689320388349
syn_LEA_1,avg_mito_targeting,0.25851080761600487,0.3528854168529918,0.2735574946560291,0.40417892313228504,0.41316736168781504,0.44439914146883686,0.446,10,0.1227979921240377,0.6663133290746569,0.6726776611694153
syn_LEA_1,avg_nes,0.008890804684741453,0.08905102404723528,0.014057877309508415,1.0063942337718523,0.8075874124749269,0.8857255897015004,0.908,107,0.1471022720330708,0.9426590824895916,0.9534947807933195
syn_LEA_1,avg_nis,0.17307905801640924,0.0909838610508852,0.1718146718146718,1.0222614248331783,0.580443141550996,0.07007705745224653,0.068,112,0.1537880005189871,0.220138817336058,0.2157981072555205
At2g46140_tile7,nardini_Frac A_raw,0.6886112843274946,0.07936317137108542,0.6999960650914977,2.38970030448525,0.2063689926258482,7.695714330807994e-09,0.001,52,0.13949168079267432,1.105984088113263e-06,0.008824561403508771
At2g46140_tile7,nardini_Frac C_raw,-0.45764910724694596,0.13128881699052788,-0.46274719913765183,-1.109013253446089,0.8253027122869945,0.008759957764046878,0.002,31,0.09740103983791573,0.049231941400174076,0.01426950354609929
At2g46140_tile7,nardini_Frac D_raw,-0.04688577871668423,0.13544651899313453,-0.043531993833883814,-0.7829750417943496,2.111077117447265,0.7478084031950863,0.74,57,0.15793883526079533,0.8627239146952488,0.8586389850057671
At2g46140_tile7,nardini_Frac E_raw,0.16197084056482658,0.1361896908044,0.1600140239343323,4.102848575085785,3.1765765842003155,0.23878189112283882,0.242,56,0.16096819946865462,0.4693467385689165,0.4727223300970873
At2g46140_tile7,nardini_Frac F_raw,-0.6188588117756014,0.1063213658368874,-0.6287487030958009,-11.264556425984646,1.687259914957872,1.705356594585105e-06,0.001,48,0.14338871435693248,6.354032348713392e-05,0.008824561403508771
At2g46140_tile7,nardini_Frac G_raw,-0.549422280767546,0.1314051913387978,-0.5584967185021562,-10.730703359767096,3.0253604671495653,0.0005975775725428298,0.001,34,0.12696464142056937,0.005893755274294968,0.008824561403508771
At2g46140_tile7,nardini_Frac H_raw,-0.37623279670497956,0.3174314796601981,-0.40009056945661187,-3.5389090418994336,2.6374725544388165,0.28598579564368276,0.246,9,0.23802959340590835,0.5165201264228813,0.47500191938579656
At2g46140_tile7,nardini_Frac I_raw,-0.6307364161499239,0.09376058790311186,-0.6368111533439386,-5.275904331306206,1.6450662780055785,7.712399586427733e-08,0.001,58,0.13727237055253538,5.9682107568817684e-06,0.008824561403508771
At2g46140_tile7,nardini_Frac K_raw,0.2535880224637196,0.12842593669502617,0.25457562835597913,4.49050585685305,2.8245953032216526,0.05599953856902412,0.054,57,0.16024691711037084,0.19067535878981134,0.18604109589041096
At2g46140_tile7,nardini_Frac L_raw,-0.5522551937600789,0.09865531264852706,-0.5584964520676949,-11.046991171560604,1.8663010376464455,9.379976885025232e-06,0.001,55,0.13785958300429024,0.000224672779674652,0.008824561403508771
At2g46140_tile7,nardini_Frac M_raw,-0.6318598210117836,0.08961513334412517,-0.6426365417076649,-9.413401769465185,1.7632108568263996,9.309813176448582e-08,0.001,56,0.131617303523481,6.243781370338182e-06,0.008824561403508771
At2g46140_tile7,nardini_Frac N_raw,-0.17674185022311636,0.20395016026241458,-0.18003342026421762,-3.107998559559847,2.6774485710378477,0.36887165558128465,0.394,27,0.22504358856227824,0.6055793871411546,0.6323428571428572
At2g46140_tile7,nardini_Frac P_raw,-0.7801813589051612,0.07513366417419594,-0.7998191038713856,-13.692432975458523,1.8668277953929233,1.9317740536657688e-07,0.001,29,0.12973901030522977,1.1431557046986844e-05,0.008824561403508771
At2g46140_tile7,nardini_Frac Q_raw,-0.5638204136034903,0.09222921630069598,-0.5690032950268752,-10.159034565891213,2.318745511626114,2.0992099954533474e-06,0.001,60,0.15167312004473094,7.282087087676095e-05,0.008824561403508771
At2g46140_tile7,nardini_Frac R_raw,-0.5422664590159432,0.10162044564635592,-0.5478810802699327,-7.701424364476468,1.7284754606477728,8.52956222468942e-06,0.001,58,0.15782300630561943,0.0002163443872277647,0.008824561403508771
At2g46140_tile7,nardini_Frac S_raw,0.6656366138373734,0.06092410840161747,0.6826540312484757,8.329417576360473,0.947392137667763,2.4840935047706503e-08,0.001,52,0.14150659423125947,2.2718164234538855e-06,0.008824561403508771
At2g46140_tile7,nardini_Frac T_raw,-0.7151854701577761,0.07693662425626548,-0.7225325607447939,-7.306604799571039,0.8719914670727801,2.1531749000787644e-09,0.001,51,0.14093037510751502,4.3321878989584736e-07,0.008824561403508771
At2g46140_tile7,nardini_Frac V_raw,0.28632410748436193,0.13384231710011638,0.28733470714493337,6.763707479188632,2.395093732753555,0.03514236282077513,0.026,54,0.1426947306259174,0.13918589369173143,0.11372173913043478
At2g46140_tile7,nardini_Frac W_raw,-0.35657031067897493,0.10556270621654311,-0.36711905806165646,-10.677747837221307,5.280986538169984,0.009464837624888566,0.002,49,0.14458305121021833,0.05260567210297181,0.01426950354609929
At2g46140_tile7,nardini_Frac Y_raw,-0.26695716291333677,0.11706172895542774,-0.2699489422210298,-12.946684505936627,3.2911801757522436,0.044212051918178015,0.036,56,0.13516950896279203,0.16232600083827403,0.1425826771653543
At2g46140_tile7,nardini_Frac K+R_raw,-0.2773322299030407,0.22946155780299268,-0.2795602260039298,-0.12379747355920094,1.2108714767337587,0.20766247416383055,0.232,22,0.20185098104944002,0.43704696445358476,0.46492430278884467
At2g46140_tile7,nardini_Frac D+E_raw,0.1742637257446397,0.2246608427687241,0.18122443532063914,1.133237050710685,1.2446969688180376,0.3967332956144729,0.42,24,0.15517867805250649,0.6302544380428051,0.6530448222565687
At2g46140_tile7,nardini_Frac Polar_raw,-0.6351345680697661,0.10120938919105697,-0.6463715574388892,-3.0915800891370693,0.6739790635528269,6.623510976039367e-06,0.001,40,0.1310371536978731,0.00017534873794462116,0.008824561403508771
At2g46140_tile7,nardini_Frac Aliphatic_raw,0.7364807986555663,0.08543603735557755,0.7540567771674538,2.2400384789683407,0.23375012453925714,2.6145368695371773e-07,0.001,34,0.12879143431637907,1.3151120453772e-05,0.008824561403508771
At2g46140_tile7,nardini_Frac Aromatic_raw,-0.7011538101142808,0.07966066395468914,-0.7155927363685749,-10.648091123178167,1.5664630296300097,6.039108542172754e-06,0.001,31,0.13406960035559895,0.00016419846468718354,0.008824561403508771
At2g46140_tile7,nardini_R/K Ratio_raw,-0.3564891858101365,0.09186088301097547,-0.36148514484662075,-0.6250590680910709,0.13339992015393964,5.3639009479103096e-05,0.001,119,0.1472484590443563,0.0009157232771075561,0.008824561403508771
At2g46140_tile7,nardini_E/D Ratio_raw,0.0007282640259962725,0.10074628962063173,-0.0029051922369188053,0.1552837395980811,0.13188680838753356,0.9749844735043953,0.984,119,0.1472484590443563,0.983785737558096,0.9869431704885344
At2g46140_tile7,nardini_Frac Chain Expanding_raw,-0.38564486630232797,0.21548674152094136,-0.3846580698793633,-2.3504336127328918,1.5634706352071934,0.027083131048626183,0.074,33,0.162887833089536,0.11743805963326698,0.226273556231003
At2g46140_tile7,nardini_FCR_raw,0.09067956345643308,0.31085448595667126,0.09883394035165899,0.8040965232809767,1.0285157977062536,0.7260130759132631,0.806,15,0.2676876776624051,0.8502551273210044,0.8969424778761063
At2g46140_tile7,nardini_NCPR_raw,-0.11801917350899543,0.08238714144386167,-0.11897703079144652,-1.3984937811659548,0.8326489097840961,0.19747822533960652,0.156,119,0.1472484590443563,0.43000669846676226,0.36753161592505856
At2g46140_tile7,nardini_Hydrophobicity_raw,0.22732150837916476,0.2669434364182092,0.2527472527472528,0.07094973920922082,0.0799544677733113,0.3833149644785111,0.394,14,0.1937850379657801,0.6199595727739263,0.6323428571428572
At2g46140_tile7,nardini_Disorder Promoting_raw,0.5905590046134546,0.09659300079147769,0.6076434612807118,2.9419597256840597,0.4520894216768635,3.654642864610159e-06,0.001,49,0.16169858818250907,0.00011141123399387333,0.008824561403508771
At2g46140_tile7,nardini_Iso point_raw,-0.2778819577664342,0.2175071233656247,-0.2930849359793033,-0.023751737475216885,0.016913819626004314,0.19726613614282054,0.224,21,0.2077421855710834,0.43000669846676226,0.45524040404040406
At2g46140_tile7,nardini_PPII_raw,-0.3006863463822091,0.34274064805936044,-0.34309923758984645,-3.9574686430012087,7.492011094845096,0.36602924302380385,0.358,9,0.2226999965985589,0.6026602593812548,0.605290756302521
At2g46140_tile7,nardini_A Patch_raw,0.7412040678311197,0.07216339468357422,0.7632814065387762,1.7440615925539655,0.16326951468714984,5.926517731814005e-07,0.001,31,0.10744532200388318,2.7100349264567674e-05,0.008824561403508771
At2g46140_tile7,nardini_D Patch_raw,-0.03994129971978303,0.20862268711136636,-0.050010891760898096,-0.44168529904080545,2.041609993376408,0.8043490691364397,0.882,27,0.15596083053424897,0.8951052694151087,0.9459402985074626
At2g46140_tile7,nardini_I Patch_raw,-0.3939591546191302,0.288190559964898,-0.4311196305715339,-1.8357459155468692,1.2687219067429119,0.16173744312984717,0.188,12,0.12020589032539279,0.3731831830014364,0.4175011037527594
At2g46140_tile7,nardini_K Patch_raw,0.07327666050584457,0.5211934398392767,0.14285714285714288,-2.699751215215348,9.187614112574488,0.7871720116618075,0.788,6,0.11120491457001301,0.8858023642421612,0.8877133258678612
At2g46140_tile7,nardini_L Patch_raw,0.25572716029250725,0.4923823349055561,0.26482044885142486,5.172778107760443,15.19337067018777,0.6120552385657049,0.47847847847847846,6,0.25157218203593973,0.7904076636676497,0.695591545302528
At2g46140_tile7,nardini_S Patch_raw,-0.028556656650241492,0.35350756293886876,-0.018293022999573125,0.8125231731177662,3.4865728640574734,0.9599974002377397,0.972,10,0.1110681294518356,0.9761653833892742,0.9837344064386319
At2g46140_tile7,nardini_T Patch_raw,0.21272877517426964,0.25509317161539985,0.22294538392866642,1.5355017295875772,1.4655309215148806,0.42447352897462864,0.4,15,0.14179148543503867,0.6509456862019457,0.6337007874015749
At2g46140_tile7,nardini_V Patch_raw,-0.04447955522135497,0.07946824525749985,-0.044617164287680644,-1.7775040342540198,1.3134995569651782,0.6497270052854651,0.594,106,0.1499165927157342,0.8129668747726093,0.7790925684485006
At2g46140_tile7,nardini_Frac A_zscore,0.32157300328373706,0.10040227677333263,0.32573168974512823,0.08510170081279045,0.007028986454393435,0.00035962367589038185,0.008,116,0.1479825763033484,0.004449551183721382,0.045213483146067414
At2g46140_tile7,nardini_Frac C_zscore,0.5945411167937606,0.23186062870438806,0.6234685568211282,0.025511636423892807,0.006112832358232814,0.03029935469272749,0.044,12,0.12570798794593968,0.12807206227262125,0.16333579335793358
At2g46140_tile7,nardini_Frac D_zscore,-0.11149570339383658,0.1435664591589333,-0.11377852196139818,-0.1780300154151102,0.10332632899511451,0.41267267497352866,0.436,54,0.1390637380873105,0.6403804009922296,0.665578148710167
At2g46140_tile7,nardini_Frac E_zscore,0.037009966341433935,0.10054257390500329,0.03507326241934986,0.11921990847897561,0.12536397057163723,0.711034572095295,0.718,114,0.13918365204951372,0.8417611530128872,0.8477793427230046
At2g46140_tile7,nardini_Frac F_zscore,-0.4029536189384176,0.16345916041696562,-0.4113139563682502,-0.143399721651364,0.05343207451329977,0.012695541375629251,0.014,36,0.16663763023008113,0.06617468717037837,0.06972277227722772
At2g46140_tile7,nardini_Frac G_zscore,-0.5541906254198316,0.12528301020792265,-0.5584967185021562,-0.4538687325912989,0.12738135700484307,0.0005975775725428298,0.001,34,0.12696464142056937,0.005893755274294968,0.008824561403508771
At2g46140_tile7,nardini_Frac I_zscore,-0.26583774440047275,0.16736010778048518,-0.27923600656165826,-0.03983464886387864,0.023221214394952956,0.09909032547067352,0.14,36,0.17144053649126423,0.27690240950971545,0.342676399026764
At2g46140_tile7,nardini_Frac K_zscore,0.13304709581963323,0.10012373673616363,0.1353808179086085,0.19470005836642548,0.20003856460457084,0.15095613691027904,0.188,114,0.1379881134635365,0.3581647965371243,0.4175011037527594
At2g46140_tile7,nardini_Frac L_zscore,-0.1366578493837616,0.17169883844306547,-0.13892797647500427,-0.15158930645986574,0.08268908238518187,0.41904472525031944,0.424,36,0.13916573734858817,0.6445856171281672,0.6572326656394453
At2g46140_tile7,nardini_Frac M_zscore,-0.6384443313449141,0.09055459788893293,-0.6426365417076649,-0.18633162134285727,0.034627395442519616,9.309813176448582e-08,0.001,56,0.131617303523481,6.243781370338182e-06,0.008824561403508771
At2g46140_tile7,nardini_Frac P_zscore,-0.8111126746492223,0.07209513738107859,-0.8283109535310288,-0.7363989725138028,0.09700245098245273,1.4818054741928147e-09,0.001,34,0.12781454390845604,3.726740767594929e-07,0.008824561403508771
At2g46140_tile7,nardini_Frac Q_zscore,-0.27507258872775026,0.1115872786041374,-0.27835516582148984,-0.33165086252426806,0.1299919463369396,0.00825899386974705,0.024,89,0.16657122047995046,0.04720765814184961,0.10875675675675676
At2g46140_tile7,nardini_Frac R_zscore,-0.1637781542577953,0.11345701639270336,-0.16551839221112966,-0.20177920744721836,0.057040249595490776,0.12328019596358729,0.148,88,0.14737556017298542,0.31709975617132147,0.3544952380952381
At2g46140_tile7,nardini_Frac S_zscore,0.56920821034209,0.06839091543445991,0.5786816271208315,0.7410530459665529,0.08559727768844826,8.28235455602986e-12,0.001,117,0.1478769189414186,4.16602434168302e-09,0.008824561403508771
At2g46140_tile7,nardini_Frac T_zscore,-0.45900568815852116,0.16567568752191883,-0.47039882508645553,-0.2261845587307621,0.07282808279112363,0.006589693676029818,0.016,32,0.18027964435483246,0.040009760805585715,0.0777584541062802
At2g46140_tile7,nardini_Frac V_zscore,0.217037326593501,0.13872933657098968,0.2256413331282254,0.15663095071917474,0.07593962166230264,0.11137099298559591,0.132,51,0.14410416586439767,0.29561799193538124,0.3344886649874056
At2g46140_tile7,nardini_Frac W_zscore,-0.10467311384141291,0.29674864918350335,-0.11896358330318636,-0.0060517634336389615,0.026412489832241395,0.7275526683519425,0.7014028056112225,11,0.20815358725720945,0.8504485386118832,0.8407285714285714
At2g46140_tile7,nardini_Frac Y_zscore,-0.25086355906132574,0.24774160139356982,-0.26612408684529343,-0.0918870824196036,0.06736907374789099,0.28578598882923745,0.326,18,0.1489494093207101,0.5165201264228813,0.5693680555555556
At2g46140_tile7,nardini_Frac K+R_zscore,-0.1793285164604404,0.08380944741095313,-0.18291480947775207,-0.26471560501370833,0.08488899410358447,0.049375816896888164,0.046,116,0.13771171314328065,0.17673641069248022,0.16889051094890511
At2g46140_tile7,nardini_Frac D+E_zscore,0.04127321727363443,0.09028548465397321,0.03858045401274715,-0.04912040885653064,0.17673747947686266,0.6809424855330203,0.672,116,0.13818530063041232,0.8293318891600706,0.8224233576642336
At2g46140_tile7,nardini_Frac Polar_zscore,-0.41246931302669726,0.09082887459433174,-0.4177682899772244,-0.36531242947063197,0.09561537048259125,2.2759656330751175e-06,0.001,119,0.1472484590443563,7.632071422911894e-05,0.008824561403508771
At2g46140_tile7,nardini_Frac Aliphatic_zscore,0.7391618975076433,0.08606966542418061,0.7540567771674538,0.11962366996091206,0.012435184955014047,2.6145368695371773e-07,0.001,34,0.12879143431637907,1.3151120453772e-05,0.008824561403508771
At2g46140_tile7,nardini_Frac Aromatic_zscore,-0.5393642631253208,0.14723163698603733,-0.562446568757011,-0.2481778063593511,0.0748588292857313,0.009837837775019186,0.006,20,0.17125628529542047,0.054081228424422416,0.0361437125748503
At2g46140_tile7,nardini_R/K Ratio_zscore,-0.31719025038294796,0.09979033703456297,-0.32611217657584873,-0.21228978158911171,0.04751054640211465,0.0004235591605163203,0.001,113,0.12932295172422442,0.004787646241341778,0.008824561403508771
At2g46140_tile7,nardini_E/D Ratio_zscore,0.021376954685430164,0.10504587132503095,0.018437706454766726,0.06689647563521577,0.044046612797578315,0.8442608520867911,0.814,116,0.13818530063041232,0.9262011092686062,0.9048441988950275
At2g46140_tile7,nardini_Frac Chain Expanding_zscore,-0.416198322612554,0.0923560793153314,-0.42163319354365536,-0.2545564522562064,0.14386157966838947,1.7924344313677464e-06,0.001,119,0.1472484590443563,6.439960849842689e-05,0.008824561403508771
At2g46140_tile7,nardini_FCR_zscore,-0.1378676190623254,0.08826088069735867,-0.13912339601052015,-0.26695665612464314,0.10370113089276418,0.13465943685562864,0.096,117,0.13758816974419272,0.33531533038802575,0.26976536312849164
At2g46140_tile7,nardini_NCPR_zscore,-0.09374538434041647,0.08039307970370539,-0.09513266567332926,-0.1471359543165468,0.10884483003872747,0.3075932733831729,0.234,117,0.13758816974419272,0.5449160052827483,0.46707142857142864
At2g46140_tile7,nardini_Hydrophobicity_zscore,0.23523237607328448,0.26643840362441074,0.2527472527472528,0.031226039258436544,0.031854714365540694,0.3833149644785111,0.354,14,0.1937850379657801,0.6199595727739263,0.6035999999999999
At2g46140_tile7,nardini_Disorder Promoting_zscore,0.2533959024685322,0.10339479641414305,0.25563011827408383,0.1589047110935876,0.023939434309703803,0.0050170131834220595,0.018,119,0.1472484590443563,0.03214723097148148,0.08622857142857142
At2g46140_tile7,nardini_Iso point_zscore,0.0012559767116532056,0.09492023994336904,-0.007410290021946805,-0.20556068127011168,0.05787477759336411,0.9362495396945828,0.992,119,0.1472484590443563,0.9632201259616163,0.9929870646766169
At2g46140_tile7,nardini_PPII_zscore,-0.08296497133620068,0.10689176945804921,-0.08924576146554679,-0.04246263336094567,0.15495140699348445,0.334440728063673,0.428,119,0.1472484590443563,0.5712179497997538,0.6603803680981596
At2g46140_tile7,nardini_V Patch_zscore,-0.32024893176918856,0.3600612148640006,-0.32489314482696546,-0.02764805915702904,0.02890487400998604,0.39362257008660934,0.37,9,0.11373250367727973,0.6285465166779826,0.6122039473684211
At2g46140_tile7,cider_kappa,0.20059208000547504,0.12361261490116625,0.21887513993824118,0.4802134419317754,0.2977149083638198,0.10839002587018742,0.098,55,0.16711415243229918,0.2905089747954293,0.27234254143646414
At2g46140_tile7,cider_omega,0.16761430346460618,0.12482141675408027,0.1790942168966865,-0.13138889545294075,0.58207743411957,0.135071095698167,0.194,71,0.1645352581748619,0.3355099315366815,0.42243290043290044
At2g46140_tile7,cider_delta,0.0640935468543459,0.1392376719149482,0.06443882701224637,3.7888641689359663,2.496843109190319,0.6277627646247788,0.652,59,0.15260160872029216,0.7988879720951301,0.8087450980392157
At2g46140_tile7,cider_mean_net_charge,-0.11943965627438928,0.24241684229619181,-0.11104045552690564,0.23659564289137655,1.5460387595338632,0.6318111479331248,0.62,21,0.2093406581516717,0.8015157816150359,0.7925285895806861
At2g46140_tile7,cider_fraction_neutral,-0.0272823961159363,0.3349751528708738,-0.035438495596916704,-0.8038276432936504,1.021405285162855,0.9042673845313843,0.912,14,0.27219752427330973,0.9515617038060383,0.9537130977130978
At2g46140_tile7,sparrow_SCD,-0.2062282095541176,0.08222428386426982,-0.20802652106520775,-0.04728850983043341,0.015130802682378442,0.02319275624911306,0.022,119,0.1472484590443563,0.1050987062459808,0.1010593607305936
At2g46140_tile7,sparrow_SHD,0.5752498268311076,0.12996366153057243,0.5992307692307692,1.1039295918825234,0.35908720471151706,0.0015487166206840717,0.002,25,0.14146039363379245,0.012770740775279083,0.01426950354609929
At2g46140_tile7,sparrow_complexity,-0.5801598335124577,0.1174051658308432,-0.596440489432703,-2.6228993334555075,0.5205663915016329,0.0005040736818655822,0.001,30,0.09217989762266385,0.005337874989018691,0.008824561403508771
At2g46140_tile7,sparrow_scaled_rg,-0.17898788683801964,0.4727094718063277,-0.2,-0.019956052964744727,0.21066619241948997,0.704,0.638,6,0.28550516311372837,0.8396271271914997,0.8078104738154614
At2g46140_tile7,sparrow_scaled_re,0.09710114907804913,0.33802587726725036,0.1272727272727273,-0.0011026567683527784,0.019817797714100784,0.7092146257733047,0.724,11,0.19654372608652518,0.8417611530128872,0.8508691588785047
At2g46140_tile7,sparrow_prefactor,-0.702623135304116,0.0933114619712996,-0.7319658119658119,-0.4034319109900522,0.09042922658492675,2.1383267612139773e-05,0.001,26,0.13418884020408078,0.00046764276560462196,0.008824561403508771
At2g46140_tile7,sparrow_scaling_exponent,-0.047603885066971684,0.3888280065285764,-0.04761904761904763,0.6737828029640373,2.3171093245534995,0.9108491685195836,0.84,8,0.2400038012308023,0.9544940245111471,0.9165292841648589
At2g46140_tile7,mpipi_epsilon_self,0.4161169556325853,0.0906794695392069,0.4217866055398097,0.06531140394971657,0.014491873568648526,8.791830161826238e-05,0.001,81,0.15445971660262112,0.001381965803562062,0.008824561403508771
At2g46140_tile7,calvados_epsilon_self,0.35536769846888183,0.09202012203007985,0.3565364141135291,0.026362941573474272,0.00531361532549162,6.416266967203222e-05,0.001,120,0.1466229814644113,0.0010583315047447421,0.008824561403508771
At2g46140_tile7,avg_helix_prob,0.030910711318373828,0.11007525434166708,0.02890216579536968,0.2613461336113672,0.46804126510860633,0.7708647860604717,0.79,104,0.1463442351439213,0.8772511026887269,0.887977653631285
At2g46140_tile7,avg_beta_prob,-0.30295935162647725,0.09591944157938756,-0.307761301124133,-1.8768038023286306,0.4637645064586935,0.0009633994871863533,0.001,112,0.1498854114726625,0.009004965684025477,0.008824561403508771
At2g46140_tile7,avg_coil_prob,0.14657005226385109,0.11438658091123241,0.15064411244186524,0.8320600946268434,0.4355744451511428,0.15640680135468304,0.202,90,0.150248232342606,0.3664332768404406,0.43328784648187635
At2g46140_tile7,avg_mito_targeting,-0.008456103553606601,0.09963887526889981,-0.007866720085434044,-0.5688775694888638,0.7315408034006673,0.9326222717624308,0.926,118,0.1477230892562346,0.9630435792787831,0.9593779608650875
At2g46140_tile7,avg_nes,-0.011720862396009316,0.09489567788430162,-0.011279735535930339,-2.0588314294091603,1.9597211331230588,0.9077618298630896,0.912,108,0.14846831381671416,0.9525570921511565,0.9537130977130978
At2g46140_tile7,avg_nis,0.14778060514222374,0.09274942944051731,0.14594865441861568,-3.6271268700682704,1.9827535904160716,0.11961936629155118,0.1,115,0.14975074537835456,0.3109485335640839,0.2733695652173913
TgL_8x,nardini_Frac A_raw,0.20280921784154202,0.0909025013250459,0.2001766725543507,0.3054384648122118,0.27518349922877283,0.03046843736358289,0.026,117,0.10195849412981262,0.12824789953039492,0.11372173913043478
TgL_8x,nardini_Frac C_raw,-0.20068152505878203,0.18696296209228222,-0.19343960383609704,-2.0364784992524645,3.9985738044168877,0.3336679080590832,0.288,27,0.13705471679067832,0.5712179497997538,0.523770197486535
TgL_8x,nardini_Frac D_raw,0.12132662390750416,0.08153913513012112,0.1225035973849548,0.5740423921297408,0.4691939517915102,0.14932389806997265,0.136,140,0.09814699829135626,0.3551296488378073,0.34033830845771146
TgL_8x,nardini_Frac E_raw,-0.07362101675968648,0.09176410898010122,-0.0736189967376389,-0.9184784442109066,1.0552150494394072,0.41837911497454217,0.434,123,0.1076158194455032,0.6445473042333681,0.6645418569254186
TgL_8x,nardini_Frac F_raw,0.02979509258799717,0.11417911160118731,0.02839420494973982,-0.1849922843379506,1.268602551734681,0.8076323706790312,0.77,76,0.09559929192457359,0.8967750164493437,0.8782539682539683
TgL_8x,nardini_Frac G_raw,-0.05300980500362403,0.1290284602545715,-0.05122063812452757,-1.0534731888071578,1.096964642855225,0.6714121984173004,0.672,71,0.11582414490161494,0.8237081361070783,0.8224233576642336
TgL_8x,nardini_Frac H_raw,0.026200512987395605,0.16508399959907508,0.02891943321495344,1.1176882610102785,1.9134580868121676,0.8612664553447582,0.864,39,0.12321854794438224,0.9353331414384183,0.9326008583690988
TgL_8x,nardini_Frac I_raw,-0.08232782785573703,0.16093101593100656,-0.07901724947591779,0.5273581950434186,3.670729160749598,0.5975308593420159,0.59,47,0.1505991795650994,0.7837353660915137,0.7758692810457516
TgL_8x,nardini_Frac K_raw,-0.047949422890790135,0.10805383089198897,-0.051221210351424,0.1465278563660353,0.40759580367172066,0.6258338536126842,0.64,93,0.10562182049288496,0.7988879720951301,0.8078104738154614
TgL_8x,nardini_Frac L_raw,-0.12393086686140443,0.07809745862758555,-0.1236834211518899,-0.8738206113179426,0.6425699512064981,0.13157234504783066,0.112,150,0.09684691949521289,0.33007924967111635,0.29728759894459106
TgL_8x,nardini_Frac M_raw,0.13137890369718058,0.09817151274815772,0.13047064214711665,3.6605521174433897,2.067979526058066,0.24566012032250975,0.176,81,0.11357649296239042,0.47426725170856493,0.4024
TgL_8x,nardini_Frac N_raw,0.0025260211075644207,0.08454205018052087,-0.0014105360736951227,-0.2825817673646295,0.41829417645776346,0.9870456723078715,0.958,135,0.10141606070377215,0.9890118987467319,0.9794186991869918
TgL_8x,nardini_Frac P_raw,0.07933442657165156,0.1177508710125271,0.08649249209378522,-0.24365873204827757,1.1170310061786517,0.46685696245623165,0.486,73,0.10738021559286531,0.6775405932539047,0.699450643776824
TgL_8x,nardini_Frac Q_raw,0.11971668009258271,0.09490171623293184,0.12214989325180378,-0.3221114846245962,0.5154971871108411,0.17476696072789125,0.204,125,0.10184803816644367,0.39432534806649944,0.43387737843551794
TgL_8x,nardini_Frac R_raw,0.06152096947498951,0.1252541074064794,0.06437207512343156,0.1488271940629662,0.6464578318649429,0.5755331744976466,0.612,78,0.11511184784846869,0.768906206566577,0.7893230769230769
TgL_8x,nardini_Frac S_raw,-0.1886057560846739,0.098773650748962,-0.19035284243211403,-0.014338676433079523,0.7596320011187329,0.04954241333526782,0.058,107,0.10418731895153295,0.17673641069248022,0.19256765676567658
TgL_8x,nardini_Frac T_raw,-0.15645418119759108,0.10753324927626277,-0.16153719171942732,0.1712796983351878,0.8047535365180459,0.11018284704269568,0.144,99,0.10174455378019627,0.2940157669096866,0.34739568345323735
TgL_8x,nardini_Frac V_raw,-0.015609059208254693,0.11575852552404779,-0.013310377564260508,-2.269550997137667,3.1108330889019937,0.9037670906511369,0.904,85,0.11462179771347297,0.9515617038060383,0.952276439790576
TgL_8x,nardini_Frac W_raw,0.08842278745565886,0.09560694048714719,0.08997698782752014,0.9099180909664801,1.0991637714995524,0.34544574450041843,0.37,112,0.10044138563960416,0.5801643054547929,0.6122039473684211
TgL_8x,nardini_Frac Y_raw,0.17201936496487535,0.13005757172097793,0.17359399076934562,1.2699668506605934,2.1925010014545014,0.2093488221877791,0.194,54,0.10477068407768597,0.4396762319851895,0.42243290043290044
TgL_8x,nardini_Frac K+R_raw,0.08835894309483269,0.14746547956973777,0.08719233424159104,0.3467452539354599,0.37991536774629703,0.5347196053698151,0.58,53,0.1311625111581008,0.7279132922896265,0.7697625329815303
TgL_8x,nardini_Frac D+E_raw,0.19144502207300484,0.1288324296249528,0.19506878089768248,0.3788281794890591,0.36743623828247063,0.12242527682982282,0.15,64,0.13043142335902785,0.31631810490798945,0.35758293838862554
TgL_8x,nardini_Frac Polar_raw,-0.23479646387801523,0.11408869279483708,-0.23653505287819074,-0.4030434999918152,0.25679337324333035,0.03239569274172153,0.048,82,0.11430592886743837,0.1341155016385673,0.1706289752650177
TgL_8x,nardini_Frac Aliphatic_raw,0.2536702408785839,0.1141185425151035,0.25514328746894566,1.0468098301679718,0.881412122760075,0.029367812895918503,0.03,73,0.10738021559286531,0.12571923307784685,0.12627615062761505
TgL_8x,nardini_Frac Aromatic_raw,-0.04574978774985073,0.12428982000753036,-0.04842832661514634,-0.5450356071838923,1.6566224919455115,0.708564929275034,0.724,62,0.1073831205677949,0.8417611530128872,0.8508691588785047
TgL_8x,nardini_R/K Ratio_raw,0.02308385408098772,0.06305436543510183,0.02318625860070257,-0.014992168601186894,0.025909315152344674,0.7141488630782744,0.746,252,0.10352740897712348,0.8432321082825635,0.861625717566016
TgL_8x,nardini_E/D Ratio_raw,-0.07197692068327596,0.06135900695004283,-0.07459584809993126,-0.03798859464708751,0.03543549152739896,0.2380281716915308,0.26,252,0.10352740897712348,0.4693467385689165,0.489812734082397
TgL_8x,nardini_Frac Chain Expanding_raw,0.1721263502233988,0.1040015369174366,0.17065011330175225,0.14972116596645935,0.1956517690238578,0.0912588262935395,0.1,99,0.11074394306485799,0.2615566360435918,0.2733695652173913
TgL_8x,nardini_FCR_raw,0.21636145812729193,0.1795679738687596,0.21082015778656987,0.2734153190390198,0.2616668757723205,0.19162185498312995,0.232,40,0.1119940523170315,0.42274470638822087,0.46492430278884467
TgL_8x,nardini_NCPR_raw,-0.046982965371217704,0.14862824440857694,-0.04215874694261299,-0.10260063485763447,0.2484822774099462,0.7736370750907077,0.744,49,0.13965166331335682,0.8794111836624315,0.8612934407364787
TgL_8x,nardini_Hydrophobicity_raw,-0.17003307163939263,0.22180228411697717,-0.1786267661895365,-0.19862742153748333,0.19194304201045634,0.47821404932547773,0.426,18,0.16619603365099245,0.6862815030262919,0.6583041474654378
TgL_8x,nardini_Disorder Promoting_raw,0.01150178752677931,0.10045396408790229,0.01155779606269367,0.16940681216138728,0.23741482547235584,0.9024288892480419,0.9,115,0.09570161732915773,0.9515617038060383,0.9490566037735849
TgL_8x,nardini_Iso point_raw,0.08925178125454525,0.11778346785593305,0.09270726295917685,0.005830258074540318,0.007173826176810027,0.4419183919031532,0.454,71,0.09458496537591375,0.6663133290746569,0.6786389301634472
TgL_8x,nardini_PPII_raw,0.06540954198257444,0.1125968999119348,0.06241429027382596,0.044266061500665185,0.7282481029807876,0.582318666574001,0.54,80,0.11566378811395714,0.7718215791481489,0.7401089918256132
TgL_8x,nardini_A Patch_raw,-0.06575577081789392,0.12650710936047854,-0.06515441001967251,-0.24095522909103734,0.6669921486395866,0.6089966512170949,0.58,64,0.11346423220186455,0.7892709458782641,0.7697625329815303
TgL_8x,nardini_D Patch_raw,0.17688281395417418,0.2472104915816121,0.18049688793333005,4.829642584424162,4.552216929560143,0.4596268830396948,0.464,19,0.1493786470997396,0.6734879553013446,0.6834319180087849
TgL_8x,nardini_G Patch_raw,0.13384461771208567,0.2524918425195866,0.13999294307031948,0.6684113520072706,1.655583790879688,0.6050817372665127,0.618,16,0.09528343016908057,0.7874673061967811,0.7925285895806861
TgL_8x,nardini_K Patch_raw,0.2058863304265501,0.13922166614369105,0.21173029870198062,0.40907376860747147,0.6902475189256128,0.1243004065486687,0.14,54,0.1332605443459033,0.31709975617132147,0.342676399026764
TgL_8x,nardini_N Patch_raw,-0.19323696884363584,0.5525585710136451,-0.20291986247835694,-2.5719719086996697,25.94043496783295,0.699797968157019,0.563691073219659,6,0.06892478014207377,0.839090293165627,0.7575220293724966
TgL_8x,nardini_P Patch_raw,0.7244286507547569,0.21093447673899463,0.7344596706363699,4.659274532859764,2.9724069549038403,0.0027762104528691856,0.01,14,0.08584177127056236,0.01980757245096738,0.05408602150537634
TgL_8x,nardini_Q Patch_raw,0.2020369676663393,0.3191332428043648,0.2448356909813567,3.1266758461955857,3.0590338906954315,0.4680822189974789,0.526,11,0.10244606938392888,0.6775405932539047,0.7298703448275862
TgL_8x,nardini_S Patch_raw,-0.21391029896704933,0.2273263230728415,-0.21785650723532127,3.506206122646683,4.236999917668407,0.28501141220408865,0.372,26,0.0994580723295316,0.5165201264228813,0.6124909983633388
TgL_8x,nardini_T Patch_raw,0.008382830032347938,0.5134886131869181,0.07207499701564472,-1.8287605591801765,10.516377731110602,0.8779592508225129,0.936,7,0.2182136323966847,0.9408051173805796,0.9657600000000001
TgL_8x,nardini_Frac A_zscore,0.1920019516554104,0.09002627924234546,0.19887470888245135,0.0113380060244685,0.012124375392734778,0.024994747888172516,0.034,127,0.09891318646473492,0.11175429500222912,0.13847773279352227
TgL_8x,nardini_Frac D_zscore,0.11358497602724062,0.08735881793748058,0.11212420448137365,0.02876151280258854,0.03105703637826287,0.2040580810375186,0.206,130,0.1007425571189745,0.43525363987369536,0.4348919149757724
TgL_8x,nardini_Frac G_zscore,-0.051585810062960064,0.13103789700632404,-0.05122063812452757,-0.046258363552458846,0.05031287691319429,0.6714121984173004,0.71,71,0.11582414490161494,0.8237081361070783,0.8432821723730813
TgL_8x,nardini_Frac K_zscore,-0.06394740153126728,0.11483833766801341,-0.06610040638884401,0.006077358835009596,0.026540882308873626,0.5222600244717011,0.588,96,0.11100358286892227,0.7177507986591958,0.7742513089005235
TgL_8x,nardini_Frac L_zscore,-0.025090676534532654,0.09728529511924998,-0.028144639260622998,-0.0003141448649075994,0.0239033012552553,0.7865893747902941,0.798,95,0.10815906136144281,0.8858023642421612,0.8919866666666667
TgL_8x,nardini_Frac M_zscore,-0.11855252666000157,0.060943699312900675,-0.11597122428913431,0.0038451674220420823,0.030941990580701968,0.06605652557622194,0.054,252,0.10352740897712348,0.20963048810624374,0.18604109589041096
TgL_8x,nardini_Frac N_zscore,0.07093110755935791,0.09176141275168626,0.07074493502247424,0.012499003030138053,0.020302242564614843,0.46688280241764923,0.44,108,0.09105846126261202,0.6775405932539047,0.665624060150376
TgL_8x,nardini_Frac Q_zscore,0.17579487964686324,0.0983159034008831,0.1767867895490277,0.002804824091276326,0.02291498967375697,0.07548889199158688,0.072,102,0.09624081839501515,0.2308262168496547,0.2208292682926829
TgL_8x,nardini_Frac S_zscore,-0.1566279703547635,0.05640496555181399,-0.16051650712951293,-0.002002353255553872,0.05713838215700833,0.01135816810188355,0.008,248,0.10190495253358318,0.05982364979316676,0.045213483146067414
TgL_8x,nardini_Frac W_zscore,0.1823644749696229,0.12974499375433576,0.18678275175020223,0.00873578523183496,0.011908530806447668,0.15662654974293186,0.158,59,0.11521010189878916,0.3664332768404406,0.3705081585081585
TgL_8x,nardini_Frac K+R_zscore,0.010936978404895412,0.14718598688645232,0.026298753706619417,0.016235870874841716,0.0402519308908019,0.8488468982405468,0.95,55,0.13181510554559203,0.9292056361588577,0.9742099898063201
TgL_8x,nardini_Frac D+E_zscore,0.0190968742114585,0.07117188195843688,0.017309133593805082,0.005724191896640057,0.049720782899825344,0.788781805031012,0.784,242,0.10514404845831374,0.8858023642421612,0.8861842696629214
TgL_8x,nardini_Frac Polar_zscore,-0.15838632938781333,0.06256267016144326,-0.15960920793304267,-0.04589993367497081,0.02979432782131326,0.011167667148956555,0.014,252,0.10352740897712348,0.05982364979316676,0.06972277227722772
TgL_8x,nardini_Frac Aliphatic_zscore,0.16296349658533926,0.11235633133865491,0.16715011370714195,0.0058426508861771165,0.03161857825559582,0.12858267701548817,0.15,84,0.10230276964062213,0.32419592250020324,0.35758293838862554
TgL_8x,nardini_Frac Aromatic_zscore,-0.040363832960533266,0.15693970679618707,-0.04519060190875386,-0.035072527553096255,0.055813148711725366,0.7818654565894286,0.774,40,0.11794676050946647,0.8850245680759192,0.8808190045248869
TgL_8x,nardini_R/K Ratio_zscore,0.03239279187701224,0.06418490274620045,0.03363904925377518,-0.0041559001685154175,0.010402976384739103,0.6010379250210496,0.61,244,0.10469226285098668,0.7846252576678229,0.7877535301668807
TgL_8x,nardini_E/D Ratio_zscore,-0.027881560692279015,0.06440482128627976,-0.03249215270212363,-0.005548240361119818,0.01361932962544131,0.6309300218271983,0.664,221,0.10772103801470487,0.801408588331012,0.8156092796092796
TgL_8x,nardini_Frac Chain Expanding_zscore,-0.09523892441988634,0.061569146132087305,-0.09443079865574032,-0.01216238022473349,0.02645112675343139,0.1381008789790468,0.12,248,0.10417807719994877,0.3388746971298511,0.31355844155844154
TgL_8x,nardini_FCR_zscore,-0.014955758959640736,0.06897568341830916,-0.018070808866591494,0.018214679809110505,0.04343129642666872,0.7770505113030155,0.826,248,0.10417807719994877,0.8812996779829014,0.9091422319474834
TgL_8x,nardini_NCPR_zscore,-0.10360732490482624,0.1503304025982449,-0.10441419661293076,-0.02001620890271972,0.03102470041735314,0.4999846939809093,0.482,44,0.12608603383424236,0.7077937796538075,0.696683908045977
TgL_8x,nardini_Hydrophobicity_zscore,0.06215480647895971,0.083863997980246,0.06316104146471122,0.024212473318320184,0.062334199502891346,0.4488255490742513,0.44,146,0.09974856904428893,0.6663133290746569,0.665624060150376
TgL_8x,nardini_Disorder Promoting_zscore,-0.06474135762100429,0.06310993233271661,-0.06411721153633783,-0.0054947877132383695,0.016264648838558028,0.3106722743722478,0.29,252,0.10352740897712348,0.5480985872264096,0.523770197486535
TgL_8x,nardini_Iso point_zscore,0.052143909174175246,0.0985873586381912,0.060762642933518726,0.018349754393459837,0.023301397962301004,0.5694149742293195,0.604,90,0.10166168687058408,0.7617439681844355,0.7840309677419355
TgL_8x,nardini_PPII_zscore,-0.07204550455842525,0.06030337257021415,-0.07124649019401942,-0.012226417145830623,0.01844715110338169,0.2598217536436246,0.244,252,0.10352740897712348,0.4913170754990345,0.4747852998065764
TgL_8x,cider_kappa,0.1678974030754584,0.0816032888855926,0.1677161215318859,0.31380546010706784,0.1410282266985491,0.03290159356780117,0.048,162,0.1170710239334314,0.1350979719559509,0.1706289752650177
TgL_8x,cider_omega,0.14018017323981416,0.06987003453917559,0.13978259601076082,0.2174714130474467,0.10885339983978243,0.050102740132745315,0.052,197,0.11110867742954607,0.17747660765331616,0.18290909090909088
TgL_8x,cider_delta,0.15318208046155818,0.07791417000737218,0.15797499802503537,2.245281948440305,1.0469518361475378,0.04466998889255855,0.048,162,0.1170710239334314,0.16341094118514146,0.1706289752650177
TgL_8x,cider_mean_net_charge,0.16408095236916123,0.13353102073823378,0.16881708634735698,0.4224082610899512,0.4376531256951494,0.25137159814205134,0.236,48,0.14105504508937114,0.4807601287659765,0.46854794520547943
TgL_8x,cider_fraction_neutral,-0.22937131574553957,0.19756565126570733,-0.24200481729901474,-0.2139637697747062,0.2600986903621364,0.17482018413286157,0.246,33,0.11670521502053409,0.39432534806649944,0.47500191938579656
TgL_8x,sparrow_SCD,-0.1029523056791844,0.08538495402404436,-0.10562410995406384,-0.014560711371062823,0.009646386386294536,0.22101439893258265,0.232,136,0.12076091304767686,0.4541699433414588,0.46492430278884467
TgL_8x,sparrow_SHD,-0.11811510084649805,0.14071390749624207,-0.11630591630591634,-0.011953919863419791,0.06317961478920381,0.3977697265144575,0.41,55,0.07370783073790252,0.6302544380428051,0.642461059190031
TgL_8x,sparrow_complexity,-0.0061538055260882685,0.15754186258184308,-0.011149825783972129,-0.1428887222716667,0.4873313171849049,0.944840038005003,0.962,41,0.12899965446089226,0.9683745922054844,0.9795263157894737
TgL_8x,sparrow_scaled_rg,-0.16836341560363008,0.0921694773138817,-0.17169559412550067,-0.01810993817369136,0.010430675205150083,0.0784335662013505,0.054,106,0.1182948874216205,0.23694945224792374,0.18604109589041096
TgL_8x,sparrow_scaled_re,-0.19717925581091283,0.09223938939698695,-0.198517648488285,-0.005880344184497977,0.0030085634177896997,0.03423010369097867,0.03,114,0.11281333951240965,0.13774193725249814,0.12627615062761505
TgL_8x,sparrow_prefactor,0.24277239772490083,0.12195635879075414,0.24283447911158113,0.019628403006200397,0.013598352518523857,0.0593362374006155,0.07,61,0.10786192133160757,0.19635610139808946,0.21869565217391307
TgL_8x,sparrow_scaling_exponent,-0.24088384957468711,0.09322439763159628,-0.24657009717154935,-0.47267954658501576,0.479190225345135,0.01658804252919366,0.012,94,0.10420511624858478,0.08255110667104877,0.06254922279792746
TgL_8x,sparrow_asphericity,-0.19233127575458092,0.09066545638904637,-0.19830489371773777,-1.3383150363659886,0.7737064212026521,0.03782443346797381,0.04,110,0.1182190956010056,0.1441340154120517,0.1524242424242424
TgL_8x,mpipi_epsilon_self,-0.10634587820669884,0.0645147366675867,-0.10626910420836783,-0.0022362368928621995,0.0034868307896578164,0.11110839346483548,0.096,226,0.10466803091735165,0.29561799193538124,0.26976536312849164
TgL_8x,calvados_epsilon_self,-0.11208336652169099,0.06997943745286808,-0.11454233660635928,-0.0023626719890246397,0.002188634772495024,0.08648984898366384,0.1,225,0.10519808395144739,0.2510766437043524,0.2733695652173913
TgL_8x,avg_helix_prob,0.09048209984441925,0.06792188530081492,0.09177664440822336,0.03153859968703363,0.07028723640539274,0.18629031596867185,0.17,209,0.10376366549045178,0.4146195970453183,0.3940552995391705
TgL_8x,avg_beta_prob,0.03623800574698916,0.06422234846920101,0.03735400034456169,0.2918953090627159,1.2046608912356305,0.562257856002738,0.568,243,0.10435825820000144,0.7541752041850059,0.7608628495339547
TgL_8x,avg_coil_prob,-0.032681836685403656,0.06180998111097979,-0.03280277522701765,-0.0039086218504522235,0.05984679378210646,0.610860868636486,0.578,243,0.10368578346320254,0.7898792208847107,0.769137566137566
TgL_8x,avg_mito_targeting,-0.21077236718358222,0.24106277465151024,-0.21223782886961012,0.0699209591453338,0.331097498832785,0.3690061275522144,0.384,20,0.08109020921227789,0.6055793871411546,0.6271168831168831
TgL_8x,avg_nes,0.06313339328136394,0.06406023683911362,0.06264131883417173,1.559561674036438,1.4579458476972345,0.3258742904588381,0.346,248,0.10401178199736627,0.564020837361869,0.5929744463373083
TgL_8x,avg_nis,0.19689156668785573,0.06041685406033227,0.1985076798787678,0.8361319968658738,0.39193454058884175,0.001874197085176009,0.004,243,0.104474386821514,0.014615831532457869,0.024839506172839507
Os_LEA_or3__Kappa_up_2_,nardini_Frac A_raw,0.0564944199930158,0.11018015794265085,0.056629537200923875,0.6596263231040802,0.7854105259541632,0.6023781033441056,0.602,87,0.21766636124671776,0.7849642123888215,0.7840309677419355
Os_LEA_or3__Kappa_up_2_,nardini_Frac C_raw,-0.09109423252026075,0.2774546012540356,-0.08247860988423225,-4.195161468807373,11.749938021961182,0.8460525238666443,0.6550079491255962,8,0.32303237468803003,0.9271555980499392,0.8087450980392157
Os_LEA_or3__Kappa_up_2_,nardini_Frac D_raw,-0.20311331097638238,0.09480872950721081,-0.20715125647733743,-1.508477539324388,0.746605079712072,0.024400928551205153,0.034,118,0.204644613190622,0.10958631304693028,0.13847773279352227
Os_LEA_or3__Kappa_up_2_,nardini_Frac E_raw,-0.23880527083230213,0.09273160614852394,-0.2406533709690371,-2.5341811244596983,0.7764282313974891,0.009577564620179333,0.01,115,0.2002513927544938,0.052939725318134116,0.05408602150537634
Os_LEA_or3__Kappa_up_2_,nardini_Frac F_raw,-0.07008963646010033,0.1370064730880991,-0.06654587349865893,-0.582222644416087,2.0770511954221202,0.6640535953037303,0.608,45,0.13870676923705796,0.8194492674320261,0.7861799485861183
Os_LEA_or3__Kappa_up_2_,nardini_Frac G_raw,0.2756442922673217,0.13087558215041767,0.2792027004116209,4.253278585345246,2.156322212696309,0.03717139990657212,0.04,56,0.2804552102511619,0.14299785989454566,0.1524242424242424
Os_LEA_or3__Kappa_up_2_,nardini_Frac H_raw,-0.11764149443502658,0.36576722473857837,-0.13638618139749523,-8.376382375665463,17.157424597617222,0.7474293952265143,0.7453798767967146,8,0.22633744458854452,0.8627239146952488,0.861625717566016
Os_LEA_or3__Kappa_up_2_,nardini_Frac I_raw,-0.25896136204786635,0.19542179305395077,-0.2695138137572221,-2.7430816005526717,2.0522570997437466,0.20281173590992013,0.19,24,0.22323594449174036,0.435029011354754,0.4200879120879121
Os_LEA_or3__Kappa_up_2_,nardini_Frac K_raw,-0.05495236494433852,0.09184764333451355,-0.056531463251032095,-0.3579421209253296,0.503722814963688,0.52785527692681,0.532,127,0.2214263765588136,0.7234637719187614,0.7348891928864569
Os_LEA_or3__Kappa_up_2_,nardini_Frac L_raw,0.04749965977910458,0.09729918447349262,0.041679910433886046,-1.228129932886368,1.8524456751818212,0.6582889786941277,0.63,115,0.21523514350257472,0.8185892615158127,0.8012389380530973
Os_LEA_or3__Kappa_up_2_,nardini_Frac M_raw,-0.08542971258382814,0.12448759880540838,-0.08540014339874862,-4.553062866452387,5.308298291184333,0.49878940510120073,0.498,65,0.26410613639680425,0.7077937796538075,0.709614730878187
Os_LEA_or3__Kappa_up_2_,nardini_Frac N_raw,0.2588218885745987,0.09369050495970778,0.2615439705451892,2.3548613041384887,0.46429103047259557,0.004751317773062356,0.014,115,0.2211218595960982,0.03135013966912342,0.06972277227722772
Os_LEA_or3__Kappa_up_2_,nardini_Frac P_raw,0.020751800211792144,0.13719000774461462,0.020709030309597944,-1.1513204256778609,2.876255232592442,0.8784753843032802,0.876,57,0.28049493417627064,0.9408051173805796,0.9405080042689434
Os_LEA_or3__Kappa_up_2_,nardini_Frac Q_raw,0.2155788739380133,0.0972119270094204,0.22179751457911498,2.728223584551184,0.5824448831920503,0.01987269820317722,0.032,110,0.21954140970352412,0.09474850422936626,0.13413333333333333
Os_LEA_or3__Kappa_up_2_,nardini_Frac R_raw,-0.06316465509326165,0.09375878797893021,-0.06518853830224522,-0.666251720008724,0.6466295759032644,0.47012436163500304,0.516,125,0.22161070591841933,0.6775717876859786,0.7199667128987518
Os_LEA_or3__Kappa_up_2_,nardini_Frac S_raw,-0.18541668592707314,0.10029295958726697,-0.19207825060486275,-1.1388545772608718,0.8195010246336332,0.056824553162506036,0.058,99,0.19237412267511764,0.19247643259757938,0.19256765676567658
Os_LEA_or3__Kappa_up_2_,nardini_Frac T_raw,0.14130977390882146,0.09911086523580552,0.14210062410259042,0.27319542609527314,1.0233348633836115,0.14049211274497445,0.184,109,0.2021015208035754,0.34304627529476767,0.4141029082774049
Os_LEA_or3__Kappa_up_2_,nardini_Frac V_raw,-0.07940201755301976,0.10471182633682619,-0.07889069084649179,-1.9769184378896616,1.4052039044151616,0.44729191812562785,0.44,95,0.2311477918812636,0.6663133290746569,0.665624060150376
Os_LEA_or3__Kappa_up_2_,nardini_Frac W_raw,0.032072710787746754,0.36225052123586815,0.037267799624996496,2.156667055395338,9.783327450590374,0.9241664790435741,0.8875502008032129,9,0.18844371906764112,0.9604457416506565,0.9475733896515312
Os_LEA_or3__Kappa_up_2_,nardini_Frac Y_raw,0.15212449810399226,0.09278445061067456,0.1511446844369072,3.8096235486622527,2.372425188842542,0.14812232162116126,0.106,93,0.21461218008742325,0.3547882275021148,0.2858873994638069
Os_LEA_or3__Kappa_up_2_,nardini_Frac K+R_raw,-0.18619293768674683,0.17418863363369438,-0.1945083364454593,-0.4778649008210223,0.4523336049914173,0.21707394195233823,0.302,42,0.1910908360608895,0.4511908793472154,0.5396305506216696
Os_LEA_or3__Kappa_up_2_,nardini_Frac D+E_raw,-0.4035154915285986,0.15405377939724593,-0.4056348028149747,-1.0902483400140461,0.4558432902630618,0.005701840318640893,0.014,45,0.19537625477229964,0.035407724447856406,0.06972277227722772
Os_LEA_or3__Kappa_up_2_,nardini_Frac Polar_raw,0.27084271921563585,0.12909020464677168,0.26680307447955914,1.2357819810300563,0.3329137375731897,0.03606286258706437,0.044,62,0.24924327255321385,0.14116435705286676,0.16333579335793358
Os_LEA_or3__Kappa_up_2_,nardini_Frac Aliphatic_raw,-0.220444398874391,0.149704242784546,-0.2204542220038599,-1.4219936874879726,1.0217795551734004,0.12394717997258513,0.152,50,0.24966539865971574,0.31709975617132147,0.3606415094339623
Os_LEA_or3__Kappa_up_2_,nardini_Frac Aromatic_raw,-0.012036476864512504,0.13212162407258932,-0.011981608379864289,-2.8913442439832497,7.221021525906933,0.9355805592662799,0.914,48,0.28261802675057285,0.9632201259616163,0.9538215767634854
Os_LEA_or3__Kappa_up_2_,nardini_R/K Ratio_raw,0.0034211633828087175,0.07335198320106348,0.0037197360570530337,-0.006781700758327444,0.07254904323883317,0.9549640983120193,0.982,233,0.2021688145800485,0.9733473990900622,0.9859201596806387
Os_LEA_or3__Kappa_up_2_,nardini_E/D Ratio_raw,-0.10593720942574822,0.06319053313645391,-0.10291113793441012,-0.14946223939131464,0.12486206791074939,0.11721190532589575,0.09,233,0.2021688145800485,0.3068995196126853,0.2557627118644068
Os_LEA_or3__Kappa_up_2_,nardini_Frac Chain Expanding_raw,-0.30122593574626955,0.1174850783077101,-0.30762079152127964,-0.8884468783914315,0.33565217612862486,0.0072580673998189175,0.018,75,0.2500768036376256,0.04320482724389249,0.08622857142857142
Os_LEA_or3__Kappa_up_2_,nardini_FCR_raw,-0.5732780116336879,0.16331723599228004,-0.588820078552447,-1.072596687659614,0.35048659370990437,0.001957598286034229,0.008,25,0.15484384849048546,0.015033159356873544,0.045213483146067414
Os_LEA_or3__Kappa_up_2_,nardini_NCPR_raw,0.21701978353167994,0.20251936679205929,0.22855598326687906,0.241162256441496,0.23777776529062344,0.24206964301911557,0.3,28,0.23446013681138175,0.47141297466241333,0.5370106761565836
Os_LEA_or3__Kappa_up_2_,nardini_Hydrophobicity_raw,-0.5359904155633802,0.21580648567959138,-0.5879120879120878,-0.1874793743729104,0.09010314188563759,0.034586058342107866,0.048,13,0.25665906774753805,0.13806974084190682,0.1706289752650177
Os_LEA_or3__Kappa_up_2_,nardini_Disorder Promoting_raw,-0.14537402098027938,0.13425225634972132,-0.14882901772280585,-0.7115650821463501,0.5290469296731992,0.2367222699696609,0.282,65,0.2384083986509443,0.4693467385689165,0.5148675136116151
Os_LEA_or3__Kappa_up_2_,nardini_Iso point_raw,0.20398882683500477,0.21045128286705791,0.21648715991567968,0.026925332621814752,0.01578886615569068,0.2986140049485818,0.314,25,0.2319506992209026,0.5345296956908777,0.5541824561403509
Os_LEA_or3__Kappa_up_2_,nardini_PPII_raw,-0.1437831332689273,0.13270569447011343,-0.14284189659801558,-2.705571628783686,2.6475854576326077,0.31239940338016453,0.278,52,0.2629013976988411,0.5480985872264096,0.5094134790528233
Os_LEA_or3__Kappa_up_2_,nardini_A Patch_raw,0.1440703886311014,0.07593112236588537,0.14231404167349854,0.9612962125219869,0.5433494994125619,0.06028274301749065,0.066,175,0.20451964047832527,0.19818444273070454,0.21212779552715658
Os_LEA_or3__Kappa_up_2_,nardini_D Patch_raw,0.09658684623841553,0.1704890533610492,0.0964731272535292,1.6963246842026347,1.0507508434337802,0.5994095956550005,0.592,32,0.16433117864943095,0.7841521074975832,0.7774830287206267
Os_LEA_or3__Kappa_up_2_,nardini_E Patch_raw,-0.1084679868641025,0.434533778185345,-0.084343471224579,-1.2096647156704896,4.363369118974958,0.842604396293089,0.82,8,0.20225772745176723,0.9262011092686062,0.9075027502750274
Os_LEA_or3__Kappa_up_2_,nardini_K Patch_raw,0.2986820341303105,0.0845761007235838,0.30506747214380514,1.0025263321348594,0.8661368809802322,0.0036497149308351187,0.001,89,0.23071622304553402,0.024976960683130132,0.008824561403508771
Os_LEA_or3__Kappa_up_2_,nardini_N Patch_raw,0.4577255069710826,0.3709385957057914,0.48171627232209224,1.9554315288750186,1.3309809977923022,0.15860574908020672,0.242,10,0.1546044967322166,0.3693457953117777,0.4727223300970873
Os_LEA_or3__Kappa_up_2_,nardini_Q Patch_raw,0.40317178873069487,0.3345717343497651,0.42106255362816064,2.4796372342634276,1.6267695714484096,0.1971652097643567,0.254,11,0.1393555580533409,0.43000669846676226,0.48486527514231503
Os_LEA_or3__Kappa_up_2_,nardini_R Patch_raw,0.30202484118519246,0.24077965590181907,0.3162038151136604,3.9237428173472,3.6667664909741933,0.3166815879552491,0.214,12,0.1738657804864084,0.5540550912747488,0.4466473029045643
Os_LEA_or3__Kappa_up_2_,nardini_S Patch_raw,0.44165064466105275,0.2529303685099503,0.4667931261158023,4.061422468423439,2.998288212792865,0.07940461108192104,0.098,15,0.2843968453047516,0.2391647866718939,0.27234254143646414
Os_LEA_or3__Kappa_up_2_,nardini_T Patch_raw,0.02881043742846414,0.24984181071021638,0.04892675634202018,-0.36879901107385094,1.6385593813424972,0.8572010416179958,0.918,16,0.14332595610685928,0.9352974488803728,0.9570031088082902
Os_LEA_or3__Kappa_up_2_,nardini_Frac A_zscore,0.043781533790002033,0.0947937759865865,0.04379747268983693,0.03323301407692851,0.03316163885232213,0.6480803147836471,0.604,111,0.21172232662589083,0.812214610252778,0.7840309677419355
Os_LEA_or3__Kappa_up_2_,nardini_Frac D_zscore,-0.12055819815757184,0.09461543539075333,-0.12248980224337071,-0.036700101871001804,0.0428331943653868,0.19822729001274392,0.216,112,0.21031270066918553,0.43070551566483883,0.44895867768595044
Os_LEA_or3__Kappa_up_2_,nardini_Frac E_zscore,-0.17957229323530072,0.06567330239745019,-0.17980676115488728,-0.10435440488940453,0.047804815792984824,0.006602008244261659,0.006,227,0.20489996438593253,0.040009760805585715,0.0361437125748503
Os_LEA_or3__Kappa_up_2_,nardini_Frac G_zscore,-0.06811958796301423,0.07405429912621432,-0.06935552197185606,0.021505301793688227,0.07110137470879178,0.29177190792235924,0.37,233,0.2021688145800485,0.5250850435955159,0.6122039473684211
Os_LEA_or3__Kappa_up_2_,nardini_Frac K_zscore,0.027933690540585747,0.09832980136291529,0.02743121248608721,0.008779870748464575,0.03537396022272735,0.7671259392798789,0.798,119,0.22962941646569562,0.8749758445754628,0.8919866666666667
Os_LEA_or3__Kappa_up_2_,nardini_Frac L_zscore,0.0375617161172286,0.08392125238085117,0.03414076081085719,-0.03197915692131735,0.05769904903193451,0.6518982765358177,0.644,177,0.2017621362534976,0.8136504103625803,0.8078104738154614
Os_LEA_or3__Kappa_up_2_,nardini_Frac M_zscore,-0.055723110155458236,0.07004001436161479,-0.053686539480309235,-0.0460308817017432,0.05694248775746239,0.4146885546481396,0.434,233,0.2021688145800485,0.6408244024209346,0.6645418569254186
Os_LEA_or3__Kappa_up_2_,nardini_Frac N_zscore,0.1448909989126169,0.07983721523816636,0.14707994766359744,0.16249802770546518,0.023744927709673933,0.050097062464500235,0.068,178,0.1750999251314616,0.17747660765331616,0.2157981072555205
Os_LEA_or3__Kappa_up_2_,nardini_Frac Q_zscore,0.05985406923084426,0.08014488650794589,0.055576358027214334,0.13847086728631394,0.027994399931625242,0.45491314708241914,0.462,183,0.1756619286821082,0.6700477686162719,0.6834319180087849
Os_LEA_or3__Kappa_up_2_,nardini_Frac R_zscore,-0.09250901857939914,0.12460678827625402,-0.0966874340147654,-0.023622104295591487,0.037733642695502806,0.4092525245570846,0.45,75,0.18744558041343692,0.637446594165714,0.6751208423140056
Os_LEA_or3__Kappa_up_2_,nardini_Frac S_zscore,-0.24409387647647235,0.06407503337022734,-0.2476429499110116,-0.13248967710354578,0.048878178729198696,0.00014305065979478874,0.001,231,0.2026627100026374,0.001973605009892403,0.008824561403508771
Os_LEA_or3__Kappa_up_2_,nardini_Frac T_zscore,0.17016555261064997,0.10466737381406471,0.16909218178021335,0.021293962048609914,0.05554469696943577,0.08166258036264339,0.106,107,0.20366680272275972,0.2437761301033212,0.2858873994638069
Os_LEA_or3__Kappa_up_2_,nardini_Frac V_zscore,-0.025674896033685477,0.07709621080315884,-0.026049503667292678,-0.05902848037851465,0.037114698195940855,0.7047592956815959,0.734,214,0.2032658033664728,0.8396271271914997,0.8576120789779327
Os_LEA_or3__Kappa_up_2_,nardini_Frac Y_zscore,0.3256917851821829,0.24778943746571394,0.31632763015224574,0.12248869769384242,0.08161926368321301,0.23262322571085126,0.218,16,0.19409745471445042,0.4661732371815067,0.45125102880658435
Os_LEA_or3__Kappa_up_2_,nardini_Frac K+R_zscore,0.0015717520071139976,0.1898405310143151,-0.005880871108377424,-0.003715981274915666,0.03779987160692944,0.9716560150145581,0.982,39,0.21111282249888133,0.9821060741051323,0.9859201596806387
Os_LEA_or3__Kappa_up_2_,nardini_Frac D+E_zscore,-0.2674887141970796,0.16710712253336119,-0.2663433438074727,-0.06393341202505874,0.051113373373799995,0.10122280788820556,0.124,39,0.21022793803099651,0.2812987423633558,0.3215051546391753
Os_LEA_or3__Kappa_up_2_,nardini_Frac Polar_zscore,0.09204234370811538,0.0727429683796609,0.0931744866014171,0.14823088940265886,0.028959766354982614,0.1562831423980673,0.222,233,0.2021688145800485,0.3664332768404406,0.4548513238289206
Os_LEA_or3__Kappa_up_2_,nardini_Frac Aliphatic_zscore,-0.3160109182315096,0.13790509681237395,-0.3215897231781779,-0.08766613819084684,0.06609368510971714,0.016657927091672863,0.034,55,0.2838726004160673,0.08255110667104877,0.13847773279352227
Os_LEA_or3__Kappa_up_2_,nardini_Frac Aromatic_zscore,-0.019441628992529523,0.25743776864275897,-0.008649988268461367,0.034849732686121286,0.15593300326939222,0.9810795663754146,0.8730512249443207,10,0.15896581342366667,0.986966043773667,0.9383435174081054
Os_LEA_or3__Kappa_up_2_,nardini_R/K Ratio_zscore,-0.02446140647011555,0.0741808866308415,-0.02554528884507305,-0.009303705871147545,0.025478773372061364,0.7037599052484873,0.736,224,0.20582577985762424,0.8396271271914997,0.8579559675550406
Os_LEA_or3__Kappa_up_2_,nardini_E/D Ratio_zscore,-0.13643454212455164,0.06368013550403533,-0.13585030838255813,-0.06682313877133168,0.03905568509189632,0.04176518149809215,0.03,225,0.20596868695392323,0.15503975124384023,0.12627615062761505
Os_LEA_or3__Kappa_up_2_,nardini_Frac Chain Expanding_zscore,-0.16219313079707173,0.11710934404020996,-0.16502016434166225,-0.0616778524288343,0.047912332711215325,0.16000852254854442,0.162,74,0.2519327297894593,0.3708953310687458,0.37725000000000003
Os_LEA_or3__Kappa_up_2_,nardini_FCR_zscore,-0.3398351240632154,0.24835040587621582,-0.3393516266760324,-0.061030968569923925,0.06025128379633121,0.13233610447900696,0.186,21,0.16567371232010597,0.3311694554872662,0.4158133333333333
Os_LEA_or3__Kappa_up_2_,nardini_Hydrophobicity_zscore,0.07608302259677265,0.07156391435216744,0.07893111778454395,-0.0689800821344698,0.034917748035124534,0.23005197399669536,0.276,233,0.2021688145800485,0.46379215599333773,0.5075978062157221
Os_LEA_or3__Kappa_up_2_,nardini_Disorder Promoting_zscore,-0.24430861478587576,0.09130655116112855,-0.2430891304272369,-0.0532932357258274,0.03852001725510991,0.004976133746091942,0.01,132,0.21101908131085423,0.03208968300364419,0.05408602150537634
Os_LEA_or3__Kappa_up_2_,nardini_Iso point_zscore,0.11215270531645108,0.06424622351161026,0.11265027681680738,0.08899626861915144,0.05096884244373852,0.08620789417979528,0.094,233,0.2021688145800485,0.2510766437043524,0.26637746478873237
Os_LEA_or3__Kappa_up_2_,nardini_PPII_zscore,-0.06042699764216229,0.07448178311511666,-0.058341090497022095,-0.04640112847341561,0.06239509477549566,0.3753459689010513,0.426,233,0.2021688145800485,0.6119903479975002,0.6583041474654378
Os_LEA_or3__Kappa_up_2_,nardini_A Patch_zscore,0.07225546507392729,0.10922318800323093,0.07989274728865572,0.025436256775603218,0.03418895555808254,0.4366300802682239,0.506,97,0.1705135813323364,0.6635194271145518,0.7129355742296919
Os_LEA_or3__Kappa_up_2_,cider_kappa,-0.06321724645646778,0.09480671314847625,-0.05992196383669201,-0.2572210464144367,0.18854252141793154,0.5068091852173978,0.516,125,0.16198690898222898,0.7120810619115953,0.7199667128987518
Os_LEA_or3__Kappa_up_2_,cider_omega,0.12655192391359818,0.08190571988626502,0.1281588299180558,-0.017648313399180934,0.18366373925528023,0.08643147365183464,0.112,180,0.19422739656482968,0.2510766437043524,0.29728759894459106
Os_LEA_or3__Kappa_up_2_,cider_delta,-0.08854114340801415,0.0983223659454137,-0.08731341562080253,0.46455617822465795,0.6231979002284531,0.33891666228759953,0.364,122,0.16476314389919672,0.5759293281441303,0.6113255425709516
Os_LEA_or3__Kappa_up_2_,cider_mean_net_charge,0.34681006919784535,0.17988038469377024,0.3616906007440328,0.6614785000447045,0.3739511865651865,0.058594174425467986,0.078,28,0.23446013681138175,0.19518456778814833,0.2335357142857143
Os_LEA_or3__Kappa_up_2_,cider_fraction_neutral,0.6097957702254694,0.15988263104531958,0.6309768915281444,1.2603423246217575,0.4838105750415227,0.0016398898742447938,0.004,22,0.14113544827572785,0.013304267850727924,0.024839506172839507
Os_LEA_or3__Kappa_up_2_,sparrow_SCD,0.003996712112074843,0.06703439867982972,0.005254903293341404,-0.0021602651058515087,0.0027872251922337657,0.9364108182807761,0.948,233,0.2021688145800485,0.9632201259616163,0.9742099898063201
Os_LEA_or3__Kappa_up_2_,sparrow_SHD,-0.10628018232706742,0.1381784681076255,-0.11347436630455497,-0.08018155953989564,0.1054768095063367,0.41393118860117284,0.432,54,0.2612764228306977,0.640638116511969,0.6634992366412213
Os_LEA_or3__Kappa_up_2_,sparrow_complexity,-0.39520031323364446,0.11900340848664295,-0.4041283663925173,-9.146890115784425,2.8158155162788,0.0026900842987870456,0.004,53,0.2567041207673562,0.019469243198415597,0.024839506172839507
Os_LEA_or3__Kappa_up_2_,sparrow_scaled_rg,-0.36825023206336754,0.11436196715254865,-0.3790586991010047,-0.03966468360957565,0.012024978815389492,0.002590268783318984,0.002,61,0.19271542700102076,0.018937008299022624,0.01426950354609929
Os_LEA_or3__Kappa_up_2_,sparrow_scaled_re,-0.34252383623287946,0.10367011566662236,-0.3462737127371274,-0.008747270256905814,0.003389699747147595,0.0015423094881881702,0.004,81,0.22099520495435998,0.012770740775279083,0.024839506172839507
Os_LEA_or3__Kappa_up_2_,sparrow_prefactor,0.223110301504666,0.17850067026422548,0.2427807486631016,0.0025796720538812713,0.007824522078661375,0.16651385049768264,0.204,34,0.169476458533432,0.37898853755807405,0.43387737843551794
Os_LEA_or3__Kappa_up_2_,sparrow_scaling_exponent,-0.3012536027010696,0.16483994666287238,-0.31009957325746795,-0.1697850536372076,0.29389272517559484,0.061781275013458856,0.088,37,0.1582799968792858,0.20113903774608288,0.2522165242165242
Os_LEA_or3__Kappa_up_2_,sparrow_asphericity,-0.40949799266758063,0.13746309884545804,-0.4219269102990033,-1.6969721090682166,0.8309101719267221,0.004830289909258579,0.004,43,0.15334552397864679,0.03135013966912342,0.024839506172839507
Os_LEA_or3__Kappa_up_2_,mpipi_epsilon_self,-0.09716911719209369,0.07439279177974199,-0.10100668438431186,-0.003996612607723093,0.0033686027648150035,0.1633121397217979,0.194,192,0.20443196084787488,0.3759542621513242,0.42243290043290044
Os_LEA_or3__Kappa_up_2_,calvados_epsilon_self,-0.13331670262895404,0.07994263018491554,-0.1336339115981408,-0.0026880654943693977,0.002616576061336832,0.07210193310325283,0.09,182,0.2068153734372438,0.225262561185939,0.2557627118644068
Os_LEA_or3__Kappa_up_2_,avg_helix_prob,0.039553279631894964,0.07142001772679134,0.03611974422176972,0.012079859417281576,0.14572606506244512,0.5975397870697724,0.578,216,0.2014292546585837,0.7837353660915137,0.769137566137566
Os_LEA_or3__Kappa_up_2_,avg_beta_prob,0.08534376805884872,0.0748792465965602,0.0851163678255154,-1.982480516140441,3.0438516803699374,0.2261129713433917,0.25,204,0.1985903334954555,0.4599094115977992,0.48087954110898656
Os_LEA_or3__Kappa_up_2_,avg_coil_prob,-0.02962487028532207,0.06914283741696192,-0.0327820877678583,-0.0015995354948828422,0.13084780972305918,0.623976898977993,0.674,226,0.20167750391959147,0.7986269215926984,0.8228689320388349
Os_LEA_or3__Kappa_up_2_,avg_nes,0.052076122454249925,0.0700664852332374,0.05210348672887261,2.323366064975641,1.9245473981961894,0.4493706432954806,0.47,213,0.20744270709953877,0.6663133290746569,0.6882387190684134
Os_LEA_or3__Kappa_up_2_,avg_nis,0.06341471126061848,0.06971877981192341,0.06785843736669632,0.42227722016128755,0.3222867846016694,0.3055053810954985,0.366,230,0.19694874392804765,0.5439617935965867,0.6122039473684211
CAHS_68135_tile4,nardini_Frac A_raw,0.2303940769779656,0.09684461973075043,0.23170035864006686,0.5944968706351739,0.34659572444486486,0.013536851424588221,0.014,113,0.11755202707011267,0.06983626940069615,0.06972277227722772
CAHS_68135_tile4,nardini_Frac C_raw,-0.2995699586988041,0.2270948117814593,-0.31330999963490413,-21.684277588918754,16.11477186791875,0.2055124045129277,0.20020855057351408,18,0.14136703967663336,0.43525363987369536,0.43128437232752714
CAHS_68135_tile4,nardini_Frac D_raw,-0.11638144871282023,0.08285008261886961,-0.11525242961441001,-0.5903833445166518,0.7288199707927825,0.16450789180633893,0.172,147,0.12985743087592863,0.37612486172085674,0.39595423340961095
CAHS_68135_tile4,nardini_Frac E_raw,-0.15298695418918135,0.08362854275689949,-0.15647410369634954,-0.7367397240403859,0.7278490346778258,0.06017841288697023,0.072,145,0.1274012410326507,0.19818444273070454,0.2208292682926829
CAHS_68135_tile4,nardini_Frac F_raw,0.3076347702401277,0.08316575358982868,0.30854894878436695,5.9139660021541625,1.7665741828949817,0.0006754496717662962,0.001,118,0.11090509084463039,0.006533676632662442,0.008824561403508771
CAHS_68135_tile4,nardini_Frac G_raw,0.09047606403024296,0.1160215443003323,0.09223709705126173,0.5814475266306012,0.7080742856533561,0.3899563173522249,0.438,89,0.11826652398360442,0.6256715394837931,0.665624060150376
CAHS_68135_tile4,nardini_Frac H_raw,0.3048569432785045,0.11169177792023162,0.30084187176816707,3.8406001649699575,2.159534689648573,0.006352245573606007,0.014,81,0.12560756748312338,0.03896560394541246,0.06972277227722772
CAHS_68135_tile4,nardini_Frac I_raw,-0.043293838372651876,0.09058541320907079,-0.035336642805602295,-0.12361678300936513,0.9896322946855889,0.6909509756330512,0.644,129,0.11071848374685277,0.8366275411399188,0.8078104738154614
CAHS_68135_tile4,nardini_Frac K_raw,-0.2789697099628015,0.07989358664283366,-0.2828102551707919,-1.0861954691729643,0.3066567411861482,0.00037967651312875787,0.001,154,0.12107595525160293,0.004507403843224109,0.008824561403508771
CAHS_68135_tile4,nardini_Frac L_raw,-0.07706957171561998,0.08751232299963327,-0.08094290066332532,-1.1717968042455613,1.270781475275641,0.34351621940581123,0.332,139,0.11451704092960485,0.579799174291562,0.575848275862069
CAHS_68135_tile4,nardini_Frac M_raw,0.06808076329321992,0.09887363096668196,0.06821478613155234,1.1234331170597829,2.0031279733620067,0.5045131071489797,0.47,98,0.12372599338704438,0.7108405963471619,0.6882387190684134
CAHS_68135_tile4,nardini_Frac N_raw,0.3926550108207006,0.06837808841437708,0.39292363717770945,1.5992979603918724,0.5641766729465955,5.523370595331571e-07,0.001,152,0.12238164842912849,2.6459575328112193e-05,0.008824561403508771
CAHS_68135_tile4,nardini_Frac P_raw,0.2817304949629081,0.1049828614247129,0.29051209999817645,1.6846024526618142,0.7385609200087806,0.007715431042937229,0.006,83,0.12515638104867513,0.04512630016973752,0.0361437125748503
CAHS_68135_tile4,nardini_Frac Q_raw,0.3730567313375736,0.07154538686084978,0.375971345209467,1.2165310555494622,0.40396766507424675,8.882321350105812e-07,0.001,161,0.12483089559168499,3.4367751070024796e-05,0.008824561403508771
CAHS_68135_tile4,nardini_Frac R_raw,0.32474954399906686,0.07124196135888572,0.3298407537677064,1.3669769265893763,0.35014281757449894,1.9303696324675e-05,0.001,161,0.12354583158196737,0.0004315448556138456,0.008824561403508771
CAHS_68135_tile4,nardini_Frac S_raw,-0.44991099435518833,0.06912219662999626,-0.4562898833181159,-1.7136743610327374,0.29649544023134194,1.8608859183321818e-08,0.001,138,0.12265162357891048,2.001503041005449e-06,0.008824561403508771
CAHS_68135_tile4,nardini_Frac T_raw,0.061375271194471226,0.09759349057814483,0.058821219663443045,1.0277247901294981,0.6267832582738653,0.5146599648604973,0.528,125,0.10759714177293278,0.7141220340420407,0.7306299862448419
CAHS_68135_tile4,nardini_Frac V_raw,-0.2913324427007124,0.08406408463402083,-0.2913678920985373,-2.011096866892117,0.8969983559172484,0.0011296106948165982,0.002,122,0.1102528872339083,0.010330803263504527,0.01426950354609929
CAHS_68135_tile4,nardini_Frac W_raw,0.08495321687040844,0.10168783800462003,0.07995395821508036,12.436903549347313,12.141791831924147,0.3813390945189319,0.5535307517084282,122,0.1219120967492644,0.6191454415172293,0.7490913978494624
CAHS_68135_tile4,nardini_Frac Y_raw,0.45453833680617645,0.1332478739246664,0.46872019197342196,13.40245007269711,7.578838787876363,0.010326320091618787,0.004,29,0.16292456485581236,0.0564580326748288,0.024839506172839507
CAHS_68135_tile4,nardini_Frac K+R_raw,-0.07069479770483954,0.13898663209837697,-0.0688521026262448,-0.2944705300649461,0.3394062797199744,0.6276718011118765,0.614,52,0.15152821314928117,0.7988879720951301,0.7898772378516623
CAHS_68135_tile4,nardini_Frac D+E_raw,-0.22625245414703915,0.13142288868801474,-0.22720340453935636,-0.2921315778215726,0.45626677876435207,0.08353131672953719,0.088,59,0.15799555662197262,0.24642963234579007,0.2522165242165242
CAHS_68135_tile4,nardini_Frac Polar_raw,0.11993089016117034,0.10041789902285682,0.12082917709451411,0.35310649246488107,0.23311778155920124,0.21507371355961136,0.226,107,0.13419393060398957,0.4479589147846149,0.45745674044265594
CAHS_68135_tile4,nardini_Frac Aliphatic_raw,-0.08506418368168081,0.11879881204720251,-0.08391007469574664,-1.1953604289665218,0.7371380995420435,0.44516158225344893,0.476,85,0.12221916216060745,0.6663133290746569,0.6929898697539797
CAHS_68135_tile4,nardini_Frac Aromatic_raw,0.2632980945633107,0.10786566763874128,0.27019484200105365,7.190358292208004,2.161050600936803,0.01747512899982019,0.02,77,0.12180894062621588,0.08533970763989861,0.09314814814814815
CAHS_68135_tile4,nardini_R/K Ratio_raw,0.24177917102507415,0.05636018798946445,0.24279430564620558,0.1465883906945243,0.02549905066213248,4.72157986002905e-05,0.001,275,0.12186105020290426,0.00084819809628379,0.008824561403508771
CAHS_68135_tile4,nardini_E/D Ratio_raw,-0.029269257794209396,0.06616936276024196,-0.03348543091051376,-0.09727280307306013,0.12743533124667225,0.5803190229652251,0.672,275,0.12186105020290426,0.7718215791481489,0.8224233576642336
CAHS_68135_tile4,nardini_Frac Chain Expanding_raw,-0.07198013416619656,0.11066237611389543,-0.07156478256190586,-0.5077832281110548,0.23633982776478743,0.5002399377076114,0.51,91,0.1362113872423214,0.7077937796538075,0.7165642458100558
CAHS_68135_tile4,nardini_FCR_raw,-0.22189168208149032,0.1386704230695228,-0.21584810829995968,-0.34387828220949407,0.20628400632250554,0.18692386051054294,0.138,39,0.1656177450383178,0.41511126638765167,0.342676399026764
CAHS_68135_tile4,nardini_NCPR_raw,0.17123875345382666,0.1677421328108441,0.1733314289831883,0.00033162293447188686,0.3330293749112916,0.26632867674024086,0.318,43,0.15339712039651088,0.49790451479091585,0.5592797202797203
CAHS_68135_tile4,nardini_Hydrophobicity_raw,-0.14999244973519796,0.26266019314549255,-0.15789473684210528,-0.15786776356084825,0.16556169529254644,0.5185434844242846,0.554,19,0.15538772930667905,0.714246993125337,0.7490913978494624
CAHS_68135_tile4,nardini_Disorder Promoting_raw,0.036776582270783294,0.0981939378833503,0.0366863055332758,-0.5155156515732873,0.37601834286093744,0.6945449399037733,0.704,117,0.11430120570934249,0.8386459401992924,0.8421212841854935
CAHS_68135_tile4,nardini_Iso point_raw,0.15548165580140982,0.19762838119728468,0.16592611448056593,0.0022100828694191148,0.015196216805812356,0.37235040811044273,0.404,31,0.13816356535571436,0.6100724927672726,0.6357787093495935
CAHS_68135_tile4,nardini_PPII_raw,0.07231874179320577,0.14959796895802244,0.07417040496919787,0.06668026012987271,0.9381919822039421,0.5766436744846979,0.62,59,0.12389634783085363,0.7693680855856845,0.7925285895806861
CAHS_68135_tile4,nardini_A Patch_raw,0.09283472161567997,0.0748561052175783,0.09306511126440782,0.09277902513672798,0.1523329533252153,0.25254211373455393,0.204,153,0.1227449714071076,0.4820822892162453,0.43387737843551794
CAHS_68135_tile4,nardini_D Patch_raw,0.35578757697083574,0.2560061320047474,0.3713072089240893,4.249646100859567,2.7720249728529986,0.19117724580409,0.182,14,0.12480929417184515,0.42269078962398804,0.4114426966292135
CAHS_68135_tile4,nardini_E Patch_raw,0.362839657683304,0.26863674963293227,0.3880030008535097,1.9404492169700456,2.7411190420044425,0.23834456281995195,0.194,11,0.11775644179296943,0.4693467385689165,0.42243290043290044
CAHS_68135_tile4,nardini_G Patch_raw,0.32048367154288016,0.2771772768738942,0.33666570817070873,2.0797047866055602,2.85051692429248,0.2391954465820382,0.258,14,0.0857790316629408,0.4693467385689165,0.4869568480300187
CAHS_68135_tile4,nardini_K Patch_raw,0.034776181923558996,0.0867948974972278,0.028253200201799177,0.7256749204879801,0.3477688338441845,0.7403684839547202,0.65,140,0.12092957518770098,0.860986316479337,0.8087450980392157
CAHS_68135_tile4,nardini_N Patch_raw,0.4760461732383387,0.3582572624204437,0.5030030300035688,3.9669521037625395,2.6708260457070967,0.20387668200843206,0.2062062062062062,8,0.29461634844096685,0.43525363987369536,0.4348919149757724
CAHS_68135_tile4,nardini_Q Patch_raw,0.006029625386776473,0.30018508372029473,0.0378226311955082,-0.864932311948552,1.3449314995369472,0.8978566533141745,0.994,14,0.21658002032798557,0.9507829402463785,0.994
CAHS_68135_tile4,nardini_R Patch_raw,0.6281358081306805,0.3157620248333856,0.6573757351339166,3.3776994733374663,1.9508838246784548,0.10857989515216841,0.07128309572301425,7,0.08260772740552316,0.2905089747954293,0.2208292682926829
CAHS_68135_tile4,nardini_S Patch_raw,0.05093305671563327,0.16193541029854597,0.06170436405529095,0.29943695410100785,0.6242264925916359,0.7052534020644307,0.736,40,0.10429002782286516,0.8396271271914997,0.8579559675550406
CAHS_68135_tile4,nardini_T Patch_raw,0.050368167000088594,0.4955208476058792,0.08383383833392813,1.3923453447345955,7.124865154544721,0.8435464923328297,0.866,8,0.1515993658443242,0.9262011092686062,0.9327580299785867
CAHS_68135_tile4,nardini_Frac A_zscore,0.26236920544892056,0.08783863972652332,0.2596749605325393,0.025664646756827697,0.014686572095125033,0.0017367095317531458,0.01,143,0.11393760483671633,0.013866109436060831,0.05408602150537634
CAHS_68135_tile4,nardini_Frac D_zscore,-0.08261849471039844,0.08390151023763713,-0.08326224097243398,-0.025714201207158907,0.04585419486386093,0.32630231346382477,0.312,141,0.12909762140400463,0.564020837361869,0.5516203866432338
CAHS_68135_tile4,nardini_Frac E_zscore,-0.0992470170954138,0.06495388108520758,-0.09756487782158278,-0.011749410377108528,0.047577597886357244,0.11171306455246542,0.144,267,0.11659399654698323,0.2957456393152111,0.34739568345323735
CAHS_68135_tile4,nardini_Frac F_zscore,-0.015820503773026722,0.06602033891681812,-0.016010873070451473,-0.013320919175775249,0.0533515677046403,0.8201979527280386,0.824,204,0.12414322211081177,0.9077218266715147,0.9089298245614035
CAHS_68135_tile4,nardini_Frac G_zscore,0.09738096531871256,0.11178280039665205,0.09223709705126173,0.025616072093210457,0.02925438496780484,0.3899563173522249,0.368,89,0.11826652398360442,0.6256715394837931,0.6122039473684211
CAHS_68135_tile4,nardini_Frac H_zscore,0.11356891473537317,0.061824131419873224,0.11018563948046024,0.04271771628753938,0.08903691591635142,0.10715147458470388,0.076,215,0.12219911058540993,0.28976984793605404,0.23098489425981875
CAHS_68135_tile4,nardini_Frac I_zscore,0.13697114749489345,0.08160279131963472,0.13752530010829303,0.018276121982516023,0.03353173350707305,0.06412047597842285,0.084,182,0.13089918036557843,0.2060868972341642,0.24781231671554255
CAHS_68135_tile4,nardini_Frac K_zscore,-0.23899975469307658,0.07844894223866634,-0.24328275309492473,-0.07230199287007036,0.02756340968877643,0.002001321109134317,0.001,159,0.11925526969062192,0.015252492695372141,0.008824561403508771
CAHS_68135_tile4,nardini_Frac L_zscore,0.1532891346481226,0.06301258300101106,0.15518440164703937,0.1087120236095892,0.0458007839872103,0.021600993841321962,0.01,219,0.12659748874547783,0.09922648312497669,0.05408602150537634
CAHS_68135_tile4,nardini_Frac M_zscore,-0.20647756362246758,0.05816996518610284,-0.2095503337499621,-0.0810374517120839,0.026393411770959448,0.00046860718569308293,0.002,275,0.12186105020290426,0.0051804266901894665,0.01426950354609929
CAHS_68135_tile4,nardini_Frac N_zscore,-0.11926209684243542,0.07178012777149392,-0.11870208311657522,0.0243714891384625,0.04517706100731108,0.09579215064383247,0.11,198,0.1248530388710799,0.269181294825965,0.2950933333333334
CAHS_68135_tile4,nardini_Frac P_zscore,-0.20707936305806565,0.062350160608385115,-0.2084122641332285,-0.04226877035961365,0.020975095312963574,0.0005039275952213317,0.001,275,0.12186105020290426,0.005337874989018691,0.008824561403508771
CAHS_68135_tile4,nardini_Frac Q_zscore,0.20466220796862614,0.10369935326513521,0.20287712890271092,0.029203058190724288,0.024581051063754328,0.07679821886326411,0.07,77,0.14386798738946774,0.23411820659528393,0.21869565217391307
CAHS_68135_tile4,nardini_Frac R_zscore,0.11422292428213399,0.0686621281694898,0.11564424631099064,0.029431757174236194,0.023629202770499295,0.10383319290296328,0.1,199,0.12133835730944299,0.286181348110633,0.2733695652173913
CAHS_68135_tile4,nardini_Frac S_zscore,-0.3088437258649839,0.0608187681617421,-0.3101624330161355,-0.1280505054044137,0.017480551801470276,2.1927598300858823e-07,0.001,268,0.12271873435731802,1.2255091050368876e-05,0.008824561403508771
CAHS_68135_tile4,nardini_Frac T_zscore,-0.18099526343192185,0.06556806916792508,-0.18246431476553873,-0.01573783338256583,0.028843933330014417,0.002817264422690664,0.004,266,0.12181074595883913,0.01995892964244231,0.024839506172839507
CAHS_68135_tile4,nardini_Frac V_zscore,-0.27382370962130737,0.09168530747925017,-0.2719810872751978,-0.0533436886403166,0.026368561806540073,0.0038806201676108536,0.002,111,0.10725059416582115,0.02620069723903704,0.01426950354609929
CAHS_68135_tile4,nardini_Frac K+R_zscore,0.041006757362188076,0.14340879652196042,0.0358833413744283,-0.01812019784099192,0.03762197718221933,0.792894031124239,0.836,56,0.15417780968957984,0.886279328123316,0.9131552660152008
CAHS_68135_tile4,nardini_Frac D+E_zscore,-0.14462123345908037,0.14513648582936162,-0.15073657955293118,-0.02729397994759209,0.05784965406559744,0.25029962279109313,0.298,60,0.1550036708863388,0.47962175338636137,0.5343814616755793
CAHS_68135_tile4,nardini_Frac Polar_zscore,-0.12095541461349131,0.06370502519967507,-0.12183844129327234,0.015159210303656223,0.02666477853179611,0.04350948770789467,0.056,275,0.12186105020290426,0.16033166532652762,0.18841471571906354
CAHS_68135_tile4,nardini_Frac Aliphatic_zscore,0.011123597113188737,0.11687302498017997,0.008837507557317697,-0.03953077786654819,0.03647994178645344,0.9333672860803316,0.92,92,0.12001247031515908,0.9630435792787831,0.9571044467425026
CAHS_68135_tile4,nardini_Frac Aromatic_zscore,0.18571061470789604,0.0623735538806062,0.18542382741163332,0.25976993623678973,0.07962196998416571,0.005372196387604206,0.004,224,0.12230053325610221,0.033777684787061446,0.024839506172839507
CAHS_68135_tile4,nardini_R/K Ratio_zscore,0.22825866316827353,0.057293060778010864,0.23253263329971036,0.05519911548865741,0.010034233472988718,0.0001221742821664067,0.001,268,0.12101188546945664,0.0017558189694200736,0.008824561403508771
CAHS_68135_tile4,nardini_E/D Ratio_zscore,-0.06372616238417929,0.06632212708744366,-0.06432085893612,-0.03568629777476029,0.039267185322526564,0.3015029957948515,0.344,260,0.1213439160720146,0.5377872584567741,0.5915623931623931
CAHS_68135_tile4,nardini_Frac Chain Expanding_zscore,-0.12333777787476802,0.08848552289548703,-0.12641909655473013,-0.05918993291867893,0.02665411402223359,0.18211487298486312,0.172,113,0.13350003740511154,0.4071279160506051,0.39595423340961095
CAHS_68135_tile4,nardini_FCR_zscore,-0.047325304135577756,0.1677147881886027,-0.043058276192392574,-0.03626266772772475,0.04273093526965528,0.7892342829245214,0.786,41,0.16025118771253863,0.8858023642421612,0.8874478114478115
CAHS_68135_tile4,nardini_NCPR_zscore,0.19591570956746202,0.1667564047864595,0.19523819544568013,0.0002888624114387713,0.043191543557575915,0.23361555107765933,0.256,39,0.15019184425868762,0.46723110215531866,0.48500188323917137
CAHS_68135_tile4,nardini_Hydrophobicity_zscore,-0.15843960219031952,0.0800685134819426,-0.157465099268641,-0.10298388704743235,0.06484480309101813,0.04150215728747272,0.054,168,0.11682514230331706,0.1546339638192502,0.18604109589041096
CAHS_68135_tile4,nardini_Disorder Promoting_zscore,-0.08119126307597341,0.07877325073203795,-0.08478289663802348,-0.04015317318365265,0.023202504868424713,0.2804135102636354,0.316,164,0.11621980116266865,0.5138360497727089,0.5567355516637479
CAHS_68135_tile4,nardini_Iso point_zscore,0.27475848829444555,0.07710455470067837,0.27752350812395904,0.014526997341005491,0.05180998169942734,0.0005370813866651922,0.001,152,0.12520177838813085,0.0055133048467875855,0.008824561403508771
CAHS_68135_tile4,nardini_PPII_zscore,-0.1214500726331121,0.07753097010263314,-0.11978984813617083,-0.03642351176301343,0.028702251405430423,0.10530260640544795,0.126,184,0.12194667782990021,0.28630924876724495,0.3250153846153846
CAHS_68135_tile4,cider_kappa,0.09801699220191157,0.08500708658190545,0.09852090178297516,0.08975914730690991,0.07387332996517804,0.24855557510406245,0.246,139,0.1394984317510463,0.4771887567837535,0.47500191938579656
CAHS_68135_tile4,cider_omega,0.2906454870912854,0.06789517478968406,0.2945006683352966,0.37705523806683006,0.1469415978625358,3.2198677495971e-05,0.001,193,0.13298225468205546,0.0006478373912189364,0.008824561403508771
CAHS_68135_tile4,cider_delta,0.05293760440282943,0.08685083091024423,0.053041882897223405,0.7014844283512113,0.33414924738813634,0.5336712089728819,0.552,140,0.14089790890156847,0.7274705097923024,0.7490913978494624
CAHS_68135_tile4,cider_mean_net_charge,0.08803892163634756,0.16135783601759793,0.10134005533113381,0.4895767356301785,0.43609352043734423,0.5230924095452107,0.604,42,0.15199264854025873,0.717914002731899,0.7840309677419355
CAHS_68135_tile4,cider_fraction_neutral,0.2485037772504619,0.1357647112217373,0.25086985942034695,0.3822363061337858,0.20126170758448775,0.1342179760542662,0.086,37,0.15503616295337128,0.33504536950519054,0.24885805345575462
CAHS_68135_tile4,sparrow_SCD,-0.02573126478226216,0.08316236696092451,-0.02560497023075135,-0.0011398821012381527,0.003467871900328229,0.7486867725843553,0.744,159,0.13623839095648782,0.8627478731040795,0.8612934407364787
CAHS_68135_tile4,sparrow_SHD,-0.08794240498877386,0.17535332377563798,-0.08449477351916378,-0.09264935757716648,0.07117802495211271,0.5994164718346338,0.608,41,0.1349099561583996,0.7841521074975832,0.7861799485861183
CAHS_68135_tile4,sparrow_complexity,0.002201229395773165,0.09628584701542305,0.007246131687327551,0.09820795906508016,0.7765464123472918,0.9376589154950616,0.978,119,0.11457187826173415,0.9635187630112686,0.9858396793587174
CAHS_68135_tile4,sparrow_scaled_rg,-0.2059192635183195,0.10807593192408495,-0.2033410954743343,-0.025986586491905436,0.007192193538266492,0.06357341769560335,0.07,84,0.14741044631550185,0.20498351987749025,0.21869565217391307
CAHS_68135_tile4,sparrow_scaled_re,-0.21221309030549868,0.10343510466997452,-0.21255475010997837,-0.008275115726894608,0.0017237819766887333,0.03561802447069191,0.036,98,0.14182546557442371,0.1399677055371721,0.1425826771653543
CAHS_68135_tile4,sparrow_prefactor,0.5115035998678411,0.13361475713275106,0.5217567458066608,0.013622940679606139,0.002777644320073417,0.00039469640361636704,0.001,42,0.13248259212799873,0.004512097523159832,0.008824561403508771
CAHS_68135_tile4,sparrow_scaling_exponent,-0.3831712314410743,0.18742912587004854,-0.40415140415140416,-0.3308703797004894,0.16327351567232465,0.0365458158654563,0.062,27,0.16519593689873602,0.14154370598058424,0.20316612377850163
CAHS_68135_tile4,sparrow_asphericity,-0.3981362451879329,0.19194650541600675,-0.4044444444444444,-0.6201046248197606,0.6379895647649079,0.04042831577033426,0.048,26,0.14619509236868292,0.15232541447549164,0.1706289752650177
CAHS_68135_tile4,mpipi_epsilon_self,-0.330972944482489,0.06420230024138573,-0.3264391517272014,-0.008018879085354227,0.004976206869316179,6.582599571662976e-07,0.001,222,0.12288631354585072,2.8791718126491103e-05,0.008824561403508771
CAHS_68135_tile4,calvados_epsilon_self,-0.34909103843377304,0.06275737002991157,-0.3514650638617581,-0.007231931729969164,0.0031995110749250587,7.458160371219704e-08,0.001,222,0.12624704136901244,5.9682107568817684e-06,0.008824561403508771
CAHS_68135_tile4,avg_helix_prob,0.21186485547494055,0.058369549302702946,0.21623083085374223,0.15819967081649167,0.05106438561463705,0.0004938493160925287,0.001,256,0.12303805471801639,0.005337874989018691,0.008824561403508771
CAHS_68135_tile4,avg_beta_prob,0.13523314000257183,0.06758057826943839,0.1375244333184733,7.4318517849335715,3.745157715712376,0.03284251538856264,0.046,241,0.12324746675326786,0.1350979719559509,0.16889051094890511
CAHS_68135_tile4,avg_coil_prob,-0.19242842356464818,0.057850919637284795,-0.19463489058682404,-0.12281729948857338,0.04745628345423778,0.0013083927342149933,0.002,270,0.12230059389724014,0.011445592092350288,0.01426950354609929
CAHS_68135_tile4,avg_nes,-0.015132268208427632,0.06667663210706831,-0.011801234610237504,0.24662153018645666,1.2310314847856718,0.8550805280947941,0.82,242,0.12451653465938724,0.9339967549005026,0.9075027502750274
CAHS_68135_tile4,avg_nis,0.12299890701803895,0.059642141803546656,0.11839251192832831,0.3790354098674437,0.21914890544581445,0.05610328648288684,0.04,261,0.12311908146607364,0.19067535878981134,0.1524242424242424
A0A438HAK2,nardini_Frac A_raw,0.18893132641650157,0.08155375733625414,0.18950563395082176,1.4281089742288997,0.8074042158839211,0.01708907643852482,0.034,158,0.17726628564520858,0.08427260243703906,0.13847773279352227
A0A438HAK2,nardini_Frac C_raw,-0.07623298701699377,0.25304073746849304,-0.07472375596744554,-22.472936308782575,37.49839430306927,0.7756251916979766,0.73,17,0.2699866313269724,0.8806760077293052,0.8549243306169966
A0A438HAK2,nardini_Frac D_raw,0.15567023402499078,0.08632626268831424,0.15808109745408072,1.5312160725621211,1.2774845616996933,0.07024310175434853,0.088,132,0.18547239407906305,0.220138817336058,0.2522165242165242
A0A438HAK2,nardini_Frac E_raw,0.13239105942017784,0.08479101377275121,0.13319715485287031,2.4780986552558435,1.1469635578955604,0.12640743934728546,0.112,133,0.18678961294779875,0.31951227131499793,0.29728759894459106
A0A438HAK2,nardini_Frac F_raw,-0.3755330834461574,0.0715235982173292,-0.3783805156594142,-8.843221112906306,2.8987007338513195,1.8756904269334984e-05,0.001,121,0.1653482364740505,0.0004288510385216135,0.008824561403508771
A0A438HAK2,nardini_Frac G_raw,0.20795897274771027,0.10756924130432188,0.20902944988179917,1.8750919947318447,0.9064017848355981,0.057897177838379874,0.072,83,0.15306332005623527,0.19367115284135566,0.2208292682926829
A0A438HAK2,nardini_Frac H_raw,0.09117910679022126,0.1187353012132178,0.09058632448654891,-4.905096104311987,6.226551324133177,0.4272247327124694,0.46,79,0.14560537854320135,0.6531733755452039,0.6834319180087849
A0A438HAK2,nardini_Frac I_raw,-0.32689678953130974,0.07599880061963574,-0.32639789158802146,-6.391165752481371,1.8141244747225056,8.29500502716801e-05,0.001,140,0.17082217101442368,0.001324567469417622,0.008824561403508771
A0A438HAK2,nardini_Frac K_raw,0.10614457371230461,0.08470957147824729,0.10187698478491063,0.7394042376531408,0.5927551530765968,0.19565230159109911,0.204,163,0.1701359405350982,0.4297515620101435,0.43387737843551794
A0A438HAK2,nardini_Frac L_raw,-0.21116040803262054,0.0787388900144151,-0.2086362091182337,-2.975880425963269,1.9846647576491996,0.01121406092021668,0.004,147,0.158989794077892,0.05982364979316676,0.024839506172839507
A0A438HAK2,nardini_Frac M_raw,0.12361000242271439,0.07978013407899584,0.12696549744263003,1.987515298963168,2.982301358251366,0.10521543294548852,0.132,164,0.14513033152000154,0.28630924876724495,0.3344886649874056
A0A438HAK2,nardini_Frac N_raw,-0.11391646608982287,0.07763013427983505,-0.11539808315487636,-1.4827583694276674,0.8959176216807943,0.14619676487268407,0.172,160,0.1744640154211749,0.35185154416727316,0.39595423340961095
A0A438HAK2,nardini_Frac P_raw,0.1683869438297222,0.10045381507236234,0.16892931187723748,1.9020868301152605,0.9952639510920431,0.12450735953048905,0.096,84,0.1572445926024319,0.31709975617132147,0.26976536312849164
A0A438HAK2,nardini_Frac Q_raw,-0.08486729897732687,0.0830833819308343,-0.08413267055540556,-2.1532836806575104,1.1873298458122785,0.30766629324115413,0.306,149,0.17864456356890349,0.5449160052827483,0.5458085106382978
A0A438HAK2,nardini_Frac R_raw,-0.08300761795057231,0.08533209866880356,-0.08198582699993484,-0.18724237084248171,0.646032141375787,0.2996538797328674,0.356,162,0.1740503863106945,0.5354383712455855,0.6039392917369308
A0A438HAK2,nardini_Frac S_raw,0.047564026872186665,0.08529300930161,0.04962506199140081,0.3956445703682899,0.45159364712910377,0.5589648295962801,0.572,141,0.17284764219795906,0.7507591703255778,0.7641859229747676
A0A438HAK2,nardini_Frac T_raw,-0.281484630566318,0.08000809110510007,-0.2812045632462984,-1.8052790789754505,0.9389429580582813,0.002037986009587363,0.001,118,0.16534044557272745,0.015415142298081858,0.008824561403508771
A0A438HAK2,nardini_Frac V_raw,-0.10826751059345265,0.07829436465055123,-0.10956920805175699,-1.9398663938515013,1.639536417919073,0.20079340919166982,0.158,138,0.16810798096373983,0.4334724670532615,0.3705081585081585
A0A438HAK2,nardini_Frac W_raw,0.459985119607507,0.19737804132951087,0.47177280946077055,37.50485539046858,23.876949446123444,0.04808663216181027,0.055900621118012424,18,0.2737921511007927,0.17276839983850403,0.18841471571906354
A0A438HAK2,nardini_Frac Y_raw,0.20689322124955595,0.07997686454128375,0.2052220295882573,3.4595138040208524,3.90381152668356,0.020134222622105537,0.008,128,0.16413143546908182,0.09509402797107122,0.045213483146067414
A0A438HAK2,nardini_Frac K+R_raw,0.05353773244895337,0.14020801199347704,0.049939241309674295,0.4887657696060302,0.652374901823439,0.7121945744181275,0.7,57,0.2319531650908449,0.8419127401464587,0.8407285714285714
A0A438HAK2,nardini_Frac D+E_raw,0.2705158710145763,0.11479654594835152,0.271857161396531,1.6225980769781236,0.8877418095970777,0.040785016341686235,0.022,57,0.2355289689351207,0.1530959941781207,0.1010593607305936
A0A438HAK2,nardini_Frac Polar_raw,-0.23071149265233754,0.11402026029274602,-0.23303975572509397,-1.3451925371287925,0.68608954034596,0.03399087081173588,0.048,83,0.20158003495496768,0.13732857846026625,0.1706289752650177
A0A438HAK2,nardini_Frac Aliphatic_raw,0.1454238050925415,0.13960795560913128,0.14429778156172965,0.9685190828632967,1.0321075498269192,0.27133987387596015,0.274,60,0.16355245633553223,0.5045617617730423,0.5066985294117647
A0A438HAK2,nardini_Frac Aromatic_raw,0.14944182100144013,0.11692523273356487,0.14422539054537367,-1.759558535269263,7.676201099279389,0.19610198171376214,0.222,82,0.1628477058509675,0.4298008575251519,0.4548513238289206
A0A438HAK2,nardini_R/K Ratio_raw,-0.13787983613387952,0.0634828009411521,-0.14050206291685863,-0.12141769740110007,0.04779755976654432,0.019533120767028494,0.026,276,0.14336149924750743,0.09402066742407017,0.11372173913043478
A0A438HAK2,nardini_E/D Ratio_raw,-0.022504635612853888,0.08766484067985629,-0.0226039803905521,0.19577872299526639,0.1545486079744359,0.7969759282532827,0.806,132,0.19084559870031237,0.8898532561851302,0.8969424778761063
A0A438HAK2,nardini_Frac Chain Expanding_raw,0.21327272264941344,0.11378317613321817,0.21826796252863453,1.050143167582088,0.540550665743988,0.0474423627267059,0.06,83,0.1956826208581232,0.1716799169175041,0.1979016393442623
A0A438HAK2,nardini_FCR_raw,0.19214577513993272,0.1598373550466382,0.19699535356062908,0.91348227531552,0.5736343033861993,0.22935139657871761,0.246,39,0.26621265966220137,0.4633082428879316,0.47500191938579656
A0A438HAK2,nardini_NCPR_raw,0.005970321057408975,0.1428936941280413,0.0067312148843108235,-0.3305005904281865,0.5190763660960681,0.9658296301636171,0.98,43,0.25535498964241676,0.9784739254225567,0.9859201596806387
A0A438HAK2,nardini_Hydrophobicity_raw,-0.22747096068978795,0.16958099624968687,-0.23692307692307688,-0.34765169831793186,0.2767381212078462,0.24387921837507234,0.208,26,0.2257550457518989,0.47272156779445623,0.43684342379958246
A0A438HAK2,nardini_Disorder Promoting_raw,0.4338510936632202,0.07451202923760113,0.43511283658338124,1.9804457785588059,0.5872768716490923,1.337011245706935e-07,0.001,135,0.16179764321239837,8.406458207382355e-06,0.008824561403508771
A0A438HAK2,nardini_Iso point_raw,-0.07643248426405223,0.12573347065164447,-0.0744260857236764,-0.007104676708982434,0.015123319396867221,0.5891758675964387,0.546,55,0.1932959163950922,0.778857980028932,0.7473142857142858
A0A438HAK2,nardini_PPII_raw,0.36171569244331364,0.08070436439048631,0.36560247638676424,5.4762275149954425,2.0636897723301892,0.00046056159596136973,0.001,88,0.1674748903411114,0.005148055172634866,0.008824561403508771
A0A438HAK2,nardini_A Patch_raw,-0.09644987026924905,0.12797555523946164,-0.09585163827646627,-0.6040377888799634,0.8322213475882817,0.4439207580387421,0.444,66,0.10723308463970026,0.6663133290746569,0.6706666666666666
A0A438HAK2,nardini_E Patch_raw,0.26850325402745306,0.33565897265643246,0.2725872931160741,3.469927293417737,4.528601017868415,0.39134968187992536,0.438,12,0.07401927075161734,0.6259106199860173,0.665624060150376
A0A438HAK2,nardini_G Patch_raw,-0.46774439731593165,0.1657011264878366,-0.4900330508847433,-3.377269168139972,2.068552517656473,0.020606049015847387,0.02,22,0.09457050854689074,0.0964112021099963,0.09314814814814815
A0A438HAK2,nardini_K Patch_raw,-0.015299979350476512,0.08396582306424889,-0.017052848271331612,0.3923776255770251,0.5289237348220492,0.8375684792602551,0.86,147,0.14991726264919536,0.9228848741903797,0.9322844827586206
A0A438HAK2,nardini_N Patch_raw,-0.5371446307923419,0.35605183923219946,-0.6087595874350709,-7.75719408929041,7.4818507308052675,0.19966018946036257,0.08608608608608609,6,0.4640200206973488,0.4319530120368274,0.24885805345575462
A0A438HAK2,nardini_R Patch_raw,0.10540759507658436,0.30991594215395624,0.13602320451845906,0.37730006379183195,1.28707340391247,0.6428869737970816,0.71,14,0.09827122711497917,0.812214610252778,0.8432821723730813
A0A438HAK2,nardini_S Patch_raw,-0.3682884841227157,0.14004331588038496,-0.38022259486383386,-1.1468950024566376,0.5133851186966851,0.015513768432081925,0.02,40,0.11377974534970067,0.07842638714911768,0.09314814814814815
A0A438HAK2,nardini_T Patch_raw,-0.35992627310848163,0.22819899550975817,-0.3870736510139445,-11.547024531690735,15.11423107660154,0.2395687136428985,0.144,11,0.4024104591975679,0.4693467385689165,0.34739568345323735
A0A438HAK2,nardini_Frac A_zscore,0.19551077919550366,0.08391487952192604,0.19461665195141398,0.06487852187721607,0.0349612807756039,0.014587799341670293,0.028,157,0.17790787137563455,0.07449404130822494,0.12089270386266095
A0A438HAK2,nardini_Frac D_zscore,0.17806533811007172,0.06346399277401728,0.18364595911860382,0.0433453128491878,0.05005118556469338,0.0028471704393618702,0.001,262,0.13047092959823478,0.020029744489496792,0.008824561403508771
A0A438HAK2,nardini_Frac E_zscore,-0.00444781414424077,0.061377364705015924,-0.0052441659727385116,0.07017541535380174,0.08883851024018023,0.9324173188211267,0.95,264,0.13265238943619534,0.9630435792787831,0.9742099898063201
A0A438HAK2,nardini_Frac F_zscore,0.049423468702537623,0.07249494580328918,0.045863855307943964,-0.11809630490789523,0.07577609567046327,0.5190005486825262,0.504,200,0.14750998876215168,0.714246993125337,0.7121123595505617
A0A438HAK2,nardini_Frac G_zscore,0.20888932441670988,0.1083285616624758,0.20902944988179917,0.07787641063693652,0.03754017409597963,0.057897177838379874,0.056,83,0.15306332005623527,0.19367115284135566,0.18841471571906354
A0A438HAK2,nardini_Frac H_zscore,0.2989674994639779,0.06878414119009776,0.2988907229913086,-0.035847080072636005,0.28728476140006903,8.630799496501057e-06,0.001,214,0.15077604319927207,0.0002163443872277647,0.008824561403508771
A0A438HAK2,nardini_Frac I_zscore,0.0036543524796067957,0.07625720675002085,0.003502758696593813,-0.053996033810629354,0.061456468330303604,0.9606398902140969,0.912,201,0.14674957388407409,0.9761653833892742,0.9537130977130978
A0A438HAK2,nardini_Frac K_zscore,0.07461722514845476,0.08634303689640718,0.07621077898779764,0.028927756504720903,0.04725413108023959,0.3475189433030954,0.402,154,0.15988197808295468,0.5817039217352978,0.6338746081504703
A0A438HAK2,nardini_Frac L_zscore,-0.021408425052930617,0.0989024326385298,-0.01865750857071016,-0.04418823970725072,0.04672178798349788,0.8614398073296747,0.818,90,0.13913726106967572,0.9353331414384183,0.9072855567805953
A0A438HAK2,nardini_Frac M_zscore,-0.08699394520690511,0.06431714786733009,-0.08794615998459002,-0.04389091563962607,0.04367213261848077,0.14504313605846156,0.18,276,0.14336149924750743,0.3499122179252094,0.40875846501128665
A0A438HAK2,nardini_Frac N_zscore,0.03699096255739153,0.07777116918249884,0.03770536266412615,-0.0678155837954491,0.07162851972046201,0.5969879776350968,0.642,199,0.14751573671057502,0.7837353660915137,0.8078104738154614
A0A438HAK2,nardini_Frac P_zscore,0.4089507533209794,0.055597695248538484,0.41017768189170384,0.15977451805288553,0.04482098264644346,1.3877947532938273e-12,0.001,275,0.14337320732220654,1.3961215218135905e-09,0.008824561403508771
A0A438HAK2,nardini_Frac Q_zscore,0.22576364946963534,0.0691501717071203,0.22827970067946277,-0.053644144899252726,0.07351651035825381,0.0014078881696556673,0.002,193,0.14325438666303872,0.012002843209098316,0.01426950354609929
A0A438HAK2,nardini_Frac R_zscore,0.18550098444602217,0.11159192340460979,0.18095123213839195,0.04554028371003356,0.034081430708544566,0.08786327701252201,0.098,90,0.17955810307846012,0.25399556515688837,0.27234254143646414
A0A438HAK2,nardini_Frac S_zscore,0.05890178189824708,0.06329409801440254,0.0586005157348312,0.024988555008754312,0.03261824591896478,0.33742681259188323,0.36,270,0.14392637419053358,0.574367806205473,0.6066331658291457
A0A438HAK2,nardini_Frac T_zscore,-0.18328296767353774,0.06698647069242773,-0.18566593478758525,-0.09293668331628512,0.05324988681448378,0.004375318013519171,0.012,234,0.15546613998025774,0.02914946967947209,0.06254922279792746
A0A438HAK2,nardini_Frac V_zscore,-0.10732139968752558,0.08483669700157195,-0.10428463041593562,-0.03508881047017465,0.04783744555874585,0.23954414960476483,0.192,129,0.16776546098941042,0.4693467385689165,0.42172925764192143
A0A438HAK2,nardini_Frac Y_zscore,-0.022168623860801505,0.20452246885960348,-0.019843353234945404,0.09549463865712872,0.17078756498313466,0.9301557180120394,0.914,22,0.23328408528705033,0.9626920291359173,0.9538215767634854
A0A438HAK2,nardini_Frac K+R_zscore,-0.045323816657675,0.14698420773412943,-0.046736731073927715,0.0004956111609588947,0.06838968807548007,0.7421477374000436,0.762,52,0.20600422423263198,0.8611310540074324,0.873748183864004
A0A438HAK2,nardini_Frac D+E_zscore,0.1069456252388646,0.06009332178941901,0.10718061534544715,0.06351072855431641,0.05882115361343007,0.08100922218450701,0.078,266,0.13292965940177934,0.24254546880242278,0.2335357142857143
A0A438HAK2,nardini_Frac Polar_zscore,-0.13303638510549018,0.06841759465353402,-0.1335497668033933,-0.1600362517527,0.08170587240619492,0.0265157706623154,0.056,276,0.14336149924750743,0.11547560729995365,0.18841471571906354
A0A438HAK2,nardini_Frac Aliphatic_zscore,0.15800151085473607,0.08336874003747455,0.1570761504073808,0.0027765237686597963,0.05956725082038699,0.019471200260463277,0.076,221,0.15813113188670735,0.09402066742407017,0.23098489425981875
A0A438HAK2,nardini_Frac Aromatic_zscore,-0.12032074810530569,0.10328622873062183,-0.12324459324440905,-0.21641828145837397,0.20314490251018066,0.1051951509395409,0.276,174,0.1650860661826186,0.28630924876724495,0.5075978062157221
A0A438HAK2,nardini_R/K Ratio_zscore,-0.1271604408617373,0.06674372089646542,-0.13015574038705324,-0.041009767273630135,0.018462807660192176,0.03318402015502867,0.058,268,0.13657861483277584,0.1351629848184408,0.19256765676567658
A0A438HAK2,nardini_E/D Ratio_zscore,-0.016274220390963465,0.09548313967992554,-0.012859816905011567,0.058820621542216296,0.04746399386579986,0.8915009049403146,0.892,115,0.1536913700056312,0.946044209251009,0.9475733896515312
A0A438HAK2,nardini_Frac Chain Expanding_zscore,0.33727199949257547,0.05984533618420796,0.33926647300956164,0.1455896585020497,0.05155889494923891,7.330912332844777e-09,0.001,276,0.14336149924750743,1.105984088113263e-06,0.008824561403508771
A0A438HAK2,nardini_FCR_zscore,0.003313393625674695,0.07084563512493362,-0.0013262965224652085,0.08018228533328445,0.09059336042636212,0.9841451911350974,0.964,227,0.14769050458710703,0.9885356948616556,0.9795797979797979
A0A438HAK2,nardini_NCPR_zscore,-0.07189228927208918,0.14709541684720756,-0.07198631802208229,-0.05519634869187839,0.06486486462036842,0.6632040974675342,0.656,39,0.21236339315523095,0.8194492674320261,0.8087450980392157
A0A438HAK2,nardini_Hydrophobicity_zscore,0.0007115245997354743,0.07855687281892393,-0.0012598919227907145,-0.058566386746547516,0.046287372187767135,0.9860534268800687,0.986,195,0.14849823660373593,0.9890027392236781,0.9879641434262948
A0A438HAK2,nardini_Disorder Promoting_zscore,0.33096017958300045,0.05695723897302295,0.3314908426989615,0.07870698821612072,0.01742014498162207,1.6761279074966985e-08,0.001,276,0.14336149924750743,2.001503041005449e-06,0.008824561403508771
A0A438HAK2,nardini_Iso point_zscore,-0.013664356543126534,0.07980438804254068,-0.014460818546174852,-0.028308233373497176,0.04902852154224487,0.862939740025682,0.828,145,0.18504744412264273,0.9353331414384183,0.9095642701525054
A0A438HAK2,nardini_PPII_zscore,0.21666253167656857,0.06222457396406596,0.21986874833501105,0.15045593991133027,0.032940447299976486,0.00023204351833967527,0.001,276,0.14336149924750743,0.0030715234138120177,0.008824561403508771
A0A438HAK2,nardini_K Patch_zscore,-0.0669474206136132,0.1499405134170374,-0.0708967487764465,-0.03901189856075696,0.04896427878816556,0.621041334825776,0.656,51,0.1007714241163935,0.7968974270851156,0.8087450980392157
A0A438HAK2,cider_kappa,0.1474602405430024,0.09162619640576944,0.14708878349842194,0.31726256691433674,0.17664969600990524,0.11836393840820586,0.078,114,0.16216041045125926,0.308482181447293,0.2335357142857143
A0A438HAK2,cider_omega,-0.19111860417185045,0.06687698275550688,-0.19551811741434613,-0.35442138316057337,0.20925236327012842,0.007014189691481721,0.004,189,0.14671905557456152,0.042001635890658404,0.024839506172839507
A0A438HAK2,cider_delta,0.16273680843266386,0.08932982214328866,0.16580669048924507,1.5628137180541584,0.9943431578912604,0.06460748093338287,0.064,125,0.16400751075009626,0.20699084655727124,0.20769032258064518
A0A438HAK2,cider_mean_net_charge,0.11162996693899532,0.16419736714771013,0.11892358047581632,0.4100802952846075,1.1100299537983085,0.4589557138714462,0.514,41,0.2646243095807437,0.6734879553013446,0.7199667128987518
A0A438HAK2,cider_fraction_neutral,-0.23970177655648484,0.17392451484753135,-0.24041876340697632,-0.9290260004432608,0.5705272591870344,0.16416963747348387,0.192,35,0.2781445124977148,0.37612486172085674,0.42172925764192143
A0A438HAK2,sparrow_SCD,0.06845261831802801,0.09338502318720573,0.06554178751341926,0.00044666429062171104,0.012990322381196224,0.4641056264383495,0.482,127,0.16818312515193434,0.6756733143226912,0.696683908045977
A0A438HAK2,sparrow_SHD,0.05565946790499907,0.131701046481558,0.055237769999146244,-0.04076920748449845,0.08260799935050665,0.6973208870100978,0.664,52,0.15507908834506762,0.8387762977751326,0.8156092796092796
A0A438HAK2,sparrow_complexity,-0.296597986046693,0.09068054612186363,-0.30120257101389175,-1.7477996842388337,0.6065135006757232,0.0017943929012691436,0.004,105,0.14481682417349112,0.014102806708412177,0.024839506172839507
A0A438HAK2,sparrow_scaled_rg,0.17322259702034368,0.1389421171094482,0.17406962785114044,0.028309584581747486,0.029789530987846972,0.22666979438928458,0.196,50,0.1964913533045104,0.4599094115977992,0.425866090712743
A0A438HAK2,sparrow_scaled_re,0.171564451035298,0.10097086905258677,0.17055786169889645,0.004638298671928773,0.00463661828582887,0.1208644728123606,0.07,84,0.15763795850805865,0.3133754114670999,0.21869565217391307
A0A438HAK2,sparrow_prefactor,-0.04722797576721779,0.15639082989644149,-0.04243717401612138,0.0018566244512000037,0.005384976164038926,0.8030609354269154,0.762,37,0.1735352701933733,0.8946614629451571,0.873748183864004
A0A438HAK2,sparrow_scaling_exponent,0.0894100971093793,0.2386181712498619,0.09090909090909091,-0.5219440363107538,1.022302823757455,0.6951310760397713,0.694,21,0.19196324276497895,0.8386459401992924,0.8371270983213428
A0A438HAK2,sparrow_asphericity,0.07918196360287849,0.2471697714360806,0.08088235294117649,0.5962472368475046,0.7910996130984704,0.7576329086921563,0.702,17,0.07014788674496464,0.8680850867247257,0.8407285714285714
A0A438HAK2,mpipi_epsilon_self,0.1113278235355616,0.0754557266626198,0.11222340996572874,0.009770216677020131,0.012515201968005613,0.12622063694438176,0.138,187,0.15894371687563044,0.31951227131499793,0.342676399026764
A0A438HAK2,calvados_epsilon_self,0.25656735065969777,0.062256702549220846,0.25875014917688877,0.010125016541868384,0.002930640744329552,7.169470504366282e-05,0.001,230,0.14216434340962317,0.0011633044076439483,0.008824561403508771
A0A438HAK2,avg_helix_prob,-0.19889715179821577,0.0608230969273976,-0.19867454373364918,-0.8399326440127379,0.4150513248639947,0.00146000443545733,0.002,254,0.1444836620055752,0.012342558504790537,0.01426950354609929
A0A438HAK2,avg_beta_prob,-0.3886035454449201,0.05520211282666685,-0.3903386666751609,-4.565137005431694,0.751918307331501,2.0503019203013837e-10,0.001,247,0.13582413127876017,6.875345772743974e-08,0.008824561403508771
A0A438HAK2,avg_coil_prob,0.27864695369895515,0.07009164036061685,0.28164148568668484,0.9468995296844847,0.46628230766293083,0.00013982412595829607,0.002,178,0.1478330238723337,0.001973605009892403,0.01426950354609929
A0A438HAK2,avg_nes,-0.12109875126805746,0.06190969236412554,-0.12364843933930585,-0.652661046767443,1.1957859685414785,0.05373821303131135,0.064,244,0.14739850748026917,0.18577540312542687,0.20769032258064518
A0A438HAK2,avg_nis,0.1884509033509184,0.06424011675127296,0.188753996063937,0.6586952320505455,0.40438626367448416,0.002731093888738521,0.008,250,0.14469149476384893,0.019624860371935372,0.045213483146067414
Asyn_isoform_5,nardini_Frac A_raw,-0.022070352279327615,0.12743424527398686,-0.019566662609300026,-0.06498059571865047,0.42703671791340564,0.8800175103927688,0.886,62,0.15265500318734004,0.9408051173805796,0.9475733896515312
Asyn_isoform_5,nardini_Frac C_raw,-0.21322935261540413,0.16782261845608615,-0.2184473238028509,-7.727889907188629,7.197005365192418,0.2074137544235927,0.212,35,0.15359784207457786,0.43704696445358476,0.4443166666666667
Asyn_isoform_5,nardini_Frac D_raw,-0.08639098956836457,0.13552352457304578,-0.07972505767092784,-1.4062407385611213,1.2014516575773497,0.5413556449218008,0.502,61,0.16865964170544423,0.7319943263324349,0.7102841068917018
Asyn_isoform_5,nardini_Frac E_raw,-0.06745295903823426,0.1396964105532552,-0.06417866858085636,-0.9582274106882714,1.043821386327816,0.6143808495117201,0.64,64,0.16587091611152965,0.7923937623189621,0.8078104738154614
Asyn_isoform_5,nardini_Frac F_raw,0.10280069513954798,0.1452382098131029,0.10555477757086941,0.5448321111553307,1.0494843395498834,0.49528748039293224,0.47,44,0.1434392496166953,0.7067506457805529,0.6882387190684134
Asyn_isoform_5,nardini_Frac G_raw,0.22074256527220643,0.19503748971211043,0.22758597621367674,1.3950630398735706,1.4063200890205898,0.20274679525421516,0.278,33,0.14703307496688747,0.435029011354754,0.5094134790528233
Asyn_isoform_5,nardini_Frac H_raw,-0.26303607779835625,0.1857322819755207,-0.26513899019316695,-3.1664827801079336,2.0106756274050888,0.18135996302674662,0.166,27,0.15495611588178584,0.4071279160506051,0.38567205542725175
Asyn_isoform_5,nardini_Frac I_raw,0.007279687573694875,0.13635124127943316,0.012486411021639755,1.3556706899557258,1.9076490082919322,0.9258819637718074,0.95,58,0.1623033961338501,0.9612355578477175,0.9742099898063201
Asyn_isoform_5,nardini_Frac K_raw,0.11211512788856735,0.13503300261995912,0.10773532987003168,0.947201632077127,0.7574535740828144,0.38551164292969053,0.374,67,0.15106030813520827,0.6225115775076544,0.6147777777777778
Asyn_isoform_5,nardini_Frac L_raw,-0.06726004561870726,0.12473100280870843,-0.06763338332693243,-0.6986739985027216,1.7523041463030178,0.6076337651668093,0.588,60,0.14244015703646443,0.78908581654824,0.7742513089005235
Asyn_isoform_5,nardini_Frac M_raw,-0.07717349010807359,0.12357401252856633,-0.07576738228579527,-0.8283035384970383,1.580899156439612,0.5153604341098623,0.502,76,0.16555689685802405,0.7141220340420407,0.7102841068917018
Asyn_isoform_5,nardini_Frac N_raw,-0.08189783401803534,0.1314604469359115,-0.08223694233074097,-0.3236852566078521,0.7236288673180707,0.5286474419530354,0.524,61,0.1616423059552063,0.7235637096663314,0.7291065006915629
Asyn_isoform_5,nardini_Frac P_raw,0.14089663980085537,0.17683736790311763,0.13982769423065347,1.2854988880155935,1.1052093179307891,0.4531149841479478,0.43,31,0.1439313153635374,0.6693592864211975,0.6624502297090352
Asyn_isoform_5,nardini_Frac Q_raw,-0.14266807159165795,0.13390320489150317,-0.14828021736033656,-0.06944005562146438,0.7572216983418554,0.2422669064616975,0.284,64,0.1642574132475751,0.47141297466241333,0.5175797101449274
Asyn_isoform_5,nardini_Frac R_raw,-0.17571215878149168,0.134285620473399,-0.18110764901839801,-0.2507035423634568,1.0335097081665303,0.14880234984149157,0.18,65,0.14267728184324113,0.3547948548039684,0.40875846501128665
Asyn_isoform_5,nardini_Frac S_raw,0.10164486130377715,0.13927803675008757,0.10150135630617384,0.3286550980037191,0.5476502718863261,0.46956210575399904,0.462,53,0.16344755586517737,0.6775717876859786,0.6834319180087849
Asyn_isoform_5,nardini_Frac T_raw,-0.036529978108172184,0.13901165702426438,-0.04321722746321147,-0.9649655814177813,0.8181711835391394,0.7540586300426052,0.764,55,0.17562662265202766,0.8659623080169644,0.8743845278725825
Asyn_isoform_5,nardini_Frac V_raw,0.14815434040070868,0.14772534864804898,0.14444000897717654,0.6112564384967402,1.4695242887711453,0.3327157053432874,0.324,47,0.14441471819327628,0.5712179497997538,0.5678466898954705
Asyn_isoform_5,nardini_Frac W_raw,-0.1030007440224764,0.1756288350040527,-0.1122467386492535,-1.0419523763464502,2.3992402606391208,0.4628817322198615,0.5485485485485485,45,0.13949703610113076,0.6755333207580094,0.7481439465557446
Asyn_isoform_5,nardini_Frac Y_raw,-0.09600530934941341,0.15388418960479372,-0.09964421159623871,-1.2523542713622162,2.183531245007764,0.48216190769706657,0.534,52,0.13801911283370502,0.6909613663009244,0.7348891928864569
Asyn_isoform_5,nardini_Frac K+R_raw,0.00925471166209702,0.21628676882056208,0.00754202356444042,0.5733322938079809,1.0194507766546368,0.9708310766696859,0.962,26,0.19476157837511823,0.9821060741051323,0.9795263157894737
Asyn_isoform_5,nardini_Frac D+E_raw,-0.18098315632157966,0.20341982668162928,-0.18138256358160862,-1.0368070194343955,0.833791036936862,0.3752000783882248,0.394,26,0.19476157837511823,0.6119903479975002,0.6323428571428572
Asyn_isoform_5,nardini_Frac Polar_raw,-0.09713079697866132,0.16863602656866397,-0.10195645654677803,-0.2280400240092702,0.33765590136679074,0.5424599658936613,0.52,38,0.1708081649122439,0.7325029875020447,0.7245429362880887
Asyn_isoform_5,nardini_Frac Aliphatic_raw,0.29379764208842163,0.20475891983987493,0.3108448708309447,1.7482080755844194,1.3304125702712435,0.14883044605096885,0.162,23,0.12649704962386182,0.3547948548039684,0.37725000000000003
Asyn_isoform_5,nardini_Frac Aromatic_raw,-0.2210026463332004,0.17351926522102512,-0.22342709888192822,-1.9662541550399941,1.8818943898616927,0.2189890243246651,0.22,32,0.15379801427161757,0.45329826845805166,0.4544558521560575
Asyn_isoform_5,nardini_R/K Ratio_raw,-0.1567003851623731,0.1202097205165904,-0.1539928922995894,-0.0641030320852646,0.04144880406596873,0.20646580916520751,0.176,69,0.15162393872633553,0.43635421012646797,0.4024
Asyn_isoform_5,nardini_E/D Ratio_raw,-0.02487682253413596,0.1329505680632981,-0.02221999764909111,0.011409325050822379,0.13670225871210523,0.8627651364994671,0.87,63,0.15836427288928523,0.9353331414384183,0.9360641711229946
Asyn_isoform_5,nardini_Frac Chain Expanding_raw,-0.027741183617244182,0.17596060788846302,-0.018564739030945177,-0.18338858571532568,0.34138281134277326,0.918325789389475,0.924,33,0.15531442612756816,0.9579439295906335,0.9582927835051547
Asyn_isoform_5,nardini_FCR_raw,-0.10592063118215378,0.27516620034993533,-0.11217788550174539,-0.2865426284053689,0.4546475919388023,0.6791503381891995,0.69,16,0.18600733947847542,0.8281518063252541,0.8333013205282113
Asyn_isoform_5,nardini_NCPR_raw,0.08558520254990742,0.09055359730498184,0.08425066177894765,0.8820639215139072,0.7401459689296013,0.34439383781521016,0.36,128,0.14728699437343407,0.579799174291562,0.6066331658291457
Asyn_isoform_5,nardini_Hydrophobicity_raw,0.5163002976289791,0.22804649940460664,0.5664335664335665,0.32319330982915356,0.43576396219210156,0.05484211977540786,0.068,12,0.1605024174345978,0.18765704929952484,0.2157981072555205
Asyn_isoform_5,nardini_Disorder Promoting_raw,-0.06485977221561882,0.13946113772234378,-0.06204661499220889,-0.2517506760378064,0.3166770825235119,0.652699683064217,0.648,55,0.14486096832052608,0.8136504103625803,0.8087450980392157
Asyn_isoform_5,nardini_Iso point_raw,0.129229431077448,0.24400986499164334,0.12650616756132885,0.036210197834825965,0.0325132121089952,0.5950947894579207,0.576,20,0.1839416123962363,0.7835934007783615,0.7685092838196286
Asyn_isoform_5,nardini_PPII_raw,0.19507284847757722,0.21611492239586777,0.20129870129870128,0.974435607578486,1.3121072801877873,0.3815806896030638,0.346,21,0.11848160752238177,0.6191454415172293,0.5929744463373083
Asyn_isoform_5,nardini_A Patch_raw,0.12982943179403605,0.2456290634652039,0.14005115926819894,-0.07052472611057686,1.3713215578418265,0.5918782137209196,0.582,17,0.10229461197678365,0.780379401052746,0.7703842105263158
Asyn_isoform_5,nardini_D Patch_raw,-0.12736669528401928,0.4405214482227553,-0.09174698042719673,2.81149687659371,63.54986400222894,0.8144006899929235,0.7625754527162978,9,0.2580502739806245,0.9022985618203536,0.873748183864004
Asyn_isoform_5,nardini_E Patch_raw,0.19786935323899263,0.23520545167734563,0.19917591573160498,0.518828469312504,1.206371906191625,0.39986037697610943,0.396,20,0.19876977791071038,0.632483552260953,0.6323428571428572
Asyn_isoform_5,nardini_G Patch_raw,0.1315587381531845,0.4282155068373643,0.14638501094227999,1.752625185363751,5.260906242615191,0.7294239249593866,0.738,8,0.23122862706990588,0.851276645602254,0.8582982658959537
Asyn_isoform_5,nardini_P Patch_raw,0.1656388470181862,0.5359830047876204,0.14285714285714288,0.250739023866858,2.0664815797493943,0.7599453002180929,0.726,7,0.07941027285671169,0.8691582264582187,0.8522240373395565
Asyn_isoform_5,nardini_R Patch_raw,-0.3209264029216069,0.3169606768269016,-0.3394638275806278,-1.7410743947744847,1.689470583451176,0.30710249351977414,0.312,11,0.06946246446667632,0.5449160052827483,0.5516203866432338
Asyn_isoform_5,nardini_S Patch_raw,0.08639677359818794,0.10558859571560654,0.08919066916819444,0.29184310941403685,0.4326043243683117,0.4113492006221766,0.42,87,0.13755510877438426,0.6395939657278356,0.6530448222565687
Asyn_isoform_5,nardini_Frac A_zscore,-0.011712035812324554,0.12471060627028598,-0.015229666781973497,0.0032290717523693717,0.017463549691911974,0.9080539278061224,0.92,60,0.1529375754634292,0.9525570921511565,0.9571044467425026
Asyn_isoform_5,nardini_Frac C_zscore,0.2786985904530739,0.15362574362896342,0.23145502494313785,0.14092034920606222,0.053760614170829335,0.44674159662419666,0.04395604395604396,13,0.19384309917883988,0.6663133290746569,0.16333579335793358
Asyn_isoform_5,nardini_Frac D_zscore,0.10803958643354551,0.09561956219159042,0.11030696623947271,0.03626624496084167,0.06124877938601302,0.2207182374004398,0.258,125,0.13762399239894596,0.4541699433414588,0.4869568480300187
Asyn_isoform_5,nardini_Frac E_zscore,0.057129623644073604,0.14379858102603066,0.04150489226606376,0.023250718542706345,0.06443785691409638,0.7507927590910817,0.654,61,0.1469836459214195,0.864184800509872,0.8087450980392157
Asyn_isoform_5,nardini_Frac F_zscore,0.061835864601736415,0.09752003583812742,0.06517778173246834,0.02912255582837038,0.02082876700431701,0.5130439054087872,0.516,103,0.14129259137679925,0.7141220340420407,0.7199667128987518
Asyn_isoform_5,nardini_Frac G_zscore,0.22899331677115808,0.20428303860818883,0.22758597621367674,0.05884443300539573,0.06051691500008948,0.20274679525421516,0.264,33,0.14703307496688747,0.435029011354754,0.4964186915887851
Asyn_isoform_5,nardini_Frac H_zscore,-0.03889984191275087,0.098605984163595,-0.04194301021924251,-0.06348129045944638,0.06902475570402511,0.6620481288274789,0.702,111,0.1435321762789059,0.8192133057816036,0.8407285714285714
Asyn_isoform_5,nardini_Frac I_zscore,0.0941538238136071,0.10792613743363469,0.094142171061199,0.07241368250936024,0.0552144756020571,0.3565013045674593,0.35,98,0.15703398244427874,0.5918156970212278,0.597792869269949
Asyn_isoform_5,nardini_Frac K_zscore,0.3356560767579927,0.0965449469532895,0.332649285580365,0.11621382951012153,0.03886643058273772,0.0001930787619309736,0.001,121,0.14350976848591349,0.0025898297933674595,0.008824561403508771
Asyn_isoform_5,nardini_Frac L_zscore,-0.13570682969552975,0.10656905222090794,-0.13907884521927164,-0.0366306928159118,0.045060175187897455,0.2127113407350371,0.206,82,0.18112556408101999,0.44395769456316875,0.4348919149757724
Asyn_isoform_5,nardini_Frac M_zscore,-0.07492417085067825,0.12084939894923173,-0.07576738228579527,-0.015646252919808,0.030257876482303655,0.5153604341098623,0.548,76,0.16555689685802405,0.7141220340420407,0.7481439465557446
Asyn_isoform_5,nardini_Frac N_zscore,-0.11707952854243144,0.10954477794124956,-0.11419590341074491,-0.017526046436560045,0.062340087187539604,0.24377786620943726,0.274,106,0.13723556803374934,0.47272156779445623,0.5066985294117647
Asyn_isoform_5,nardini_Frac P_zscore,0.1421006242483594,0.16756864939466037,0.13982769423065347,0.06190165000957359,0.04976343252797116,0.4531149841479478,0.422,31,0.1439313153635374,0.6693592864211975,0.6551419753086419
Asyn_isoform_5,nardini_Frac Q_zscore,0.06291151828302714,0.10399617701143817,0.05988400092518283,0.06515472904456847,0.050337080752266644,0.5362096231813189,0.55,109,0.14849681916175964,0.727971499217823,0.7487144790257105
Asyn_isoform_5,nardini_Frac R_zscore,0.09026535629348136,0.19827842761996717,0.08612891271104642,0.07364037786508675,0.08557832984863739,0.6281514770648587,0.69,34,0.14756731108718307,0.7988879720951301,0.8333013205282113
Asyn_isoform_5,nardini_Frac S_zscore,0.13171241985630683,0.0905337382662249,0.13284192642823248,0.0741576485409411,0.040211235388569015,0.13810996602707648,0.142,126,0.14828578739396897,0.3388746971298511,0.3458886198547215
Asyn_isoform_5,nardini_Frac T_zscore,0.07744669377928043,0.09197821201866181,0.07384279842549962,-0.0020452101861556478,0.04121696732265484,0.4093344928738084,0.394,127,0.1463626563548218,0.637446594165714,0.6323428571428572
Asyn_isoform_5,nardini_Frac V_zscore,-0.07109573447830048,0.08773750703390823,-0.07110962969124755,-0.028403780648611723,0.0447634753445408,0.44415555339076307,0.4,118,0.14960387400609013,0.6663133290746569,0.6337007874015749
Asyn_isoform_5,nardini_Frac W_zscore,-0.4602128537225414,0.31314394120992456,-0.4728662437434604,-0.039772497224840754,0.03485545273654239,0.2838910567061021,0.12448979591836734,7,0.11164930564156861,0.5165201264228813,0.3219453334032842
Asyn_isoform_5,nardini_Frac Y_zscore,-0.043909563857284485,0.279106913949368,-0.041725846184634124,-0.022397808514494202,0.07191293923769113,0.8873739076716136,0.858,14,0.14054422909019146,0.9426590824895916,0.9311197411003236
Asyn_isoform_5,nardini_Frac K+R_zscore,0.07067642358262856,0.09788191264910742,0.07628103356793389,0.11262268756114013,0.10575095709908772,0.3978246204345738,0.46,125,0.144478095927705,0.6302544380428051,0.6834319180087849
Asyn_isoform_5,nardini_Frac D+E_zscore,0.02314634095810002,0.21471980130556373,0.025372986209903664,0.002284646861386342,0.08330437143936537,0.9020802571908233,0.922,26,0.1446861341386575,0.9515617038060383,0.9572053663570692
Asyn_isoform_5,nardini_Frac Polar_zscore,0.08235492133352815,0.09575025730557432,0.08502245111234123,0.010190082387543644,0.04923640551009529,0.3399762419722012,0.396,128,0.14728699437343407,0.5767556482698726,0.6323428571428572
Asyn_isoform_5,nardini_Frac Aliphatic_zscore,-0.02000134857743978,0.10532210560013529,-0.021349726003097348,0.03632181309669003,0.059769453261334864,0.8347109276172704,0.866,98,0.1704366338847836,0.920744729367296,0.9327580299785867
Asyn_isoform_5,nardini_Frac Aromatic_zscore,-0.2382531239582912,0.27132892490159105,-0.22655224472380014,-0.04410320344847672,0.0632652902012243,0.41681953480671063,0.4,15,0.1261431462189067,0.6431295276312131,0.6337007874015749
Asyn_isoform_5,nardini_R/K Ratio_zscore,-0.19791882030527225,0.13506913188124342,-0.19980231011940494,-0.023161073655575685,0.016243760932906418,0.12262829116711321,0.154,61,0.14210155555811954,0.31631810490798945,0.3645270588235294
Asyn_isoform_5,nardini_E/D Ratio_zscore,0.04916173425118173,0.1450934104720476,0.054000757723438826,0.01476047877160716,0.04588305278366216,0.6953776647464102,0.75,55,0.14029521979193027,0.8386459401992924,0.8642611683848797
Asyn_isoform_5,nardini_Frac Chain Expanding_zscore,0.11023195138555308,0.1124180366507881,0.11169299923729575,-0.0033439135909176885,0.0522846040897861,0.273539534887412,0.342,98,0.1704366338847836,0.5077136016544953,0.5891301369863015
Asyn_isoform_5,nardini_FCR_zscore,0.03892655183947548,0.10386023747191463,0.04013014382749834,0.004976480383318995,0.08468588374072011,0.6978685499381571,0.732,96,0.16629610476851542,0.8387762977751326,0.8562697674418605
Asyn_isoform_5,nardini_NCPR_zscore,0.0664484966961714,0.0961675946267454,0.06908075616248824,0.116483040487458,0.10481966816912763,0.4439725476259906,0.474,125,0.14416498953391302,0.6663133290746569,0.6920812772133527
Asyn_isoform_5,nardini_Hydrophobicity_zscore,0.06753245680690484,0.10254750002775616,0.0684550284876249,0.08170304069142308,0.06847952772680199,0.5167383258775372,0.484,92,0.16455922102567455,0.714246993125337,0.698571018651363
Asyn_isoform_5,nardini_Disorder Promoting_zscore,0.19877811436511308,0.09215319416592457,0.20468332531738048,0.024691286147592768,0.01753469790348272,0.020470828106319543,0.03,128,0.14728699437343407,0.09623202371475449,0.12627615062761505
Asyn_isoform_5,nardini_Iso point_zscore,-0.040369871631489994,0.10597164571913632,-0.03633461512103883,0.06421920206145625,0.08831830993807639,0.6838749456134369,0.712,128,0.14728699437343407,0.8318962458127176,0.8436654888103652
Asyn_isoform_5,nardini_PPII_zscore,0.16967720616667495,0.09914705793442224,0.17145209476869064,0.0869731139368994,0.0457641891625134,0.05297992464864738,0.086,128,0.14728699437343407,0.18442146780809432,0.24885805345575462
Asyn_isoform_5,nardini_S Patch_zscore,-0.1455711514778467,0.13523565151720604,-0.14151639541056285,-0.06227900984105923,0.08838059252845447,0.24609095963406646,0.282,69,0.13766999500981375,0.47426725170856493,0.5148675136116151
Asyn_isoform_5,cider_kappa,0.06583504074818523,0.16685680500861688,0.067647654042318,-0.06446825832455529,0.15584743632123646,0.6514138496877605,0.708,47,0.17369748547711122,0.8136504103625803,0.8432821723730813
Asyn_isoform_5,cider_omega,0.0040108263215304025,0.1163704744871144,-0.0050282372076032025,0.1825922737052618,0.13891305451165087,0.96184771352202,0.968,93,0.14942534993866763,0.9764064579244724,0.9816612903225805
Asyn_isoform_5,cider_delta,0.12713755621739187,0.14672820072913387,0.12846664139446287,0.9091480697797285,0.7359803830677087,0.3322042070511718,0.366,59,0.17321040569810991,0.5712179497997538,0.6122039473684211
Asyn_isoform_5,cider_mean_net_charge,-0.19456614414947465,0.22756563370227603,-0.20972746792974817,0.2193965189113953,1.3497571431709332,0.3368205677268641,0.398,23,0.17491794463134164,0.5743076120902123,0.6337007874015749
Asyn_isoform_5,cider_fraction_neutral,0.1058680710870168,0.2955536081858504,0.12154881642416256,0.2620944034131313,0.4599651912743889,0.6789234591636053,0.714,14,0.2016450113612385,0.8281518063252541,0.8440470035252644
Asyn_isoform_5,sparrow_SCD,-0.33290518613641834,0.0833166829277942,-0.3359954311970541,-0.006408685796204538,0.011740283617958685,0.00010557420796114611,0.001,128,0.14728699437343407,0.0015851888538643728,0.008824561403508771
Asyn_isoform_5,sparrow_SHD,0.2616410692166045,0.2609849529794449,0.27941176470588236,0.2804760296686992,0.17160324987020223,0.29461765356841446,0.326,16,0.1495604281875549,0.5292595705175446,0.5693680555555556
Asyn_isoform_5,sparrow_complexity,-0.06484840525604085,0.13299751688220574,-0.05815126050420167,-0.2542287571500394,0.5664636192390878,0.6883236434371744,0.624,50,0.14763515254161544,0.8357162330468972,0.7956197718631179
Asyn_isoform_5,sparrow_scaled_rg,0.2647569612577936,0.1471184176218149,0.27103594080338267,0.033144584252152554,0.022661653292574364,0.07514664020753221,0.078,44,0.17296022343760417,0.23048024405115064,0.2335357142857143
Asyn_isoform_5,sparrow_scaled_re,0.09931488792683271,0.11382169893436885,0.09665763324299909,0.002611959218642142,0.003545540007233287,0.3906660590248392,0.386,81,0.16305134727993117,0.6258121900939303,0.6273279483037156
Asyn_isoform_5,sparrow_prefactor,0.2541428877039107,0.09824837291958417,0.2613473483038701,0.010281438444069448,0.011441273898730099,0.012339528237053324,0.016,91,0.16574122423427062,0.06465398649206065,0.0777584541062802
Asyn_isoform_5,sparrow_scaling_exponent,-0.14282660235061528,0.11375190879555383,-0.1530217977691915,-0.2682415898115017,0.4114072060382097,0.1570694177578526,0.2,87,0.16753499734113478,0.36661678483619425,0.43128437232752714
Asyn_isoform_5,sparrow_asphericity,-0.28406673340992505,0.12441083897846252,-0.28654628953136424,-1.0769834831899594,1.725961487429651,0.019670249464114938,0.024,66,0.1630124695959931,0.09422986171856966,0.10875675675675676
Asyn_isoform_5,mpipi_epsilon_self,0.13599355639098787,0.10619889085515802,0.1363338116601497,0.011137801147205525,0.007814713755220061,0.16759087922746788,0.186,104,0.16314772438227568,0.38057883634950945,0.4158133333333333
Asyn_isoform_5,calvados_epsilon_self,0.12907103779060894,0.08715047560870175,0.1309086295987038,0.003917538139050984,0.002527441931200555,0.16130513315383777,0.146,116,0.14782919419448748,0.3730412964431282,0.35053937947494035
Asyn_isoform_5,avg_helix_prob,-0.2651484352615738,0.09007309443280458,-0.26563658087118525,-0.7119285631708226,0.5071703350272562,0.004283777472498345,0.004,114,0.15217549966599778,0.028729867582222235,0.024839506172839507
Asyn_isoform_5,avg_beta_prob,-0.21178469246301548,0.09559599532664959,-0.21389677122478717,-2.3007772137281064,1.855957558315082,0.020031114759890223,0.026,118,0.1540081369692198,0.09505330871910171,0.11372173913043478
Asyn_isoform_5,avg_coil_prob,0.0785380252634545,0.31412920853094123,0.0857142857142857,-0.1986027718564174,1.3776793947474457,0.7613341261907667,0.774,15,0.16062249632673056,0.8693554267286167,0.8808190045248869
Asyn_isoform_5,avg_mito_targeting,-0.01351264046331975,0.08399202359662743,-0.013736351803499596,0.05032334713949136,0.11049391785947787,0.883137527294112,0.894,117,0.1552165912472337,0.9421382316626475,0.9478191377497371
Asyn_isoform_5,avg_nes,0.04432604878370991,0.09911027749821251,0.04089928018143372,-0.048859804340571286,1.7140570194373896,0.660129393363206,0.636,118,0.15135142323918277,0.8188534768475773,0.8068297604035309
Asyn_isoform_5,avg_nis,0.2971006607907385,0.0895188655707126,0.3028751996666435,1.3029831099223255,0.5088915958879615,0.00077256083144902,0.002,120,0.15049674763815896,0.007332039589035039,0.01426950354609929
A0A1U8F7A1,nardini_Frac A_raw,0.3873192534155019,0.08242476553341359,0.3870597270153867,1.3290739166803986,0.3103928194647888,5.3705440705115117e-05,0.001,103,0.09469469692865817,0.0009157232771075561,0.008824561403508771
A0A1U8F7A1,nardini_Frac C_raw,0.013965758714692626,0.0377880691636796,0.012513585483848823,-2.6801028596846916,3.0073216716055273,0.9270678352295658,0.6615146831530139,56,0.0799175537820378,0.9614744765370549,0.8145456196474076
A0A1U8F7A1,nardini_Frac D_raw,-0.10910073226949571,0.08690424421360644,-0.10932378855396427,-0.7025406829604274,0.6382987461321273,0.22870892195701498,0.224,123,0.10989640154894928,0.4629399909230525,0.45524040404040406
A0A1U8F7A1,nardini_Frac E_raw,-0.13256869979363506,0.08501545847648126,-0.13298500954760786,-0.7889726227769289,0.43147596156933415,0.1425564498561619,0.136,123,0.11024705718113162,0.34526859187333253,0.34033830845771146
A0A1U8F7A1,nardini_Frac G_raw,-0.10747432255317618,0.14129394505492143,-0.11413378365465747,-1.1350762852442624,1.4271883406347001,0.43487988140564593,0.468,49,0.08073785303271323,0.6618595471922538,0.6882387190684134
A0A1U8F7A1,nardini_Frac I_raw,-0.2534739907459992,0.08356861047185513,-0.25102065858180983,-1.8866712949375744,0.8552057816326002,0.008165572105195286,0.004,110,0.0986866959167141,0.04694037450186547,0.024839506172839507
A0A1U8F7A1,nardini_Frac K_raw,0.08491142030514137,0.0926613030674928,0.08555507275130318,0.13054551136679685,0.41653217114063845,0.34676121708808094,0.364,123,0.10399601662875115,0.581402973984349,0.6113255425709516
A0A1U8F7A1,nardini_Frac L_raw,-0.29731026283807216,0.08538200098124639,-0.3022435959667373,-3.6466287664088632,0.9292244301004964,0.001402250276814519,0.001,109,0.104227984320966,0.012002843209098316,0.008824561403508771
A0A1U8F7A1,nardini_Frac M_raw,-0.15965675699652718,0.07482911568407952,-0.16046980980953995,-2.01220744772033,0.6858722642838344,0.03658187232102575,0.036,170,0.09827116420702245,0.14154370598058424,0.1425826771653543
A0A1U8F7A1,nardini_Frac N_raw,-0.14872099497517177,0.10120261613268178,-0.15407670467238163,0.33482774008556077,0.5713070484915213,0.10016144921474861,0.142,115,0.10361271040547441,0.27912027121893934,0.3458886198547215
A0A1U8F7A1,nardini_Frac P_raw,0.21438423834461298,0.13987144644059668,0.2267655188990997,3.1025219470784124,2.1098716743422137,0.12964793834329347,0.134,46,0.07906182820576847,0.32606456493338304,0.3378546365914787
A0A1U8F7A1,nardini_Frac Q_raw,-0.10009943235488057,0.09579940379752502,-0.10383241940362316,0.21057833013270855,0.5987982906369711,0.26734406917899317,0.31,116,0.10706622763223732,0.4980520992482725,0.5500176366843034
A0A1U8F7A1,nardini_Frac R_raw,-0.3167710751068006,0.08708438086651424,-0.3186244171383836,-1.1678633448693012,0.7778451524804706,0.000347850690834681,0.002,122,0.10643586721902562,0.004374222437246113,0.01426950354609929
A0A1U8F7A1,nardini_Frac S_raw,0.09648954866441031,0.0945567004799372,0.0933473324211493,0.4127545174103187,0.4192667074664237,0.36567223675172467,0.31,96,0.1037969480410506,0.6026602593812548,0.5500176366843034
A0A1U8F7A1,nardini_Frac T_raw,-0.25998715796862454,0.08714827909795758,-0.2667393753026077,-2.0960530579064716,0.5757524744005302,0.007611037550042798,0.002,99,0.10641600404678182,0.04503943397260621,0.01426950354609929
A0A1U8F7A1,nardini_Frac V_raw,-0.12886195564625644,0.09420585874078115,-0.12819287828710768,-1.6817881302332338,1.213644228671055,0.18198986107740547,0.198,110,0.10527859932303128,0.4071279160506051,0.42836129032258063
A0A1U8F7A1,nardini_Frac K+R_raw,-0.17628873085304683,0.15387322080235882,-0.17344981299565757,-0.41652939568974784,0.31437644191942393,0.2659971912484153,0.252,43,0.10908415031744273,0.49790451479091585,0.48288000000000003
A0A1U8F7A1,nardini_Frac D+E_raw,-0.34118439581942445,0.13282029521216554,-0.3568594032152166,-0.5234123897923476,0.2947822052483489,0.016113122350238242,0.014,45,0.10993884909426542,0.08064577653900334,0.06972277227722772
A0A1U8F7A1,nardini_Frac Polar_raw,-0.057986987728768695,0.12254008689879428,-0.05962675990114682,0.05967033927176556,0.2698529438732666,0.6370561066416649,0.654,65,0.09142418476209356,0.8061364066434149,0.8087450980392157
A0A1U8F7A1,nardini_Frac Aliphatic_raw,0.6717032835450811,0.13769862977229028,0.6928184657572587,6.558712178659087,1.4186023363800913,0.0004989312953746789,0.002,21,0.06890028383822665,0.005337874989018691,0.01426950354609929
A0A1U8F7A1,nardini_Frac Aromatic_raw,0.002492367248828316,0.23245435253779542,0.0,-2.5964321371643235,9.127796195538206,1.0,0.7913446676970634,9,0.0741866984295738,1.0,0.8884963568116582
A0A1U8F7A1,nardini_R/K Ratio_raw,-0.2025741868986317,0.06878456204928031,-0.2048518089931029,-0.1088998927876027,0.06265340268197013,0.0013228392484837107,0.002,243,0.09676724951308674,0.011472209344608733,0.01426950354609929
A0A1U8F7A1,nardini_E/D Ratio_raw,-0.043225548087696616,0.08952293265632487,-0.04559150954345121,-0.08772780284437989,0.10463826195045907,0.6180259463038362,0.614,122,0.11034305524011298,0.7940409986994371,0.7898772378516623
A0A1U8F7A1,nardini_Frac Chain Expanding_raw,-0.22715420442137385,0.13788745524738702,-0.2275874742763714,-0.2030714899665916,0.27411130198320705,0.14719127694338127,0.106,42,0.10531219317459482,0.3533995813962806,0.2858873994638069
A0A1U8F7A1,nardini_FCR_raw,-0.3743177492048483,0.16959870085652626,-0.3886727797256707,-0.38166208977103155,0.24768540124679653,0.05483980870496566,0.034,25,0.12030612207466403,0.18765704929952484,0.13847773279352227
A0A1U8F7A1,nardini_NCPR_raw,0.06478169292351098,0.22308201376626197,0.07791739452133079,0.033710342483919686,0.17239743109755468,0.7112296024462765,0.776,25,0.09615858389602559,0.8417611530128872,0.8813828828828829
A0A1U8F7A1,nardini_Hydrophobicity_raw,-0.2900390383802332,0.43731303610922123,-0.3571428571428572,-0.45147693138836476,0.6462932518636397,0.4316113520383278,0.49,7,0.08943887836230778,0.6578803335614511,0.7041999999999999
A0A1U8F7A1,nardini_Disorder Promoting_raw,0.28377924651825154,0.1134535317979015,0.2858471906075211,0.3191747943025465,0.32184863953874726,0.008393474352655413,0.014,84,0.0905497314066212,0.04770528360887766,0.06972277227722772
A0A1U8F7A1,nardini_Iso point_raw,0.05387645557595404,0.19564466089042698,0.06286572188675939,-0.0035941329065259002,0.010340598941481182,0.760297454555897,0.79,26,0.09100102029852238,0.8691582264582187,0.887977653631285
A0A1U8F7A1,nardini_PPII_raw,0.07779824508750746,0.19405623762416688,0.07631257631257632,0.4355800284517458,1.7431342170813913,0.7051922330874235,0.688,27,0.09684419225393803,0.8396271271914997,0.8328856799037303
A0A1U8F7A1,nardini_A Patch_raw,0.16583568393943,0.07523259668363845,0.1637313537490655,0.48903247187752596,0.16563270414380987,0.025546573925834475,0.028,186,0.09794927927514387,0.112226433927465,0.12089270386266095
A0A1U8F7A1,nardini_D Patch_raw,-0.06633007768819549,0.3945861921597501,-0.07142857142857144,-0.7203988229944392,14.601870611689836,0.8790481931481541,0.83,7,0.10493975408948464,0.9408051173805796,0.9095642701525054
A0A1U8F7A1,nardini_E Patch_raw,-0.06872915171213846,0.20131507629900813,-0.0698564166985184,-0.2715842495646819,0.7615575117889837,0.704012116375268,0.728,32,0.08469912859367468,0.8396271271914997,0.8535757575757575
A0A1U8F7A1,nardini_K Patch_raw,-0.016533494055924927,0.0834415671978178,-0.013852111852568889,-0.0793355198845147,0.24032526945194277,0.8691135883795115,0.834,144,0.10277762285947342,0.937559765180246,0.9119608695652174
A0A1U8F7A1,nardini_N Patch_raw,0.18985503675433435,0.43008232349350245,0.20003306604965973,1.1956696928636412,3.954201974984896,0.6671663257059879,0.5845845845845846,7,0.11556028073879761,0.8205003956726453,0.772788557282644
A0A1U8F7A1,nardini_Q Patch_raw,-0.4047093721553831,0.4730987895824473,-0.41443123283995714,-1.2956394694893898,3.1109085698715626,0.3552689437660521,0.348,7,0.11430037019805805,0.5907447230225594,0.5953877551020408
A0A1U8F7A1,nardini_R Patch_raw,-0.529065405379323,0.3629610787833752,-0.5768179036829705,-4.822742950861731,5.20687975356558,0.23073225195460037,0.11585365853658537,6,0.1072933246660236,0.4642332909326559,0.3062887139107612
A0A1U8F7A1,nardini_S Patch_raw,-0.02291099716686824,0.25641848158246155,-0.014412617349175122,-0.5028332827852349,1.3936138398073175,0.9505584147615265,0.932,21,0.06756662354144821,0.9698395185092248,0.9636094552929086
A0A1U8F7A1,nardini_T Patch_raw,0.3911082603539604,0.30603152517401616,0.39726441553018416,2.5844796314617176,2.8564876167201194,0.22634391204459425,0.224,11,0.10026628707762342,0.4599094115977992,0.45524040404040406
A0A1U8F7A1,nardini_Frac A_zscore,0.3473611799116599,0.08218907531253299,0.3482512809681408,0.05909723453880622,0.013078920140852143,9.710632223496705e-05,0.001,120,0.10305708200447831,0.001480135760126922,0.008824561403508771
A0A1U8F7A1,nardini_Frac D_zscore,-0.034310979567134296,0.06744196922867063,-0.03277241177028107,-0.01800060069990614,0.03185597178572802,0.617182814168231,0.6,235,0.09623279442173864,0.7939717532650131,0.7840309677419355
A0A1U8F7A1,nardini_Frac E_zscore,-0.05716022732398057,0.09160151999747503,-0.06273827469328258,-0.030232773000221477,0.034367523122687066,0.5015871619558211,0.564,117,0.11045061857603855,0.7087032091679157,0.7575220293724966
A0A1U8F7A1,nardini_Frac G_zscore,0.12503022150834206,0.06559555345973835,0.12266900769501007,0.06585839872518222,0.04478481024274537,0.05722057717495775,0.056,241,0.09710422502644694,0.1931674518053943,0.18841471571906354
A0A1U8F7A1,nardini_Frac I_zscore,0.123238850395692,0.1347186068162228,0.12078757812557972,0.0058877718305649475,0.024028320285898692,0.38894118699450453,0.356,53,0.11619031121973271,0.6256715394837931,0.6039392917369308
A0A1U8F7A1,nardini_Frac K_zscore,0.17730801678894853,0.09122010003711357,0.17290299709504053,0.04224462635466273,0.034877157787071185,0.05896130874955324,0.048,120,0.10904670202239851,0.1957593287196388,0.1706289752650177
A0A1U8F7A1,nardini_Frac L_zscore,0.05668758178241224,0.07306557939509652,0.06052194720741721,-0.03323791267990279,0.05562574730546784,0.4030971490643366,0.418,193,0.10110341006730662,0.6347751356946874,0.6530448222565687
A0A1U8F7A1,nardini_Frac M_zscore,-0.1567907718987629,0.07550654472704128,-0.16046980980953995,-0.03886415296482826,0.013587807228141313,0.03658187232102575,0.048,170,0.09827116420702245,0.14154370598058424,0.1706289752650177
A0A1U8F7A1,nardini_Frac N_zscore,0.23356999567148756,0.0759305098992931,0.23002359198467986,0.0983421269481337,0.03849355454820274,0.0019510110978192983,0.001,179,0.10036324780194326,0.015033159356873544,0.008824561403508771
A0A1U8F7A1,nardini_Frac P_zscore,0.2539728606672212,0.06462418410025722,0.2555722388233184,0.289595153548958,0.07795363363168908,6.417318269326965e-05,0.001,239,0.09703679263403807,0.0010583315047447421,0.008824561403508771
A0A1U8F7A1,nardini_Frac Q_zscore,0.12744069440660558,0.07795187802268506,0.13162227991725362,0.07534490805738023,0.03339976094273371,0.07819333352405974,0.118,180,0.09958020731605668,0.23693522146145815,0.3099425587467363
A0A1U8F7A1,nardini_Frac R_zscore,-0.10255675277976561,0.0740689679704546,-0.09770787098352175,0.006027495039100755,0.03909329469541873,0.1810422998272704,0.184,189,0.10068227601221033,0.4071279160506051,0.4141029082774049
A0A1U8F7A1,nardini_Frac S_zscore,0.11511389905350293,0.06532465224054222,0.1187976015679095,0.043816275518408644,0.03276855416604117,0.06673782547583483,0.084,239,0.09591988863040828,0.21112657996443346,0.24781231671554255
A0A1U8F7A1,nardini_Frac T_zscore,-0.25955725621169246,0.0968748866747824,-0.26283898972719233,-0.13372902180978352,0.03916669867583277,0.020918919732935536,0.01,77,0.10894266133869585,0.09697895507526796,0.05408602150537634
A0A1U8F7A1,nardini_Frac K+R_zscore,-0.14064346454449514,0.17039993626980532,-0.145145368100485,-0.023003103939110345,0.0353873245656417,0.3779806939233571,0.402,39,0.11247632140699743,0.615288961305659,0.6338746081504703
A0A1U8F7A1,nardini_Frac D+E_zscore,-0.24019287000773426,0.17736182494871047,-0.24157008348870465,-0.03297428299396313,0.04371156094008683,0.13845630611319842,0.186,39,0.11050211665023757,0.3388979171529869,0.4158133333333333
A0A1U8F7A1,nardini_Frac Polar_zscore,-0.06369087385733922,0.06786906942472792,-0.06873845842855605,0.018397523994388463,0.03370601092236524,0.2858524885834516,0.328,243,0.09676724951308674,0.5165201264228813,0.5718682842287695
A0A1U8F7A1,nardini_Frac Aliphatic_zscore,0.5958347193881511,0.12330000238503798,0.5976386481605278,0.2731777600755071,0.06818646705851693,9.395237968474623e-05,0.001,37,0.07188429223976252,0.0014540937532746877,0.008824561403508771
A0A1U8F7A1,nardini_R/K Ratio_zscore,-0.2533768516127781,0.06754888100974035,-0.24915027320927036,-0.051296592326976656,0.0247288660713273,0.0001172652565736429,0.001,234,0.09667810588775053,0.0017096934509142718,0.008824561403508771
A0A1U8F7A1,nardini_E/D Ratio_zscore,-0.040114226411106284,0.0982443757031693,-0.04547251823733548,-0.022169107139262494,0.034795751318183514,0.648318421503957,0.686,103,0.11294073695938317,0.812214610252778,0.8314650602409639
A0A1U8F7A1,nardini_Frac Chain Expanding_zscore,0.14188350315993845,0.0822080892873863,0.14265814819377276,-0.03432671427357305,0.034534040145160566,0.04497003784252344,0.082,198,0.09970491130927249,0.16391252923760355,0.24405917159763313
A0A1U8F7A1,nardini_FCR_zscore,-0.3569083243398874,0.2230536911754344,-0.3537920978924601,-0.03885868851775706,0.05029553964634932,0.11562922145588181,0.128,21,0.12542376905305685,0.30462312952748466,0.32848979591836736
A0A1U8F7A1,nardini_NCPR_zscore,0.12848705825482434,0.23980706896641724,0.13268310223172708,0.006315810384185729,0.019578904983638006,0.5664121260500361,0.564,21,0.09667669979277296,0.7587358173186901,0.7575220293724966
A0A1U8F7A1,nardini_Hydrophobicity_zscore,0.17254104393984612,0.08363166554941369,0.17305368229586263,-0.08070844049305603,0.14967454582629092,0.031292370660758274,0.038,155,0.09817334794758815,0.1306229248328748,0.14874708171206227
A0A1U8F7A1,nardini_Disorder Promoting_zscore,0.12526581388708755,0.08401594880056333,0.1258362151853604,0.03753209488568648,0.01963247795962167,0.08446434425219344,0.138,189,0.09943040081868058,0.24772924290876558,0.342676399026764
A0A1U8F7A1,nardini_Iso point_zscore,0.05675309929257884,0.152590115371498,0.05316826849547353,-0.0025783952149911883,0.03504839354151248,0.7196663681167876,0.676,48,0.11327883339893778,0.8467653407315653,0.8243103030303031
A0A1U8F7A1,nardini_PPII_zscore,0.1943801214611756,0.08524321767161787,0.19128271712014966,0.12333458895733058,0.057738980917770674,0.02258703946577838,0.02,142,0.10441240004454615,0.10281702127861109,0.09314814814814815
A0A1U8F7A1,nardini_A Patch_zscore,0.1732357239279316,0.08513082260673938,0.17010492877874905,0.01926420573616861,0.007361465232336193,0.05028648148663031,0.044,133,0.09067051906279455,0.1775024574580705,0.16333579335793358
A0A1U8F7A1,nardini_K Patch_zscore,0.042691533902630176,0.15119632822825424,0.03602159387839854,0.0065975018213085,0.03254319938628979,0.8018530660066787,0.778,51,0.09015997626526097,0.8943061911338346,0.8813828828828829
A0A1U8F7A1,cider_kappa,-0.1452582247389065,0.08033443382371162,-0.14546084386462782,-0.15261344321689263,0.0819859301757735,0.08086000241527791,0.086,145,0.09566144925998438,0.24254546880242278,0.24885805345575462
A0A1U8F7A1,cider_omega,0.30197219980496925,0.06982839076415902,0.30739768896046965,0.2681330319516587,0.12358573690416011,4.550725706637025e-05,0.001,170,0.09288734851909321,0.0008323691019776086,0.008824561403508771
A0A1U8F7A1,cider_delta,-0.21584393291119078,0.08267372466402384,-0.2216476653138865,-0.27090534761734364,0.2972298805610952,0.007804010263819564,0.014,143,0.0949235535350625,0.045380545233540355,0.06972277227722772
A0A1U8F7A1,cider_mean_net_charge,-0.32451030708287315,0.18997042822267052,-0.3420579798432965,-0.5312887779071707,0.28949952624775954,0.09419937072961795,0.108,25,0.09615858389602559,0.2654848344813125,0.29050267379679146
A0A1U8F7A1,cider_fraction_neutral,0.3862834886060005,0.17033280616104252,0.3886727797256707,0.4041892150512746,0.25158938532640324,0.05483980870496566,0.04,25,0.12030612207466403,0.18765704929952484,0.1524242424242424
A0A1U8F7A1,sparrow_SCD,0.15616408542564245,0.059317423650516884,0.15588439367588214,-0.0002542575792299649,0.0022614781107815553,0.01500098368720072,0.006,243,0.09676724951308674,0.07621711913799963,0.0361437125748503
A0A1U8F7A1,sparrow_SHD,0.030653116224863317,0.4394530012760862,0.0,-0.24883496836914948,0.5569760249686792,1.0,0.896,7,0.08980715923448072,1.0,0.9478191377497371
A0A1U8F7A1,sparrow_complexity,-0.1712781069744944,0.11445606561313511,-0.17646023189949356,-1.2524354403256177,0.6867746167567413,0.14100278081983406,0.13,71,0.08494841039193457,0.34345955812288875,0.3327735368956743
A0A1U8F7A1,sparrow_scaled_rg,0.029713558978569404,0.23622809236746323,0.03458498023715415,-0.0013447531674224654,0.010978078922319393,0.8755124455826611,0.906,23,0.08355862008948668,0.9408051173805796,0.9523887147335424
A0A1U8F7A1,sparrow_scaled_re,-0.045333264836699576,0.19466752134153298,-0.049486803519061574,0.00033739971844513254,0.002161687419025423,0.7879553187671033,0.816,32,0.08264443179359338,0.8858023642421612,0.9060662251655629
A0A1U8F7A1,sparrow_prefactor,-0.08566877664339878,0.22259805942310534,-0.08846153846153845,-0.00245832315341173,0.004236966206110708,0.6741280977330553,0.656,25,0.07582583388302883,0.8250278179068778,0.8087450980392157
A0A1U8F7A1,sparrow_scaling_exponent,0.08273411569599616,0.2560985857974234,0.10075187969924812,0.15767333238573655,0.2154157273817937,0.6725564354857818,0.706,20,0.07077051449224589,0.8241069112042588,0.8432821723730813
A0A1U8F7A1,sparrow_asphericity,-0.06737704346517862,0.2323669583324641,-0.08,0.02334482829112651,0.4577891328451536,0.7101960521957591,0.768,24,0.08004717908472546,0.8417611530128872,0.8779636363636364
A0A1U8F7A1,mpipi_epsilon_self,0.09271663101312916,0.08047777769875458,0.09596070963215395,-0.0016074300130176065,0.003413880161075526,0.21048681349237083,0.274,172,0.09962542070015351,0.4411452799444272,0.5066985294117647
A0A1U8F7A1,calvados_epsilon_self,0.12010084090658567,0.07271027564834681,0.12027119530093898,0.004194124335563777,0.002029814208562608,0.09312725244224765,0.112,196,0.09487025892289812,0.2654848344813125,0.29728759894459106
A0A1U8F7A1,avg_helix_prob,-0.17055470343641685,0.07156495493338791,-0.17293908101596844,-0.2997252831443785,0.11201493088188028,0.012926143046298433,0.026,206,0.0960091142420965,0.06702938095142384,0.11372173913043478
A0A1U8F7A1,avg_beta_prob,-0.1785909220437768,0.06460478815208641,-0.17884666951222267,-3.78644327853981,1.7359355590023708,0.008124954484046366,0.004,218,0.09748501464603164,0.04694037450186547,0.024839506172839507
A0A1U8F7A1,avg_coil_prob,0.13068855725701378,0.06835579532644703,0.13103042489746022,0.25680352041344845,0.09737893097442146,0.05282696925947507,0.066,219,0.09628479426213431,0.18442146780809432,0.21212779552715658
A0A1U8F7A1,avg_nes,-0.01598163305930012,0.06782565870083347,-0.014982156158626745,0.011136753471700324,0.5480954409242251,0.8247224889142244,0.826,221,0.09751504032140047,0.9117261800524283,0.9091422319474834
A0A1U8F7A1,avg_nis,0.12508946736830778,0.06685524535330462,0.12538676558489503,0.3972617739497432,0.24469822664740146,0.05287792405945793,0.07,239,0.09681826862498975,0.18442146780809432,0.21869565217391307
Os_LEA_or6,nardini_Frac A_raw,0.5123582671720026,0.10131565241426753,0.5215840626454121,1.4556439582013727,0.30911926662864925,4.4364134592480564e-05,0.001,55,0.07817467488908723,0.0008264873962969527,0.008824561403508771
Os_LEA_or6,nardini_Frac C_raw,-0.050487128458610274,0.16699801124774866,-0.04891241970989905,1.2783152247730294,8.705968815159714,0.7903616137883791,0.782312925170068,32,0.06709060105015141,0.8858023642421612,0.8852719940619667
Os_LEA_or6,nardini_Frac D_raw,0.11746624775821132,0.1298887009039209,0.11799576505237483,1.3045143637108436,0.8292456705543577,0.37343078589623124,0.368,59,0.09603019636562297,0.6108477570920465,0.6122039473684211
Os_LEA_or6,nardini_Frac E_raw,0.005536329080479543,0.14067513690965647,0.003491718314625431,-0.08883685297185767,0.8722112350687838,0.9788762034843697,0.972,60,0.09567055545239207,0.9857351959011771,0.9837344064386319
Os_LEA_or6,nardini_Frac F_raw,-0.4054373602179702,0.12585074772024202,-0.4065162158498067,-9.489256557135013,3.182936494752409,0.005056105338906233,0.001,46,0.08203816008510686,0.03219267070214981,0.008824561403508771
Os_LEA_or6,nardini_Frac G_raw,0.16414484631248843,0.1773670993746893,0.16717713350202767,1.1897343486824683,1.8869113938092281,0.3446519942607894,0.358,34,0.06774431220922061,0.579799174291562,0.605290756302521
Os_LEA_or6,nardini_Frac H_raw,-0.16072540741723307,0.13364030900014343,-0.16976406912143316,-6.299025334027114,5.723568094358053,0.38778295251240813,0.22543950361944157,28,0.06786070321428651,0.6251757215184015,0.45724221903459317
Os_LEA_or6,nardini_Frac I_raw,-0.22268898796926698,0.19546088229279315,-0.23012553495871568,-1.1173020361484605,0.7767030450959341,0.2908047282600482,0.268,23,0.10279414034724942,0.5242823595512698,0.5002003710575139
Os_LEA_or6,nardini_Frac K_raw,0.28080223417723643,0.12831137802086146,0.28763885612616497,0.9911170839945033,0.5330688274297511,0.021183518732064307,0.036,64,0.09445787692305774,0.0977551369011775,0.1425826771653543
Os_LEA_or6,nardini_Frac L_raw,-0.35472757878284805,0.12250012592770765,-0.3595064564692606,-3.4144394513300695,1.9890067844749189,0.00602230782515623,0.012,57,0.08108091374513403,0.03716835381660839,0.06254922279792746
Os_LEA_or6,nardini_Frac M_raw,-0.4582690574313966,0.10467053794898037,-0.4595202196735466,-6.8016076282983935,1.6905834169695328,0.0003671100877225395,0.001,56,0.09176334364006969,0.004449551183721382,0.008824561403508771
Os_LEA_or6,nardini_Frac N_raw,-0.08172057417566278,0.20919734377299518,-0.08553086989916374,0.06065715329746001,0.6739726473486086,0.6910909410410264,0.682,24,0.11568694911095591,0.8366275411399188,0.8286135265700484
Os_LEA_or6,nardini_Frac P_raw,0.37266673077808216,0.20689815312525953,0.3701372378806772,5.233776157015448,3.049232860616834,0.0750198677707289,0.098,24,0.06863363812282074,0.23048024405115064,0.27234254143646414
Os_LEA_or6,nardini_Frac Q_raw,-0.22767534694034897,0.1289527459039496,-0.23630991818941297,-0.6791571866455345,0.6746734247311384,0.08239385753415818,0.078,55,0.08673331109974422,0.2450554870128497,0.2335357142857143
Os_LEA_or6,nardini_Frac R_raw,-0.38429286211152713,0.10411133318415368,-0.38713143436472264,-2.2000406957509395,0.6152590489772776,0.0015765000745459588,0.001,64,0.09481922122832355,0.012893976219457192,0.008824561403508771
Os_LEA_or6,nardini_Frac S_raw,0.1888165378134971,0.15124369328051543,0.18730071456100944,0.8147940363203106,0.5642773240824467,0.23492726377267006,0.238,42,0.07735720853810461,0.4689222764986232,0.46854794520547943
Os_LEA_or6,nardini_Frac T_raw,-0.3237736302901378,0.12801542839427418,-0.3271276920125476,-4.075113744552171,1.3183104283184435,0.019123493280909922,0.016,51,0.07932199290285387,0.092938329664712,0.0777584541062802
Os_LEA_or6,nardini_Frac V_raw,-0.10042379198336417,0.15666300829213767,-0.1026974194210517,-1.8373724921983643,1.8328367721070569,0.4599266653002224,0.5,54,0.0919292522736295,0.6734879553013446,0.7102841068917018
Os_LEA_or6,nardini_Frac Y_raw,-0.14224109729182255,0.05569906274368955,-0.11608043601255663,-14.653220768225996,3.5673627663653105,0.44764250155065555,0.001,45,0.08157643878978639,0.6663133290746569,0.008824561403508771
Os_LEA_or6,nardini_Frac K+R_raw,-0.20201630854850652,0.23485457872570523,-0.20793321278836788,-0.5383160738363933,0.5471003958019925,0.3531126348808532,0.37,22,0.12259264610991,0.5891066512274267,0.6122039473684211
Os_LEA_or6,nardini_Frac D+E_raw,-0.02462049204481898,0.25171570058505566,-0.02322959597908197,0.17578785542592412,0.6643648665814892,0.9182726199147568,0.91,22,0.12259264610991,0.9579439295906335,0.9537130977130978
Os_LEA_or6,nardini_Frac Polar_raw,-0.3767057652686865,0.1474777433316982,-0.37821525349319346,-0.6132883114751994,0.32480591872144154,0.010416435272761884,0.02,45,0.07855603392931033,0.05664288586161328,0.09314814814814815
Os_LEA_or6,nardini_Frac Aliphatic_raw,0.4315162394949565,0.18708402246652706,0.4418710420718743,1.940529000083155,2.2558111821716436,0.011341677294983716,0.036,32,0.06709060105015141,0.05982364979316676,0.1425826771653543
Os_LEA_or6,nardini_Frac Aromatic_raw,-0.30267901543919945,0.08394585528285604,-0.25015959146215205,-11.225860242298875,2.0893667296225926,0.199177672490527,0.001,28,0.06663908994137306,0.4318377985462719,0.008824561403508771
Os_LEA_or6,nardini_R/K Ratio_raw,-0.1924559750506503,0.10343471578444424,-0.19082835640854418,-0.10614972673559854,0.04363161793669111,0.04290597720587118,0.064,113,0.10678337824825153,0.1586890186364206,0.20769032258064518
Os_LEA_or6,nardini_E/D Ratio_raw,-0.1426703010739357,0.1269458517794069,-0.14566696474340265,-0.21023591851232248,0.11391846886334295,0.2667699139883734,0.256,60,0.0884573188188306,0.49790451479091585,0.48500188323917137
Os_LEA_or6,nardini_Frac Chain Expanding_raw,0.19196640524078365,0.23722735123015817,0.20626068740030268,0.5027645470797445,0.4069995203873948,0.3968848740455252,0.42,19,0.10338324703855223,0.6302544380428051,0.6530448222565687
Os_LEA_or6,nardini_FCR_raw,-0.19995724965449513,0.2796087976952876,-0.19026967765182826,-0.10651745942823987,0.29656224737108117,0.5146961800596772,0.456,14,0.11564122738446261,0.7141220340420407,0.6806172106824926
Os_LEA_or6,nardini_NCPR_raw,-0.08392447129519946,0.3727199034817676,-0.1015763379090602,-0.29302871098095,0.599943195756763,0.7534340837808129,0.8,12,0.12722483139084662,0.8659623080169644,0.892239467849224
Os_LEA_or6,nardini_Disorder Promoting_raw,0.5265187226608926,0.12152236100902436,0.5376664449349281,0.9168617294851942,0.2583587741250289,0.000240679668196024,0.001,42,0.07916582125291452,0.0031444642364311707,0.008824561403508771
Os_LEA_or6,nardini_Iso point_raw,-0.17563141840045737,0.39621561775541514,-0.17575757575757575,-0.01710424159562033,0.0500509855899094,0.6271883447764844,0.602,10,0.1320883638911463,0.7988879720951301,0.7840309677419355
Os_LEA_or6,nardini_PPII_raw,0.30535789127689894,0.2505999669224615,0.3226777212021511,5.752556497755115,3.6277593419242855,0.16526164860899498,0.242,20,0.0667882089894482,0.37699142517153955,0.4727223300970873
Os_LEA_or6,nardini_A Patch_raw,0.3688863873846932,0.10005833307449594,0.3718940200569593,0.6885134029092614,0.17258406222757672,0.000581259232158633,0.004,82,0.1085112639214139,0.005893755274294968,0.024839506172839507
Os_LEA_or6,nardini_E Patch_raw,0.06621461450249419,0.21699279960347323,0.07426146565610628,0.24587280809129738,0.7271127768629627,0.7242492799585257,0.76,25,0.11912955656030848,0.8491780601844718,0.873748183864004
Os_LEA_or6,nardini_K Patch_raw,-0.02421250261711263,0.18077107093615527,-0.02800796888863736,-0.6841562241763876,1.6979103213621043,0.8674347075287934,0.892,38,0.08426397725652023,0.937559765180246,0.9475733896515312
Os_LEA_or6,nardini_R Patch_raw,0.08813506437882855,0.41446262239913495,0.04923659639173309,-1.2713956379098168,2.697135219738793,0.8925556689885619,0.89,10,0.13571800382328927,0.9461654404662732,0.9475733896515312
Os_LEA_or6,nardini_S Patch_raw,0.6341173714651056,0.2291791741228163,0.67700320038633,1.83199424690365,0.9527666320571024,0.03153073626013501,0.038,10,0.06549811817159848,0.13107405238717282,0.14874708171206227
Os_LEA_or6,nardini_Frac A_zscore,0.4559982558489791,0.12276548180020123,0.4603187358202322,0.06728016256984129,0.019965891513186382,0.0005954996867628471,0.001,52,0.07719464919130321,0.005893755274294968,0.008824561403508771
Os_LEA_or6,nardini_Frac D_zscore,0.055682487403796305,0.0984742143497002,0.05219546660814744,0.027945141883387977,0.03191434451998034,0.5916232005402762,0.56,108,0.10842510983990099,0.780379401052746,0.7551742627345845
Os_LEA_or6,nardini_Frac E_zscore,0.0007857644100091862,0.13833537082394345,-0.0038548570193464764,-0.024554805014117442,0.06205132751964235,0.9766799092634904,0.978,60,0.0947728577687234,0.9845090067325364,0.9858396793587174
Os_LEA_or6,nardini_Frac F_zscore,-0.06604773451849331,0.11793705448655335,-0.06063413196348001,-0.021794495402052135,0.11305348060091201,0.5814625598202556,0.588,85,0.12013595569119992,0.7718215791481489,0.7742513089005235
Os_LEA_or6,nardini_Frac G_zscore,-0.0022792266547176257,0.18581037686107857,-0.012857896660619346,-0.017854905272438066,0.08743388976009249,0.9462348152465121,0.982,30,0.06529307510002275,0.9683745922054844,0.9859201596806387
Os_LEA_or6,nardini_Frac K_zscore,0.38968065367231647,0.118012875334957,0.39672293172115397,0.10197110762563122,0.03275865849441305,0.0015487379469026324,0.002,61,0.09498800528166335,0.012770740775279083,0.01426950354609929
Os_LEA_or6,nardini_Frac L_zscore,-0.06966827095257472,0.12019455486211349,-0.07146138003199888,-0.03920343721493905,0.04284686856404007,0.5132117523602536,0.556,86,0.12004333795134343,0.7141220340420407,0.7507865771812081
Os_LEA_or6,nardini_Frac M_zscore,-0.4519033644443841,0.10629629239238886,-0.4595202196735466,-0.13043262727267319,0.032387130422539975,0.0003671100877225395,0.001,56,0.09176334364006969,0.004449551183721382,0.008824561403508771
Os_LEA_or6,nardini_Frac P_zscore,0.14470841960204536,0.10670246689761863,0.14171533488938845,0.37163406671659305,0.13537877095068454,0.13609746426462088,0.192,112,0.10724827789249648,0.33722672179854335,0.42172925764192143
Os_LEA_or6,nardini_Frac Q_zscore,-0.2010908660918951,0.1257451405673052,-0.20511522474799573,-0.02818091802109366,0.038641972251149306,0.08391129385175616,0.122,72,0.12576779793295434,0.24682678834756344,0.3179585492227979
Os_LEA_or6,nardini_Frac R_zscore,-0.09367980862965791,0.1992272376846495,-0.08050954574196327,-0.0561264271536968,0.049782847043421764,0.6613693992305905,0.62,32,0.12152817853067106,0.8192133057816036,0.7925285895806861
Os_LEA_or6,nardini_Frac S_zscore,0.09984687433056656,0.10487386903964405,0.09819211561558833,0.046331734394539296,0.03548755935296343,0.31200971761380514,0.334,108,0.10701688577277833,0.5480985872264096,0.5773264604810997
Os_LEA_or6,nardini_Frac T_zscore,-0.12943248778740524,0.11086798643606813,-0.1313678436788861,-0.1930200456148615,0.08755567192904305,0.211948476297974,0.238,92,0.11569374274401367,0.4432851708019997,0.46854794520547943
Os_LEA_or6,nardini_Frac V_zscore,-0.1430051530102736,0.1518784487800144,-0.152506378345247,-0.06589138488321644,0.045010852318816096,0.27563343282752806,0.342,53,0.09189612994689982,0.509719179089142,0.5891301369863015
Os_LEA_or6,nardini_Frac Y_zscore,0.08052151662976097,0.03461067878266668,0.0669769513479344,16.22706432786029,4.157810627407548,0.5845140621777531,0.00909090909090909,69,0.12332357427455912,0.7737120349352891,0.05109192483494159
Os_LEA_or6,nardini_Frac K+R_zscore,0.112034401127456,0.23740593535664786,0.14132265182387485,0.008592570362666606,0.0496872483437024,0.5411696325125108,0.616,21,0.12319276717498709,0.7319943263324349,0.7914380587484036
Os_LEA_or6,nardini_Frac D+E_zscore,0.05925897921520835,0.25549693328824447,0.056659312021553505,0.028502819537203253,0.07888508590326496,0.8072755948599442,0.824,21,0.1231689810552054,0.8967750164493437,0.9089298245614035
Os_LEA_or6,nardini_Frac Polar_zscore,-0.2929963826546765,0.09528298742213392,-0.29073136529193166,-0.07560878838459172,0.04252253987468331,0.0017845739088624007,0.004,113,0.10678337824825153,0.014102806708412177,0.024839506172839507
Os_LEA_or6,nardini_Frac Aliphatic_zscore,0.4996406034775365,0.1638070890658212,0.5028202785661682,0.1120150445955376,0.0908684794406775,0.002080514659429151,0.002,35,0.0741065381200627,0.015619386174520342,0.01426950354609929
Os_LEA_or6,nardini_Frac Aromatic_zscore,0.08122940729318757,0.030547702498301323,0.0677241821586895,12.001707914158859,2.674619907773309,0.5355409687203954,0.003110419906687403,86,0.11993455642007582,0.727971499217823,0.022035791733292447
Os_LEA_or6,nardini_R/K Ratio_zscore,-0.36983024432501077,0.10939887038430145,-0.37471894438118064,-0.06902981728540228,0.017827734121905935,0.0031798239491141493,0.002,60,0.09540610254242925,0.02206139926075058,0.01426950354609929
Os_LEA_or6,nardini_E/D Ratio_zscore,-0.16433095817041798,0.12850300574609225,-0.17030841761139073,-0.07163244734511207,0.03629744631658822,0.20530167940969177,0.218,57,0.08870006701263491,0.43525363987369536,0.45125102880658435
Os_LEA_or6,nardini_Frac Chain Expanding_zscore,0.3044445359736941,0.17139948772859703,0.30445537940281725,0.05361731601617664,0.04039869839969559,0.06309962090549448,0.09,38,0.08327388388434721,0.20476844719654017,0.2557627118644068
Os_LEA_or6,nardini_FCR_zscore,0.19243805469805453,0.2686523279508081,0.19690699198851994,0.03282169767028611,0.03763641554696373,0.4998526639364459,0.472,14,0.11363728451860455,0.7077937796538075,0.6901627906976744
Os_LEA_or6,nardini_Hydrophobicity_zscore,0.1308376662157421,0.14850405336544062,0.13735813449548323,0.09344564061298336,0.24929022973382822,0.3127321958926035,0.392,56,0.10336341301137787,0.5480985872264096,0.6323428571428572
Os_LEA_or6,nardini_Disorder Promoting_zscore,0.47790403390424424,0.09862967644997624,0.48621290871092576,0.06961539037361908,0.01806861489441299,3.0279806484941742e-05,0.001,67,0.09021135000991157,0.0006236386984371249,0.008824561403508771
Os_LEA_or6,nardini_Iso point_zscore,-0.07495605882948303,0.11880584851433322,-0.07181484384690172,-0.05428499015951369,0.12602264882988448,0.4497145578941142,0.538,113,0.10678337824825153,0.6663133290746569,0.7393825136612022
Os_LEA_or6,nardini_PPII_zscore,0.3054925614013606,0.09924878429230229,0.3063478335276615,0.15681022884167592,0.053552410606293184,0.0009667358786031328,0.006,113,0.10678337824825153,0.009004965684025477,0.0361437125748503
Os_LEA_or6,nardini_A Patch_zscore,0.4516962825765228,0.10107609491567862,0.46177156816107773,0.029054219594620442,0.007252138503484216,0.0002635558538673715,0.001,58,0.09546111212492835,0.0033991947306484067,0.008824561403508771
Os_LEA_or6,cider_kappa,0.025150081000391778,0.14071417868420405,0.03416519541410724,-0.04899723273663075,0.12027204490079506,0.7820942753672885,0.892,68,0.12861698434022578,0.8850245680759192,0.9475733896515312
Os_LEA_or6,cider_omega,-0.1289033028408047,0.10864872426933077,-0.13141053548884546,-0.15055220260330957,0.11513110156334731,0.23926893119710918,0.216,82,0.10890150578228876,0.4693467385689165,0.44895867768595044
Os_LEA_or6,cider_delta,0.10376490840863994,0.13178558178589736,0.1036825669681934,0.03660197937121276,0.4710830733406693,0.40373979339278565,0.45,67,0.12299197676003187,0.6347751356946874,0.6751208423140056
Os_LEA_or6,cider_mean_net_charge,-0.09147015317452568,0.3544811401214769,-0.0952417984616157,0.009797941676748387,0.8335864925968283,0.7684276411607844,0.83,12,0.12722483139084662,0.8754679581061712,0.9095642701525054
Os_LEA_or6,cider_fraction_neutral,0.1726494121498026,0.2791055538949156,0.19026967765182826,0.07129316605400043,0.2832859585029766,0.5146961800596772,0.502,14,0.11564122738446261,0.7141220340420407,0.7102841068917018
Os_LEA_or6,sparrow_SCD,-0.05311882509379777,0.09824270511176594,-0.057286027186821714,-0.002274832487274434,0.005522309508121034,0.5467194198437151,0.602,113,0.10678337824825153,0.7362780941938117,0.7840309677419355
Os_LEA_or6,sparrow_SHD,0.05531743859481013,0.32691049730077726,0.03736263736263736,0.1316773761313936,0.5886646757244544,0.899093096973967,0.896,14,0.08010663208550209,0.9510911204582658,0.9478191377497371
Os_LEA_or6,sparrow_complexity,-0.3431843003054613,0.16420085577625704,-0.35476281718581665,-1.899807378638767,0.9201553601387641,0.028852980936229497,0.04,38,0.06938886389853749,0.12404315735831997,0.1524242424242424
Os_LEA_or6,sparrow_scaled_rg,-0.049563214090076066,0.25228847274806665,-0.05454545454545454,0.004373353550115614,0.0182049834984131,0.814342822105269,0.83,21,0.0901369808634431,0.9022985618203536,0.9095642701525054
Os_LEA_or6,sparrow_scaled_re,0.10485247241553823,0.2747195852036587,0.09924812030075188,0.0022055312801819277,0.004508634872927438,0.6771888443218218,0.7,20,0.09428299921561885,0.8277666796935028,0.8407285714285714
Os_LEA_or6,sparrow_prefactor,-0.033189942649258876,0.3321920565176789,-0.05054945054945055,-0.00018821491786777028,0.00865317321680144,0.8637420361792153,0.906,14,0.10273854819343273,0.9353331414384183,0.9523887147335424
Os_LEA_or6,sparrow_scaling_exponent,0.029832565583825705,0.36457758782810096,0.027472527472527472,0.03709894402405634,0.3530002111827165,0.929011729160351,0.9,13,0.0980055309611736,0.9624982487490351,0.9490566037735849
Os_LEA_or6,sparrow_asphericity,-0.2069940011991291,0.32577919348647183,-0.1956043956043956,-0.43997598507319935,1.2509056989060712,0.5027500912969567,0.516,14,0.09962527033259058,0.7093500586882727,0.7199667128987518
Os_LEA_or6,mpipi_epsilon_self,0.17942575347531334,0.1144512549017369,0.1786746740784947,0.0031467626861407094,0.006884375836928225,0.08660397153619312,0.118,93,0.10952733680985781,0.2510766437043524,0.3099425587467363
Os_LEA_or6,calvados_epsilon_self,0.24580301789274744,0.10259205946857997,0.24543275217109123,0.004163322827222276,0.0015228295171583446,0.013845771204441564,0.012,100,0.10916610402263009,0.07106553995749089,0.06254922279792746
Os_LEA_or6,avg_helix_prob,-0.3901616280417704,0.08987367812648489,-0.39444493256600627,-0.658970866046067,0.16739270429626493,3.74331728058749e-05,0.001,103,0.10687056305211158,0.0007241879200521183,0.008824561403508771
Os_LEA_or6,avg_beta_prob,-0.20647088939192476,0.09559973910439894,-0.21317614424410544,-1.41053641461118,0.9065485324270819,0.029799617105793062,0.038,104,0.10840860177567016,0.12649120172332412,0.14874708171206227
Os_LEA_or6,avg_coil_prob,0.4012167599062567,0.09048844463803665,0.39864033738962357,0.6558722400012462,0.15768026770918728,3.037603998351801e-05,0.001,103,0.10687056305211158,0.0006236386984371249,0.008824561403508771
Os_LEA_or6,avg_mito_targeting,-0.33036331809394126,0.5152701250104244,-0.3768511731740915,-1.3593451378341108,2.554735894077695,0.46148284035080467,0.4084084084084084,6,0.1246556853865974,0.6747845020245778,0.6409654584381574
Os_LEA_or6,avg_nes,-0.060568207901362914,0.09726709187977581,-0.06273345701917131,-2.2647048053598864,1.8196120825766324,0.537320003644647,0.534,99,0.10302817246975157,0.7284958539979985,0.7348891928864569
Os_LEA_or6,avg_nis,0.050088255980806635,0.10151437383364298,0.05230720606826802,-0.6696817715055174,0.6853687626242879,0.582163153982312,0.624,113,0.10678337824825153,0.7718215791481489,0.7956197718631179
Os_LEA_or4,nardini_Frac A_raw,0.271698659841965,0.17461090125097573,0.27251651690532186,2.3563684518035943,1.2530441758876654,0.07350633308953895,0.132,44,0.12015660362881025,0.22823262681504997,0.3344886649874056
Os_LEA_or4,nardini_Frac D_raw,-0.12286972171012558,0.13778764216323697,-0.12247019224995637,-1.3931967003964014,1.0804820630975558,0.3597427261846924,0.372,58,0.1179639137624885,0.5962128213209235,0.6124909983633388
Os_LEA_or4,nardini_Frac E_raw,-0.28629760755050426,0.132003447710898,-0.2883018735716144,-4.014562782602391,1.407146077961001,0.029643816990064048,0.042,57,0.11525713845770541,0.1263630503898493,0.1594415094339623
Os_LEA_or4,nardini_Frac F_raw,-0.02140875188930022,0.15947269925496296,-0.023641594677427397,-2.1319711815981037,4.456667539354713,0.8818598972996887,0.888,42,0.11156615528014178,0.9417739455238714,0.9475733896515312
Os_LEA_or4,nardini_Frac G_raw,0.14934402801843857,0.1964250590778566,0.14734528600030677,0.28939779835413276,1.6794368058571507,0.4543219470085389,0.452,28,0.1224952216101949,0.6700477686162719,0.6766547619047619
Os_LEA_or4,nardini_Frac H_raw,0.22603368379110403,0.16303827731311923,0.23027243987172602,15.011626980744591,19.889112540839065,0.2790266695634049,0.20618556701030927,24,0.11105621554321034,0.5131642222683461,0.4348919149757724
Os_LEA_or4,nardini_Frac I_raw,-0.31972448555392474,0.19154352263106844,-0.3397390173473316,-3.7941560824915834,2.9661680888406052,0.14277508371700431,0.128,20,0.11187512846120709,0.34526859187333253,0.32848979591836736
Os_LEA_or4,nardini_Frac K_raw,-0.1595660085556083,0.12706777814137254,-0.1577551236721626,-1.0140835476867824,0.7111272104212069,0.22073693779294343,0.222,62,0.11313597031462401,0.4541699433414588,0.4548513238289206
Os_LEA_or4,nardini_Frac L_raw,0.04457371273647102,0.15515488555948834,0.04009917033771867,-0.3113277920350881,2.1940967128512407,0.7913272203635566,0.758,46,0.1140005315133736,0.8858023642421612,0.8724805491990847
Os_LEA_or4,nardini_Frac M_raw,-0.01941588174802886,0.1821211847466401,-0.026937342535603512,-2.1427140502696624,5.434618041005529,0.8798002113427539,0.896,34,0.12381341074833625,0.9408051173805796,0.9478191377497371
Os_LEA_or4,nardini_Frac N_raw,0.1581289088072398,0.14624513166000808,0.15235431046601272,2.8303914867215636,1.0836534373152393,0.25357132194976545,0.296,58,0.11060904545200645,0.4831302081088334,0.5317428571428571
Os_LEA_or4,nardini_Frac P_raw,-0.21900088658270728,0.18821975077844175,-0.2335432619859285,-3.0969305136832688,2.533928087376997,0.23166553803354173,0.266,28,0.1224952216101949,0.4651807011212435,0.49831657355679704
Os_LEA_or4,nardini_Frac Q_raw,0.25681986735740875,0.13007388959929436,0.24826119584162842,2.9260605552535677,0.7631786871731046,0.0650499755620754,0.056,56,0.11037659963641046,0.20708947916280965,0.18841471571906354
Os_LEA_or4,nardini_Frac R_raw,0.09710251483454209,0.12439774659901008,0.09389442079022015,-0.18886300641169648,0.806710232098403,0.4679090702254881,0.464,62,0.11625252266056495,0.6775405932539047,0.6834319180087849
Os_LEA_or4,nardini_Frac S_raw,-0.5458859504510999,0.1219416041196741,-0.5528794295913285,-2.947992528320644,0.6832622445792049,2.5861899171571183e-05,0.001,51,0.1150886049492181,0.0005535546929063959,0.008824561403508771
Os_LEA_or4,nardini_Frac T_raw,0.3261658187461516,0.16258037032623682,0.3346898645677887,2.4370416870248186,0.908209704942047,0.028254407940805023,0.062,43,0.10896975436913664,0.12199113471437706,0.20316612377850163
Os_LEA_or4,nardini_Frac V_raw,-0.3372203712362919,0.12972846140699656,-0.3432865122762996,-3.739317388575886,1.8901067621494514,0.015741304151666306,0.012,49,0.11321657731906444,0.0791787598828815,0.06254922279792746
Os_LEA_or4,nardini_Frac Y_raw,0.296791343482107,0.08890613962774957,0.2891259721053689,23.963904714886482,15.628521323949474,0.08263335856101561,0.001,37,0.11540848572479372,0.2450554870128497,0.008824561403508771
Os_LEA_or4,nardini_Frac K+R_raw,-0.06691741216559509,0.22926132481025158,-0.07284472237668235,-0.4795323450109622,0.6893812487479739,0.7411671471879779,0.71,23,0.13120342312760166,0.860986316479337,0.8432821723730813
Os_LEA_or4,nardini_Frac D+E_raw,-0.29786312626724465,0.21210558347582537,-0.31589606047834773,-1.2277783219154876,0.7053531030808405,0.14199407170856054,0.188,23,0.13120342312760166,0.3450387346348114,0.4175011037527594
Os_LEA_or4,nardini_Frac Polar_raw,0.13102221256084937,0.20388295927546682,0.14212087170961618,1.2592295477797266,0.5644323945962496,0.44566527104285847,0.554,31,0.1256377697463967,0.6663133290746569,0.7490913978494624
Os_LEA_or4,nardini_Frac Aliphatic_raw,0.24573351614762323,0.20598501925802984,0.24057446454148684,0.44169817471426576,2.076470539145327,0.226754540907066,0.238,27,0.12317876065562812,0.4599094115977992,0.46854794520547943
Os_LEA_or4,nardini_Frac Aromatic_raw,0.10301128856258973,0.23619628909908444,0.099051984963125,15.320664741375207,17.373587329033228,0.6451686388609803,0.6426426426426426,24,0.12652241421772648,0.812214610252778,0.8078104738154614
Os_LEA_or4,nardini_R/K Ratio_raw,0.16124998742017274,0.10307770133043517,0.16846255618321826,0.11267021996618598,0.06768986823106682,0.08282193398048598,0.116,107,0.11455799562264718,0.2450554870128497,0.3062887139107612
Os_LEA_or4,nardini_E/D Ratio_raw,-0.24565175284451318,0.09676705533291625,-0.24397925746416999,-0.33990591160753586,0.16507585011544054,0.011325499653268222,0.02,107,0.11455799562264718,0.05982364979316676,0.09314814814814815
Os_LEA_or4,nardini_Frac Chain Expanding_raw,-0.24755826027733208,0.16894220170714971,-0.2525722111757564,-1.1955016228634108,0.4914803070417945,0.11586533550783701,0.14,40,0.11869285067505045,0.30462312952748466,0.342676399026764
Os_LEA_or4,nardini_FCR_raw,-0.2491178721507043,0.3022970912397054,-0.2639176520731652,-0.6134682124022278,0.5777423467688338,0.3418716501641621,0.392,15,0.12317676900211806,0.5780216471683145,0.6323428571428572
Os_LEA_or4,nardini_NCPR_raw,0.34873165335399703,0.19765492815982394,0.381997484182917,0.4425777494039688,0.37822763508064,0.15999586943816493,0.102,15,0.13852605665736262,0.3708953310687458,0.2780813008130081
Os_LEA_or4,nardini_Hydrophobicity_raw,-0.49479636955075285,0.4666092384307005,-0.5428571428571429,-0.10299914312916912,0.17932560789122554,0.26570262390670557,0.182,6,0.14191017967993422,0.49790451479091585,0.4114426966292135
Os_LEA_or4,nardini_Disorder Promoting_raw,-0.09511620258304315,0.2300287436150752,-0.09550078516714007,-0.5366706859300925,1.8176418807618466,0.6646825071814446,0.648,23,0.10722302805648094,0.8194492674320261,0.8087450980392157
Os_LEA_or4,nardini_Iso point_raw,0.4346762942964027,0.19093771611154928,0.45974402713804574,0.05155901967222203,0.02278494074648973,0.06335042651212001,0.026,17,0.13866550196199245,0.20492131534145575,0.11372173913043478
Os_LEA_or4,nardini_PPII_raw,-0.17911818140521638,0.2798255926482769,-0.1928571428571428,-3.0618036636380284,2.854462895695811,0.4910487016052232,0.534,15,0.11771229113698725,0.7016974343961001,0.7348891928864569
Os_LEA_or4,nardini_A Patch_raw,0.5230182314609695,0.08484826695782433,0.5263782980778522,1.871114402114906,0.4019033788992989,8.790544466716539e-07,0.001,77,0.11253793110381335,3.4367751070024796e-05,0.008824561403508771
Os_LEA_or4,nardini_D Patch_raw,-0.22071855335565538,0.24277689084278767,-0.2324050910640008,-1.2824591008251474,1.2414242636200192,0.32412691919256076,0.376,20,0.09495030566183431,0.5631635245383698,0.6170570962479609
Os_LEA_or4,nardini_K Patch_raw,0.09682374713902091,0.14715203702864374,0.09052365422214728,0.4149743761577429,0.7750884622520229,0.5589636909765091,0.498,44,0.11852387956111032,0.7507591703255778,0.709614730878187
Os_LEA_or4,nardini_R Patch_raw,-0.33732665861251776,0.5563899574884172,-0.33394720739540396,-2.292061210442275,7.870301785380588,0.5177002083054396,0.39593908629441626,6,0.09084628201445939,0.714246993125337,0.6323428571428572
Os_LEA_or4,nardini_S Patch_raw,-0.2848668931033841,0.2970168036528436,-0.30569920271880274,-3.1426790768344572,4.615771894794289,0.3338931364506602,0.334,12,0.13544594064001791,0.5712179497997538,0.5773264604810997
Os_LEA_or4,nardini_T Patch_raw,0.3170454491732531,0.10149214063096063,0.32389574702199103,1.094904637270784,0.4863685436711227,0.005511855627540359,0.004,72,0.10742581709955351,0.0344405388900969,0.024839506172839507
Os_LEA_or4,nardini_Frac A_zscore,0.2688469940246545,0.1770871887639154,0.27251651690532186,0.10216902185116145,0.05320721221452746,0.07350633308953895,0.152,44,0.12015660362881025,0.22823262681504997,0.3606415094339623
Os_LEA_or4,nardini_Frac D_zscore,0.0050119801366315655,0.14304346267864507,0.0047846566323168065,-0.008359480811636896,0.06206142825187549,0.9723435882790376,0.96,55,0.11505827218779233,0.9821060741051323,0.9795263157894737
Os_LEA_or4,nardini_Frac E_zscore,-0.21840074242829227,0.09484178313350002,-0.2229919527886528,-0.1349236160136819,0.08009667366281419,0.02427187451284949,0.018,102,0.11359594599472002,0.10949554152433448,0.08622857142857142
Os_LEA_or4,nardini_Frac F_zscore,-0.3588942349442868,0.09124472646294006,-0.36532839442626514,-0.558582805492591,0.14032871024673496,0.0007385401582028074,0.001,82,0.1112607329566733,0.007075918087162136,0.008824561403508771
Os_LEA_or4,nardini_Frac G_zscore,-0.21996170599266196,0.09615742416654291,-0.2212168536264582,-0.09100486026766691,0.04091853436069124,0.022029695439060987,0.028,107,0.11455799562264718,0.10073578914406979,0.12089270386266095
Os_LEA_or4,nardini_Frac H_zscore,-0.127263282362703,0.034808485662498063,-0.10672676680537549,-0.6130938105614414,0.09299701126440765,0.3309593184774752,0.001,85,0.11494521897941133,0.5710893214208234,0.008824561403508771
Os_LEA_or4,nardini_Frac K_zscore,-0.024970135629511666,0.12976932509184566,-0.023589168613654884,-0.012648025005372763,0.04784975932493691,0.8604798207298069,0.858,58,0.11469223677710738,0.9353331414384183,0.9311197411003236
Os_LEA_or4,nardini_Frac L_zscore,0.17857039996114907,0.11993921108133264,0.17319627753745317,-0.01131867687479031,0.11533421447935938,0.10456285748669983,0.132,89,0.1192376224988791,0.28630924876724495,0.3344886649874056
Os_LEA_or4,nardini_Frac M_zscore,-0.2842062610694461,0.08765917111887998,-0.2917643752703733,-0.12018033158434915,0.05930566876640444,0.0022943664232679536,0.002,107,0.11455799562264718,0.017097278680056012,0.01426950354609929
Os_LEA_or4,nardini_Frac N_zscore,-0.09226709620434383,0.1305532302656574,-0.09518746371950557,0.12195861740481999,0.07508037117212196,0.4071130110228013,0.486,78,0.10970039648439343,0.6369450841196549,0.699450643776824
Os_LEA_or4,nardini_Frac Q_zscore,0.11205939656736573,0.13018277575251266,0.11479108639535415,0.17094601878304683,0.055637074613572014,0.31062094245296495,0.396,80,0.1186458765797916,0.5480985872264096,0.6323428571428572
Os_LEA_or4,nardini_Frac R_zscore,-0.11350363982212122,0.17782417252230573,-0.12003197096194597,-0.0782818189709034,0.06740232391384006,0.4989311494939265,0.526,34,0.11207023777527077,0.7077937796538075,0.7298703448275862
Os_LEA_or4,nardini_Frac S_zscore,-0.447866325076214,0.09207718542134222,-0.4542445166717422,-0.197035178400101,0.04265115542032175,2.6256367960234077e-06,0.001,98,0.11316364620553855,8.520614892901767e-05,0.008824561403508771
Os_LEA_or4,nardini_Frac T_zscore,0.4986274192250113,0.13339321814675822,0.4980711641294879,0.1896323512028993,0.04384870249894424,0.00031533078868269587,0.001,48,0.11814022292339497,0.004015478144491038,0.008824561403508771
Os_LEA_or4,nardini_Frac V_zscore,-0.44122532215748506,0.07821795828465031,-0.4427662494634209,-0.12952287289476072,0.042697481022927586,3.164778728492111e-06,0.001,102,0.11536664658313958,9.949273127697074e-05,0.008824561403508771
Os_LEA_or4,nardini_Frac Y_zscore,0.017213024123150126,0.030543869179536127,0.014276141797172242,-0.02031495646108835,0.0646780969611984,0.9052571039756558,0.5488372093023256,72,0.11370436052407593,0.9516077811907103,0.7481439465557446
Os_LEA_or4,nardini_Frac K+R_zscore,0.24216784759565496,0.26500150706364994,0.251886515596362,0.02653963797118982,0.07271179990245566,0.28402001040657743,0.382,20,0.13773200550663367,0.5165201264228813,0.6248650406504065
Os_LEA_or4,nardini_Frac D+E_zscore,-0.07848744268218266,0.2669390396699133,-0.10872120916324184,-0.060347005603791616,0.09073145871044608,0.6481990743252289,0.738,20,0.12519883520195418,0.812214610252778,0.8582982658959537
Os_LEA_or4,nardini_Frac Polar_zscore,0.005141280634691257,0.11258862246923683,0.0045126983200054005,0.1553583138989926,0.06541588570536427,0.9632053065571029,0.956,107,0.11455799562264718,0.9767989298351265,0.9783682604272634
Os_LEA_or4,nardini_Frac Aliphatic_zscore,0.27846231129955457,0.21216018613371773,0.2974759102586484,0.04796652089705176,0.16450251986413367,0.12420253055814212,0.208,28,0.1224952216101949,0.31709975617132147,0.43684342379958246
Os_LEA_or4,nardini_Frac Aromatic_zscore,0.16148416613662214,0.1367197126623273,0.16714217880746898,0.32505028134495767,0.7550822572008975,0.1174516054183736,0.25579053373615307,89,0.10946433847653472,0.3068995196126853,0.48500188323917137
Os_LEA_or4,nardini_R/K Ratio_zscore,0.12145851477158393,0.1057940411920184,0.12097556277926078,0.02991093402569283,0.023978265276111077,0.22121597637904059,0.266,104,0.11533333567135656,0.4541699433414588,0.49831657355679704
Os_LEA_or4,nardini_E/D Ratio_zscore,-0.3005264284880726,0.08966510963179922,-0.2995121025388689,-0.13668050156090664,0.04832769547395217,0.002597720820343064,0.002,99,0.10771429004219786,0.018937008299022624,0.01426950354609929
Os_LEA_or4,nardini_Frac Chain Expanding_zscore,-0.13507785830211325,0.1722783946662273,-0.13789918175010324,-0.09286100830554411,0.07618882704325429,0.409016144165644,0.432,38,0.11958563807811953,0.637446594165714,0.6634992366412213
Os_LEA_or4,nardini_FCR_zscore,0.10515576194509202,0.3427819277824626,0.08298953641678344,-0.0042571594296008574,0.08971223188640262,0.7875163394418496,0.794,13,0.12647628884602263,0.8858023642421612,0.8904838350055742
Os_LEA_or4,nardini_NCPR_zscore,0.2771127669865377,0.2711491767277485,0.33636363636363636,0.05374971720234376,0.05662462577602217,0.31182431390038623,0.294,11,0.1545300827289344,0.5480985872264096,0.5290948121645795
Os_LEA_or4,nardini_Hydrophobicity_zscore,0.13823148535191426,0.11002462433799444,0.1381406922499786,0.014337808849915666,0.18399128087830247,0.15590845550606777,0.202,107,0.11455799562264718,0.3664332768404406,0.43328784648187635
Os_LEA_or4,nardini_Disorder Promoting_zscore,-0.006349279751407028,0.16115511188664067,-0.01458132031123687,-0.015370618438385822,0.058185080660520486,0.9225057946606041,0.94,47,0.11335732012272726,0.9597113024080328,0.9688934426229509
Os_LEA_or4,nardini_Iso point_zscore,0.41663417195529523,0.19133146179196722,0.43799624757906824,0.15943644128961854,0.07008166114146215,0.0607081820703942,0.046,19,0.1320565907472919,0.1983177244000004,0.16889051094890511
Os_LEA_or4,nardini_PPII_zscore,-0.09896538696867861,0.10683005681655568,-0.10592872763427488,-0.09201331054012146,0.07394868448893001,0.27751266234830047,0.372,107,0.11455799562264718,0.5113145390519968,0.6124909983633388
Os_LEA_or4,nardini_A Patch_zscore,0.30592429813650973,0.12739770673118056,0.3100276302864905,0.04620490943606872,0.02100839969504595,0.038211536328219435,0.016,45,0.1092407251545447,0.14505964357052362,0.0777584541062802
Os_LEA_or4,nardini_T Patch_zscore,-0.49918293219849164,0.21214456498484607,-0.5258013090494347,-0.16716285734820285,0.08369663404252783,0.017259264720410707,0.052,20,0.1024393079891677,0.08469668443284474,0.18290909090909088
Os_LEA_or4,cider_kappa,-0.1550190500596692,0.13189443546416132,-0.15519256805669346,-0.3949463793505094,0.1598509808699436,0.24472946715739166,0.236,58,0.12047965162454732,0.47345739223141536,0.46854794520547943
Os_LEA_or4,cider_omega,0.0797145999538142,0.12758150654920614,0.07677427733793388,-0.016416219198634088,0.28337937320711576,0.5097775786133528,0.54,76,0.11786017471444286,0.7141220340420407,0.7401089918256132
Os_LEA_or4,cider_delta,-0.06678579140750729,0.1409040815666503,-0.06817849735515967,-0.3434168000358186,0.6137480110415848,0.6078941429670834,0.644,59,0.11808628406534279,0.78908581654824,0.8078104738154614
Os_LEA_or4,cider_mean_net_charge,-0.10581450352405948,0.28479424982093116,-0.095848547241847,0.03375355393298143,0.6024358009063273,0.734008235733975,0.682,15,0.13852605665736262,0.8556341658729766,0.8286135265700484
Os_LEA_or4,cider_fraction_neutral,0.242338148559572,0.29215041909645223,0.2639176520731652,0.6128823894115171,0.5545178003199354,0.3418716501641621,0.402,15,0.12317676900211806,0.5780216471683145,0.6338746081504703
Os_LEA_or4,sparrow_SCD,-0.10428295384894957,0.1002411607574626,-0.104286278853112,0.0008578856711738261,0.003237530897830159,0.2850727353435383,0.29,107,0.11455799562264718,0.5165201264228813,0.523770197486535
Os_LEA_or4,sparrow_SHD,-0.2251136126459417,0.19581099644608102,-0.23487179487179485,-0.08767092356083742,0.08678974409043756,0.24810613571794266,0.252,26,0.12566798480898436,0.4771887567837535,0.48288000000000003
Os_LEA_or4,sparrow_complexity,-0.7773836037469976,0.11930584290916424,-0.8,-3.5332633764794217,0.712687644625809,3.9238561936082586e-05,0.001,19,0.101086362627459,0.00074479232656036,0.008824561403508771
Os_LEA_or4,sparrow_scaled_rg,-0.20761405577931272,0.1941725085479905,-0.22190852625635235,-0.03144362061418975,0.016716726307159216,0.32093693531886147,0.29,22,0.11670283156298199,0.5585857386345582,0.523770197486535
Os_LEA_or4,sparrow_scaled_re,-0.3325335545371095,0.14859680223565547,-0.3472593582887701,-0.009347043462716727,0.004404885535592021,0.047699136155807426,0.05,33,0.12406018133414194,0.17199043359405833,0.17711267605633804
Os_LEA_or4,sparrow_prefactor,0.40856485146216837,0.19191212481472367,0.43909774436090226,0.0062069580996079714,0.04336183406910065,0.052750717433839675,0.054,20,0.09566902258940228,0.18442146780809432,0.18604109589041096
Os_LEA_or4,sparrow_scaling_exponent,0.3060709320080889,0.22116482174269414,0.33516483516483514,0.3910878872564966,0.2298775299906276,0.2629431403593602,0.18,13,0.10040132433323909,0.49443140037666605,0.40875846501128665
Os_LEA_or4,sparrow_asphericity,0.3336865598084145,0.21664502108833514,0.3758241758241759,0.9744447059992692,0.7892626344532432,0.185410028697123,0.14,14,0.11352781165798667,0.4135753633465759,0.342676399026764
Os_LEA_or4,mpipi_epsilon_self,-0.04259930064585189,0.11170505285466693,-0.04222325933622747,-0.0026537389985485343,0.00718110479094607,0.6960928032469276,0.7,88,0.11044281137534612,0.8386459401992924,0.8407285714285714
Os_LEA_or4,calvados_epsilon_self,-0.12045509635196379,0.10313695443383403,-0.12389514928773199,-0.00018974252059478623,0.0038444971497369603,0.2615072109653414,0.232,84,0.10630601246898065,0.49357646197210775,0.46492430278884467
Os_LEA_or4,avg_helix_prob,0.1358679850545948,0.10715584188767059,0.13723163232279642,0.11720764477770526,0.14441927992270748,0.19207552641742198,0.214,92,0.11345130195364107,0.4228183360523556,0.4466473029045643
Os_LEA_or4,avg_beta_prob,-0.08444623396176609,0.09825958209545646,-0.08691209406494961,-3.036752641904164,6.63675255368759,0.40231926414085406,0.382,95,0.11228511628265975,0.6347751356946874,0.6248650406504065
Os_LEA_or4,avg_coil_prob,-0.21803014048399438,0.10102982127109748,-0.22567564982881622,-0.23511521266515706,0.1358866193463167,0.025462159964149873,0.04,98,0.1142156784680303,0.112226433927465,0.1524242424242424
Os_LEA_or4,avg_nes,-0.07905281946682322,0.11022560397093235,-0.08245570779472369,0.14905017772536241,3.7721387620327778,0.44501909096232617,0.476,88,0.11553968576064153,0.6663133290746569,0.6929898697539797
Os_LEA_or4,avg_nis,0.07253219872538522,0.10447535924044823,0.0729732531619324,0.5370675639149333,0.4597330609238639,0.4594277478466344,0.464,105,0.1140392110388399,0.6734879553013446,0.6834319180087849
A0A4D6M434,nardini_Frac A_raw,0.3019565009016972,0.08273703651993067,0.3009222803355878,0.43697379694265404,0.2518476184734212,0.0005297733232881759,0.001,129,0.1282753981897162,0.0055133048467875855,0.008824561403508771
A0A4D6M434,nardini_Frac C_raw,-0.064874617290624,0.1959275109846465,-0.07776165110754787,-0.7696647064086873,1.239031954783176,0.7179770818422383,0.778,24,0.18007677967065558,0.8459566803284231,0.8813828828828829
A0A4D6M434,nardini_Frac D_raw,0.0919797069452829,0.08096655088210995,0.09146892032415586,0.5048142281088669,0.6230764264142158,0.2772628509834405,0.242,143,0.1412034764487084,0.5113145390519968,0.4727223300970873
A0A4D6M434,nardini_Frac E_raw,0.09146344124473144,0.078138444119655,0.09380602863039361,0.5197526506270538,0.32349872893496984,0.25678365352688715,0.222,148,0.14094808736713843,0.4864865450999029,0.4548513238289206
A0A4D6M434,nardini_Frac F_raw,0.03589067957023487,0.20683662857928248,0.034086667426182056,-1.1035648578303499,6.22905528455124,0.8632834727528536,0.862,28,0.20230505566494106,0.9353331414384183,0.9324430107526881
A0A4D6M434,nardini_Frac G_raw,-0.08841343548431391,0.12586632871170864,-0.08723875729751802,-0.20833317425223197,1.0417307090840489,0.47268303636797315,0.51,70,0.13431263403494453,0.680284884958771,0.7165642458100558
A0A4D6M434,nardini_Frac H_raw,-0.2720424349145295,0.1458525785528043,-0.2740542892504513,-0.9541328406005719,3.2138604843930128,0.031127220290826305,0.072,62,0.14178575448731154,0.13047493171904692,0.2208292682926829
A0A4D6M434,nardini_Frac I_raw,-0.18440907974721635,0.08558763573212275,-0.18406289211343863,-2.744005631243187,1.2531222826528943,0.035333024627510166,0.03,131,0.1411769442372601,0.1393922461775499,0.12627615062761505
A0A4D6M434,nardini_Frac K_raw,0.03586155933685409,0.09111838834331278,0.03793499238043468,-0.04138605558556335,0.3026773915082926,0.659859023265601,0.71,137,0.12906622238095294,0.8188534768475773,0.8432821723730813
A0A4D6M434,nardini_Frac L_raw,-0.00539400699216081,0.09791506680589547,-0.009340706954025637,0.39301470531137045,1.1459714882129814,0.9196919684885156,0.968,119,0.12665510741869435,0.9579439295906335,0.9816612903225805
A0A4D6M434,nardini_Frac M_raw,-0.09613195248708169,0.07581705286783967,-0.09603864093732088,-0.7643522681773426,0.8852353439790599,0.2048155020866192,0.228,176,0.11764523001852113,0.43525363987369536,0.4605783132530121
A0A4D6M434,nardini_Frac N_raw,-0.06997444891422591,0.08862345581951654,-0.07073194079488264,-0.2596298839793336,0.33243802048489574,0.42208382152950086,0.44,131,0.12802500243634996,0.6482691976468364,0.665624060150376
A0A4D6M434,nardini_Frac P_raw,-0.33160185714529733,0.12367876056774978,-0.3406387651982656,-1.3309866579253857,1.632870713289984,0.005130625780357087,0.008,66,0.13937674756489649,0.03246169518892597,0.045213483146067414
A0A4D6M434,nardini_Frac Q_raw,-0.13987406288070145,0.08140002047772432,-0.13687866305869445,-0.1640107718888845,0.4054227814547153,0.10810373742672455,0.082,139,0.12981808978341108,0.2905089747954293,0.24405917159763313
A0A4D6M434,nardini_Frac R_raw,-0.18258109380518722,0.08505111004192774,-0.18197079734305083,-0.7446188694461443,0.5138212354080695,0.033320497251464534,0.026,137,0.1293899786459692,0.1351629848184408,0.11372173913043478
A0A4D6M434,nardini_Frac S_raw,-0.03154531468589002,0.09840320802514613,-0.03380809597965329,0.19003359892968047,0.9169889202928682,0.7210201886163752,0.722,114,0.12355764070135293,0.8473671842851326,0.8505058548009368
A0A4D6M434,nardini_Frac T_raw,-0.2936796511120076,0.10200404268699834,-0.30138930795846913,-1.1700252559840219,0.9946995842611183,0.0016921251002563495,0.008,106,0.12865651484173987,0.0136182228068631,0.045213483146067414
A0A4D6M434,nardini_Frac V_raw,0.046443633250473446,0.10099715390653226,0.044300853578717284,-0.8369045781461775,1.2551326249230066,0.622322224129147,0.632,126,0.12441612702337213,0.7975237674827029,0.8027676767676768
A0A4D6M434,nardini_Frac W_raw,-0.1497533032889051,0.269346459320674,-0.1651749402689235,-3.1314222608343614,3.3840277587928687,0.4991884091767437,0.582,19,0.11178039204533724,0.7077937796538075,0.7703842105263158
A0A4D6M434,nardini_Frac Y_raw,-0.2353603906519097,0.31655150961569345,-0.25819888974716115,-15.051254090506882,11.406984840673125,0.3528179457182836,0.45030425963488846,15,0.12516930679891677,0.5891066512274267,0.6751208423140056
A0A4D6M434,nardini_Frac K+R_raw,-0.13387997783936334,0.12720845488834367,-0.12684529024198718,-0.6761994839031561,0.48273187069909557,0.3258879512544379,0.322,62,0.15042002280628164,0.564020837361869,0.565326352530541
A0A4D6M434,nardini_Frac D+E_raw,0.20269999398920605,0.11866514500258225,0.20586162394327523,0.5672757086451474,0.3187538751880786,0.10268664084950391,0.1,64,0.14540880463117722,0.28379879311703554,0.2733695652173913
A0A4D6M434,nardini_Frac Polar_raw,-0.2760255852878172,0.10645475387683297,-0.28286620613415214,-0.21922443391102409,0.28998202373223203,0.004769781166769728,0.008,98,0.12554891335898477,0.03135013966912342,0.045213483146067414
A0A4D6M434,nardini_Frac Aliphatic_raw,0.41036141854424213,0.13038169733424565,0.4147131783910065,0.7718089340030053,0.4185919992780694,0.003751508601321141,0.008,47,0.14744072216266324,0.02550011927654776,0.045213483146067414
A0A4D6M434,nardini_Frac Aromatic_raw,-0.1755534475559403,0.17574175233314446,-0.18434217657821528,-3.439184457286706,2.601535918859509,0.296641503215431,0.308,34,0.18735677912264667,0.5319453694023594,0.5484035398230088
A0A4D6M434,nardini_R/K Ratio_raw,-0.0921616528378089,0.06112712575497665,-0.09449558282236444,-0.052772256519857355,0.034815465575193556,0.13703027259882242,0.144,249,0.1201621343679022,0.3378736623392533,0.34739568345323735
A0A4D6M434,nardini_E/D Ratio_raw,-0.014375714626561653,0.08066384686304193,-0.010260246267185184,-0.02737491247429476,0.08012708476586862,0.9031991394127709,0.846,143,0.14195836520688312,0.9515617038060383,0.9200821621621621
A0A4D6M434,nardini_Frac Chain Expanding_raw,-0.06571094015856736,0.14821033913326384,-0.06437304025790407,-0.0248205560937623,0.1967579663746733,0.6469931161051042,0.646,53,0.11145369113862207,0.812214610252778,0.8087450980392157
A0A4D6M434,nardini_FCR_raw,0.020711572777087746,0.14711102211527455,0.01659129816930297,-0.055443932557636764,0.22708580353700794,0.9138582782915757,0.898,45,0.13037684194997448,0.9566508095331167,0.948936974789916
A0A4D6M434,nardini_NCPR_raw,-0.2909760957148969,0.132941788693278,-0.2954557025078808,-0.5945707566305594,0.33959097811198763,0.03724198736816199,0.026,50,0.16058880128326058,0.14299785989454566,0.11372173913043478
A0A4D6M434,nardini_Hydrophobicity_raw,0.17653264867080487,0.21610410606890657,0.18173913043478263,0.1790474167993635,0.2251040680328601,0.3953708419767238,0.4,24,0.15949919777836338,0.6302544380428051,0.6337007874015749
A0A4D6M434,nardini_Disorder Promoting_raw,0.27851516162841244,0.08619556864155184,0.27877736045476786,0.3974036863240962,0.19806490732685395,0.0025533771234689346,0.001,115,0.13280106929839564,0.01888748078095403,0.008824561403508771
A0A4D6M434,nardini_Iso point_raw,-0.15752410436136777,0.13157197933321052,-0.16548509600268044,-0.02292491444565515,0.01703593011577367,0.23633071709877876,0.238,53,0.16787144143780072,0.4693467385689165,0.46854794520547943
A0A4D6M434,nardini_PPII_raw,0.0630347786569711,0.20993245831021995,0.0736619602630754,-0.8642911401410229,2.1756282194799743,0.6988704672779258,0.778,30,0.09210977845305003,0.8389781504553621,0.8813828828828829
A0A4D6M434,nardini_A Patch_raw,0.11714658791395072,0.07828452924468758,0.11808251156624007,0.1756818423430477,0.13329364003163313,0.15575224686389588,0.136,146,0.11235865068074473,0.3664332768404406,0.34033830845771146
A0A4D6M434,nardini_D Patch_raw,-0.42604575289513585,0.13328169621755692,-0.4200840252084029,-36.27287189476699,60.11282064164731,0.09318360508371684,0.001,17,0.15845310235711585,0.2654848344813125,0.008824561403508771
A0A4D6M434,nardini_E Patch_raw,0.06285773957341624,0.07489683449044134,0.060034576926646786,0.20785672902665864,0.24694422656296086,0.4131281115745099,0.396,188,0.1246878472769447,0.6403804009922296,0.6323428571428572
A0A4D6M434,nardini_K Patch_raw,0.009186570547120191,0.17038238272805453,0.01138405253566889,-0.2584910433283737,0.7425617277854093,0.9422415838872138,0.934,43,0.10538452670248416,0.967239829990344,0.9646858316221766
A0A4D6M434,nardini_N Patch_raw,-0.37958413623976933,0.5325162432200052,-0.4638168285219587,-2.2026032463718694,3.9150680114413787,0.3541642984362307,0.48096192384769537,6,0.09917854620832256,0.5898829209053776,0.696683908045977
A0A4D6M434,nardini_Q Patch_raw,-0.9161498712798902,0.17118399516986857,-0.942857142857143,-2.0926438911715852,1.4036726640284722,0.004804664723032055,0.004,6,0.1057934130747173,0.03135013966912342,0.024839506172839507
A0A4D6M434,nardini_R Patch_raw,-0.032246440950465825,0.3177148888681231,-0.05225437283634242,-1.2943340789633857,2.255782479673268,0.8532698849785546,0.928,15,0.23508272881606807,0.9330320698787238,0.9604609053497942
A0A4D6M434,nardini_Frac A_zscore,0.23731734943099783,0.08121610316903623,0.2435560307038269,0.015281897490070086,0.01167203204344852,0.003157172220344915,0.002,145,0.1250523866117595,0.022056355928242947,0.01426950354609929
A0A4D6M434,nardini_Frac D_zscore,0.015502868021099491,0.06000329862868514,0.013290569048787103,0.006777906192291647,0.024872018006812487,0.8387185116402307,0.796,237,0.12009671250331028,0.9231409438841051,0.8917327394209354
A0A4D6M434,nardini_Frac E_zscore,0.11543854465130793,0.07623323473444996,0.11735619472953204,0.0440046784822421,0.024313389168435576,0.16425236279011085,0.156,142,0.14036267645188247,0.37612486172085674,0.36753161592505856
A0A4D6M434,nardini_Frac G_zscore,-0.012446529870212547,0.07122888711985847,-0.017595782384506986,-0.010013204180333277,0.05728803835249463,0.7915868046259472,0.834,228,0.1250779540616519,0.8858023642421612,0.9119608695652174
A0A4D6M434,nardini_Frac H_zscore,0.054817982153272445,0.07669271073140077,0.05601443226806691,0.0075755213604902115,0.11423322579917615,0.4284796156888183,0.498,202,0.11966116255218384,0.6540978655279989,0.709614730878187
A0A4D6M434,nardini_Frac I_zscore,-0.025435923670598867,0.1384052730768488,-0.028545070815164234,-0.04547726223289902,0.04017443325706804,0.8285964783958253,0.846,60,0.15495714921805995,0.9150033559453351,0.9200821621621621
A0A4D6M434,nardini_Frac K_zscore,0.10675480033521373,0.09076586221544988,0.1003636695367435,0.010822395814533614,0.021799964314252723,0.2558975087058219,0.254,130,0.13153810449418527,0.48572244105293744,0.48486527514231503
A0A4D6M434,nardini_Frac L_zscore,0.10882169760991629,0.07600700096418078,0.1086111836865473,-0.022595926835959852,0.06392701503306111,0.1368417095694949,0.16,189,0.1228583419999521,0.3378736623392533,0.3743255813953488
A0A4D6M434,nardini_Frac M_zscore,-0.09814326247265193,0.0761992164770281,-0.09603864093732088,-0.015036485877206286,0.017325560648684703,0.2048155020866192,0.174,176,0.11764523001852113,0.43525363987369536,0.39964383561643835
A0A4D6M434,nardini_Frac N_zscore,0.11233754584184828,0.07564809268127896,0.10807988121769244,-0.0017208300188617939,0.021751104196719412,0.15453623388606347,0.134,175,0.11860026919296392,0.3657963559750114,0.3378546365914787
A0A4D6M434,nardini_Frac Q_zscore,0.1398977619184969,0.07611020722223887,0.14182372303222143,0.005787264192559444,0.02432200923316944,0.06751157001634506,0.066,167,0.12157639121393986,0.21290482581957093,0.21212779552715658
A0A4D6M434,nardini_Frac R_zscore,0.04029928706691987,0.11753350046249206,0.035802051948401234,-0.006873006734215774,0.03842733449245295,0.7464542485357735,0.712,84,0.1456465047875091,0.8627239146952488,0.8436654888103652
A0A4D6M434,nardini_Frac S_zscore,0.11425284881457165,0.06395158245967762,0.11241631843011707,0.049564955076350545,0.05548666107303902,0.0910791453530395,0.068,227,0.12214612592982409,0.2615566360435918,0.2157981072555205
A0A4D6M434,nardini_Frac T_zscore,-0.021537014040224917,0.07795639630937264,-0.022187400015197402,-0.025172274380699577,0.07280103439991877,0.7563587928852409,0.788,198,0.12502742873404057,0.867613392978965,0.8877133258678612
A0A4D6M434,nardini_Frac V_zscore,0.0724290873786182,0.10330829425010711,0.07642305044674322,-0.011786741744908433,0.028037445612070333,0.42532378700175955,0.5,111,0.11540636958568334,0.651256818453227,0.7102841068917018
A0A4D6M434,nardini_Frac K+R_zscore,-0.09955933867358664,0.13042326249325303,-0.0961282130128468,-0.06939487784167828,0.05309437396293789,0.4689084284416074,0.462,59,0.15558082184713753,0.6775717876859786,0.6834319180087849
A0A4D6M434,nardini_Frac D+E_zscore,0.14604779021421396,0.06794914597214302,0.14731489025936637,0.0812645704546936,0.046747484004766894,0.03329060254473866,0.036,209,0.12516767316049773,0.1351629848184408,0.1425826771653543
A0A4D6M434,nardini_Frac Polar_zscore,-0.1057183409677366,0.06422742413505475,-0.1052636574562536,-0.014665022171454229,0.032908539511316455,0.0974624789361689,0.1,249,0.1201621343679022,0.2731121276038605,0.2733695652173913
A0A4D6M434,nardini_Frac Aliphatic_zscore,0.4301173312582761,0.11628072393196794,0.4365174835160928,0.028433585817363834,0.02086130986537789,0.0003898053025452261,0.001,62,0.12923101744489968,0.004507403843224109,0.008824561403508771
A0A4D6M434,nardini_R/K Ratio_zscore,-0.103402908773674,0.06297971612004215,-0.10493338278299874,-0.019868703978015788,0.013653959103766105,0.10562031737398289,0.084,239,0.12110811642384217,0.28639902770411535,0.24781231671554255
A0A4D6M434,nardini_E/D Ratio_zscore,0.0037621969199571254,0.08892186610974495,0.0018273543887473143,-0.0007773994208027191,0.0229187570900007,0.9846051354387464,0.956,114,0.1422804210649459,0.9885356948616556,0.9783682604272634
A0A4D6M434,nardini_Frac Chain Expanding_zscore,0.05474223485232594,0.06956417442269817,0.05248399918740226,0.013980758620560167,0.026283745524123995,0.4471442264639245,0.448,212,0.12816672497799753,0.6663133290746569,0.6746826347305389
A0A4D6M434,nardini_FCR_zscore,0.09921808150923368,0.15092080652580395,0.09931341113683471,0.004175133871375625,0.04040742255382683,0.5314784089691802,0.528,42,0.13206363269711,0.7254644225549461,0.7306299862448419
A0A4D6M434,nardini_NCPR_zscore,-0.2793939625282273,0.13847431948965366,-0.2818237450454352,-0.0796852801931812,0.04628032734196663,0.06071755379244545,0.058,45,0.16568374177127138,0.1983177244000004,0.19256765676567658
A0A4D6M434,nardini_Hydrophobicity_zscore,0.17038467055117718,0.08472106735832353,0.17061060633292469,0.02146653276314454,0.049072244826705726,0.03438667824165434,0.044,154,0.11060374984053281,0.13782071040280583,0.16333579335793358
A0A4D6M434,nardini_Disorder Promoting_zscore,0.1707427153970894,0.06159183970141312,0.17418337339280934,0.033448757475308566,0.012812522787997955,0.00930791508217545,0.008,222,0.126742818244709,0.05202090318149168,0.045213483146067414
A0A4D6M434,nardini_Iso point_zscore,-0.1517645448635668,0.09744310141714148,-0.1506562101915717,-0.08220988354199313,0.05089077293497628,0.093532303495438,0.124,125,0.13189658249879016,0.2654848344813125,0.3215051546391753
A0A4D6M434,nardini_PPII_zscore,-0.02506344128003843,0.07788056008837249,-0.02553776149582694,0.012002491865884053,0.04319524071151889,0.7454880815219573,0.77,164,0.13478317877915733,0.8627239146952488,0.8782539682539683
A0A4D6M434,nardini_E Patch_zscore,0.13614590443828645,0.148510704977454,0.13758850243736126,0.024238195407206852,0.03107926784823478,0.36185493082464293,0.386,46,0.0891250328809373,0.5977439415592624,0.6273279483037156
A0A4D6M434,cider_kappa,-0.224637792671039,0.07993996823355275,-0.22888812434495112,-0.12735029776592824,0.07578500951696851,0.00672304591229265,0.004,139,0.11496951089055568,0.04049930651357129,0.024839506172839507
A0A4D6M434,cider_omega,0.036681469350633204,0.07601345844728057,0.0355950469220799,-0.05673173610058169,0.06511144975086695,0.6479016446059149,0.642,167,0.11916756243589513,0.812214610252778,0.8078104738154614
A0A4D6M434,cider_delta,-0.13568301438814787,0.077380908049113,-0.13433393687037168,-0.44990506165097066,0.26799045368520974,0.10844044513446482,0.086,144,0.12418607019802039,0.2905089747954293,0.24885805345575462
A0A4D6M434,cider_mean_net_charge,0.00875993439336712,0.1443638013710864,0.009478269987961616,-0.1606405950568152,0.46794586475895517,0.9484634177382157,0.974,49,0.16248765422604894,0.9686844652229899,0.9847678391959799
A0A4D6M434,cider_fraction_neutral,0.08844385267741947,0.1584093535167592,0.08405194802889299,0.1001395600985601,0.2408335530545155,0.601338045389554,0.57,41,0.13208111099222372,0.7846252576678229,0.7625265957446807
A0A4D6M434,sparrow_SCD,0.1401031110058912,0.06485992444423237,0.1407476580282347,0.003171392748849138,0.004782028063343135,0.026360986341012593,0.024,249,0.1201621343679022,0.11530066199590724,0.10875675675675676
A0A4D6M434,sparrow_SHD,-0.006553393859788718,0.185702517161002,-0.011489222015537806,-0.04927834219986958,0.1643271430398676,0.9454189842268901,0.964,38,0.10317050354447506,0.9683745922054844,0.9795797979797979
A0A4D6M434,sparrow_complexity,-0.32295740011967566,0.0878816197006866,-0.3249794873215061,-0.8472573801055598,0.19572346245219394,0.0005322096370447859,0.002,110,0.11377114262884623,0.0055133048467875855,0.01426950354609929
A0A4D6M434,sparrow_scaled_rg,0.3164097794685523,0.14792864605410752,0.3325123152709359,0.012538336217173644,0.017904896284675755,0.07800040972094104,0.048,29,0.15474079937276095,0.23693522146145815,0.1706289752650177
A0A4D6M434,sparrow_scaled_re,0.2663639726266284,0.12520424845433234,0.27747035573122525,0.0037428506164690523,0.003910689743580954,0.0649837498823983,0.044,45,0.14073946446548857,0.20708947916280965,0.16333579335793358
A0A4D6M434,sparrow_prefactor,-0.19521325504287848,0.1503667068646674,-0.19153061224489795,-0.010012284623149004,0.0074077097070821855,0.18738759191135504,0.19,49,0.12160231544020364,0.4152244878035753,0.4200879120879121
A0A4D6M434,sparrow_scaling_exponent,0.2489477296201579,0.13771192761636766,0.2554898306458148,0.23130674687883357,0.15056225810906548,0.10246374508350672,0.086,42,0.09507995530662863,0.28379879311703554,0.24885805345575462
A0A4D6M434,sparrow_asphericity,0.3678492432370306,0.1354249954769914,0.3878940118304838,0.3854449008333332,1.177415244827963,0.011141640547373871,0.012,42,0.12803104496085926,0.05982364979316676,0.06254922279792746
A0A4D6M434,mpipi_epsilon_self,0.17565675291882196,0.06551650524625925,0.17710236900219706,0.004183487032665487,0.004613282659392639,0.008470107968957991,0.004,220,0.12242930157560811,0.04787038548748168,0.024839506172839507
A0A4D6M434,calvados_epsilon_self,0.17143912808984918,0.0563802521988771,0.1723880404372723,0.0046620063429075875,0.0014336510952442396,0.007688406146898655,0.001,238,0.1206109323974751,0.04512630016973752,0.008824561403508771
A0A4D6M434,avg_helix_prob,-0.012231743966084235,0.0764056048016309,-0.012025175561087162,-0.029962822242562585,0.10624217414468927,0.8723555619406858,0.888,181,0.11962102587077912,0.9396035281716594,0.9475733896515312
A0A4D6M434,avg_beta_prob,-0.20951957350996553,0.06416468844655808,-0.2121205903535104,-2.076308662156425,1.1393303726218804,0.0013047195985258985,0.008,227,0.11827050886582453,0.011445592092350288,0.045213483146067414
A0A4D6M434,avg_coil_prob,-0.08078037542703234,0.06873591900137091,-0.08031433157690988,-0.008631077799125088,0.09055342822694369,0.2249953196554498,0.25,230,0.11540009370481885,0.4599094115977992,0.48087954110898656
A0A4D6M434,avg_mito_targeting,-0.26545295204679403,0.23458627318559117,-0.29051409557852237,-1.109330612522665,0.6568228149131352,0.1684620438551204,0.276,24,0.11702167148454927,0.3816955317978629,0.5075978062157221
A0A4D6M434,avg_nes,0.050114854697653075,0.07007707914420547,0.048255966730266095,0.1639350421218238,0.9051667111571701,0.47742492059427577,0.48,219,0.12291074011110177,0.6861278144540591,0.696683908045977
A0A4D6M434,avg_nis,-0.08143380454818169,0.06417284098568879,-0.07983732356464521,-0.48591269718804136,0.2549719976540137,0.21782014465456517,0.198,240,0.12176261717438909,0.45180838252060324,0.42836129032258063
