base_origin,feature,r_mean,r_std,r_full,slope_mean,slope_std,p_value,bootstrap_p,n_samples,mean_pooled_se,p_adj,neg_log10_padj,bootstrap_p_adj,neg_log10_bootstrap_padj
Os_LEA_or6,nardini_Frac A_raw,0.31206554200098124,0.1359519252110306,0.314086518300834,0.906210437097614,0.3969927069919432,0.019529694678743024,0.018,55,0.08220517956050326,0.09872800425535418,1.0055596419756054,0.0943125,1.0254307428803349
Os_LEA_or6,nardini_Frac C_raw,-0.03652203402083913,0.10629284696306145,-0.0318804164180592,0.6267440018625027,5.04154755577264,0.8624851384294484,0.689419795221843,32,0.07155113828289095,0.9348044802268536,0.029279214836574172,0.8637064931421844,0.06363381546625803
Os_LEA_or6,nardini_Frac D_raw,-0.07510243961721105,0.1424089977449056,-0.07560436703679964,0.11951952299038444,0.9728566731329015,0.5692758010769868,0.61,59,0.09957145153159244,0.7976204120939397,0.09820374042066124,0.8292702702702703,0.08130390400030053
Os_LEA_or6,nardini_Frac E_raw,0.053668242451542406,0.14424781169635753,0.051286358605218324,0.12654090295808323,0.920371548942089,0.6971563935380762,0.682,60,0.09892723048809002,0.8718690626419775,0.05954873254664521,0.857615,0.06670763161555607
Os_LEA_or6,nardini_Frac F_raw,-0.29779166144840546,0.14765991929509517,-0.30615526059989895,-6.8420478948924845,3.55587538152721,0.03851982613857148,0.074,46,0.08431253884872927,0.15674328833073375,0.804811046371771,0.24981208053691273,0.6023865636253705
Os_LEA_or6,nardini_Frac G_raw,0.0497815425550284,0.17971708738594183,0.0506316710883334,0.23704790949795057,1.7632424214066342,0.776126611683021,0.776,34,0.07211686196291232,0.9034469780515775,0.044097330447067706,0.9056334106728539,0.043047563846615754
Os_LEA_or6,nardini_Frac H_raw,-0.15285890754716985,0.10963241681063733,-0.15141119678398096,-5.1220088889092645,4.234736152342815,0.44182512595546597,0.14389989572471323,28,0.07321920328546917,0.6869800258287461,0.1630558900124502,0.36955102040816323,0.43232559420529904
Os_LEA_or6,nardini_Frac I_raw,0.07826059042482623,0.20713120648801112,0.07737845498611837,0.36608661205788884,1.6106835949014235,0.7256436940165985,0.704,23,0.10536446194151669,0.8859193642969636,0.052605805465720364,0.8725257985257985,0.059221723117488904
Os_LEA_or6,nardini_Frac K_raw,0.20867415497616798,0.12744518537023283,0.20568428926931856,0.7886701166201913,0.5640911798572663,0.10298967027809133,0.11,64,0.09702964883303769,0.30306011280655915,0.5184712194487008,0.31982658959537574,0.49508543291464296
Os_LEA_or6,nardini_Frac L_raw,-0.1763827355046477,0.13232306036591615,-0.17586171699121728,-1.8576173909277631,1.696507214872094,0.19069134664685658,0.176,57,0.08562721647631291,0.4320619250602201,0.3644540036837242,0.4166023529411764,0.38027828151625315
Os_LEA_or6,nardini_Frac M_raw,-0.232313448496797,0.13899476489127233,-0.23920437610760417,-3.6531634652157656,2.250993847479255,0.075808195582261,0.114,56,0.0929425029050259,0.24922563645671425,0.6034072862543114,0.32396610169491524,0.4895004299694066
Os_LEA_or6,nardini_Frac N_raw,0.07461824395175556,0.2221613268088259,0.06697655420675255,0.3795635324395114,0.9555309759557734,0.7558386552506176,0.716,24,0.111585035453038,0.8973063051870909,0.04705928054018162,0.878409756097561,0.056302849355952526
Os_LEA_or6,nardini_Frac P_raw,0.32048053684892047,0.23100501869903958,0.3388831888437081,4.529959868524485,2.909044039195142,0.10525288872789773,0.184,24,0.07303392607419108,0.3061292648600637,0.514095151422837,0.4265069124423963,0.37007392578306564
Os_LEA_or6,nardini_Frac Q_raw,-0.0900497109240328,0.13960704603264168,-0.09953117264522161,-0.1058224495252142,0.8168062851890049,0.4696879823901149,0.54,55,0.08914260376174815,0.7071064301307829,0.1505152134452803,0.7749500713266763,0.11072627742378151
Os_LEA_or6,nardini_Frac R_raw,-0.33186544729677203,0.10885598101604546,-0.34047581454661696,-1.8772756585410997,0.5861637234366396,0.00590711742537132,0.008,64,0.09773409185553485,0.03971189604687283,1.4010793770248522,0.05126114649681529,1.2902116846973815
Os_LEA_or6,nardini_Frac S_raw,0.0104774904140905,0.16760377524551567,0.020585178446540134,0.1486990391203696,0.7027156738729834,0.8970452943066702,0.964,42,0.08142594410739895,0.9593724508400886,0.018012756810202316,0.9876348884381339,0.005403576912908962
Os_LEA_or6,nardini_Frac T_raw,-0.20388260196914187,0.13019723368884983,-0.20938819182424304,-2.763370385231329,1.4705882544490965,0.14030341649394185,0.13,51,0.0835066335267346,0.36191086408437306,0.44139837975149615,0.3441578947368421,0.4632422635900648
Os_LEA_or6,nardini_Frac V_raw,0.07744394465101853,0.15681400581718222,0.07475597058989009,0.14332800481791474,1.9090241689093825,0.5911013736958315,0.628,54,0.09399908409055059,0.8149857611951358,0.0888499788531531,0.8367788079470199,0.07738932717208352
Os_LEA_or6,nardini_Frac Y_raw,-0.07881530922851553,0.04799116747911956,-0.06964826160753397,-7.828404886614775,3.3762264157744735,0.6493826355029964,0.07692307692307693,45,0.08416565880863565,0.846115184254284,0.07257051109699222,0.2570917454638385,0.5899118671807715
Os_LEA_or6,nardini_Frac K+R_raw,-0.18513543842230887,0.2343168289797475,-0.1960351270429844,-0.450073959289787,0.6110492353144328,0.381931883937378,0.434,22,0.12464170530732398,0.6378197683198755,0.19530202454242793,0.6843322884012539,0.16473296848874303
Os_LEA_or6,nardini_Frac D+E_raw,0.10769610381828594,0.245650941844977,0.10085044107991686,0.23529437025571542,0.6916527718762061,0.6551925730955142,0.64,22,0.12464170530732398,0.846115184254284,0.07257051109699222,0.8372431729518856,0.07714838509763529
Os_LEA_or6,nardini_Frac Polar_raw,-0.2921574206451161,0.15247444901509216,-0.30664671479441147,-0.37677351029278666,0.3604383080701778,0.04048036800679544,0.078,45,0.08002035295144509,0.16223468808476774,0.7898562818563755,0.2581184210526316,0.5881810001983647
Os_LEA_or6,nardini_Frac Aliphatic_raw,0.3761382944280051,0.17456635012438246,0.38894241557995946,1.9297413011253748,1.788227181056886,0.027799675539007043,0.046,32,0.07155113828289095,0.12541019548090174,0.9016671552030229,0.1733183520599251,0.7611554489630925
Os_LEA_or6,nardini_Frac Aromatic_raw,-0.18894002816117203,0.08025635286728217,-0.15486069947657036,-7.060154286388206,1.9017568158351088,0.43136982934916435,0.009538950715421303,28,0.06967846365878394,0.6731798762024152,0.1718688751455227,0.05988095238095238,1.2227113010059543
Os_LEA_or6,nardini_R/K Ratio_raw,-0.11814422444270181,0.1034926476450006,-0.12244539212514997,-0.04551038553796,0.04575494412230605,0.19635444161301316,0.276,113,0.1096376630185292,0.4399389048166843,0.3566076306575978,0.536015444015444,0.27082269696010675
Os_LEA_or6,nardini_E/D Ratio_raw,-0.031694832967886125,0.13088501159260688,-0.028156698740630898,-0.10187695103010358,0.1265294093440667,0.8308939599721823,0.822,60,0.0943579074771359,0.9308233003697276,0.031132753989362508,0.9188133333333333,0.03677271117936592
Os_LEA_or6,nardini_Frac Chain Expanding_raw,0.31547749758767984,0.22684230225424748,0.3173241344620041,0.5256262947046257,0.4197531601051679,0.18556794619957573,0.178,19,0.10141912534835873,0.4288033333303948,0.36774184728597176,0.41838317757009347,0.37842578598436943
Os_LEA_or6,nardini_FCR_raw,0.05709363538639062,0.30249685481484007,0.06416070525468627,0.11105717470629964,0.4462670892669446,0.8275007483656656,0.824,14,0.1105954297868897,0.929091242026629,0.03194163373200463,0.9190066518847007,0.03668134512491735
Os_LEA_or6,nardini_NCPR_raw,-0.25118667903920366,0.3436081526532178,-0.26269742562687987,-0.3354520352478598,0.5513247307950818,0.4094281948783638,0.48,12,0.13926994837614623,0.6597835278857974,0.18059853122414377,0.7175037147102525,0.14417584612848108
Os_LEA_or6,nardini_Disorder Promoting_raw,0.3062686566092156,0.15845372991327034,0.3063391340518306,0.5133023300180166,0.29944569425731093,0.048482492429979075,0.064,42,0.08035929962938726,0.18455486236874846,0.7338745081919855,0.22201379310344826,0.6536200431951603
Os_LEA_or6,nardini_Iso point_raw,-0.31776117204089493,0.37369843586575263,-0.35757575757575755,-0.01277201099902737,0.03431573993841101,0.3103760917056799,0.39,10,0.14415082462322176,0.5772493117605005,0.238636576208612,0.6560869565217391,0.18303859624200305
Os_LEA_or6,nardini_PPII_raw,0.3940728839888381,0.22506725534814007,0.42196317387973603,5.806614596536801,3.0765080386906147,0.0638524194570239,0.098,20,0.06929005784252049,0.2215018412888484,0.6546226592455945,0.29875151515151516,0.5246898834654841
Os_LEA_or6,nardini_A Patch_raw,0.20021975736652156,0.10331484666881205,0.2058062852638967,0.392351673730784,0.17359567416425942,0.06360259529911134,0.07,82,0.1108449207671162,0.22139865353254676,0.6548250246730284,0.23871186440677966,0.6221259952439976
Os_LEA_or6,nardini_E Patch_raw,0.10479608481826659,0.20804477967868562,0.10752441381457054,0.8867179578732948,1.2244605887553672,0.6089413824574339,0.602,25,0.12459232964652985,0.8235198370535918,0.0843259350259206,0.8228423913043478,0.08468334235976574
Os_LEA_or6,nardini_K Patch_raw,-0.0694871238935784,0.16191545894001402,-0.0689952404329847,-0.10262886632277946,2.004536887672567,0.6806336309223965,0.636,38,0.08962397328808795,0.8592354447421158,0.0658878159806375,0.8372431729518856,0.07714838509763529
Os_LEA_or6,nardini_R Patch_raw,0.11838958614961838,0.3956467214648771,0.14770978917519928,-0.6743252197281608,3.583775526240743,0.683842812890721,0.762,10,0.13615941289147562,0.8620875561003325,0.06444862373422577,0.9036350877192982,0.044006913976752056
Os_LEA_or6,nardini_S Patch_raw,0.4552255469102792,0.31656861580803247,0.4923659639173309,1.3799467891576391,1.3207937505500227,0.14826610416882355,0.178,10,0.06629839382499289,0.374475018027294,0.4265771496461761,0.41838317757009347,0.37842578598436943
Os_LEA_or6,nardini_Frac A_zscore,0.28779667180711205,0.14935612032505716,0.2913453094862957,0.04558450100797606,0.023239509126903878,0.03612237049428161,0.066,52,0.08135761685537979,0.15016158974069133,0.8234411425447068,0.22738356164383564,0.6432409351866409
Os_LEA_or6,nardini_Frac D_zscore,-0.09018370637306422,0.10169666373049015,-0.09356743491495702,-0.042380261030453344,0.03770229030685627,0.3354563951593539,0.364,108,0.11100682313198915,0.6029916201761064,0.21968872324386873,0.63463431542461,0.19747644878676687
Os_LEA_or6,nardini_Frac E_zscore,0.07428071163996265,0.13918473379661478,0.0803095212363849,0.01474708241789557,0.06194845820030007,0.5418780917859758,0.596,60,0.0977113110412584,0.7765375503371675,0.10983753863481006,0.8202134062927496,0.08607313649771545
Os_LEA_or6,nardini_Frac F_zscore,-0.08186083319022788,0.11166906321029425,-0.08784917891571047,-0.10385289480062117,0.1353590557879308,0.42400943317347617,0.478,85,0.12313543090377682,0.6699044011790163,0.17398716894500682,0.7175037147102525,0.14417584612848108
Os_LEA_or6,nardini_Frac G_zscore,0.003703253501432236,0.18919626181538954,0.003834811284746121,-0.018750287000114593,0.08584888939871968,0.9839543027833386,0.99,30,0.06995725057659317,0.9955501672264074,0.0019368503521479967,0.9959399999999999,0.00176682468254152
Os_LEA_or6,nardini_Frac K_zscore,0.3316372712607399,0.11562580921322847,0.3381183370345527,0.09388511049093448,0.03216187597211591,0.007695449221326044,0.01,61,0.09707231667551484,0.04868944601669183,1.3125651667821507,0.05988095238095238,1.2227113010059543
Os_LEA_or6,nardini_Frac L_zscore,-0.06987435589133204,0.11914270114733759,-0.06813526660896531,-0.015381622123604714,0.05673620731567453,0.5330614766001804,0.58,86,0.1224967268690747,0.7715968999421317,0.11260952589690686,0.8081440443213297,0.09251122328679322
Os_LEA_or6,nardini_Frac M_zscore,-0.23927304315413692,0.13882383958714453,-0.23920437610760417,-0.07295062108063456,0.044009426531061414,0.075808195582261,0.092,56,0.0929425029050259,0.24922563645671425,0.6034072862543114,0.2847753846153846,0.5454975529134105
Os_LEA_or6,nardini_Frac P_zscore,0.08893017591394727,0.09547884844479453,0.08828376815293057,0.22603669319318642,0.13104393944649653,0.3546356425154721,0.328,112,0.11005005383428158,0.622771854639553,0.2056710230322071,0.6032321755027422,0.2195155019018431
Os_LEA_or6,nardini_Frac Q_zscore,-0.11855712032384874,0.13320463178867345,-0.12048075389192306,-0.024142525051445374,0.04942788630572657,0.3134068873000825,0.374,72,0.12744183361199998,0.5806396475577956,0.23609331275565534,0.6442534246575343,0.1909432641920107
Os_LEA_or6,nardini_Frac R_zscore,-0.14870764584730312,0.19251912043204072,-0.15199170534810003,-0.06289267563082528,0.052242409868681075,0.40629690777341254,0.442,32,0.12237610705520052,0.6588253555868111,0.18122969490068253,0.6926043613707165,0.1595147779998528
Os_LEA_or6,nardini_Frac S_zscore,-0.03751573555728905,0.096965973018863,-0.04239768529390173,-0.008330636370476931,0.03687172311607816,0.6630698940278308,0.68,108,0.10982389296601726,0.848661976325697,0.07126525563159813,0.857615,0.06670763161555607
Os_LEA_or6,nardini_Frac T_zscore,-0.08008944611124406,0.10504609134105272,-0.08340565429594793,-0.10012701081153505,0.09381744194537722,0.42927118229972994,0.448,92,0.11819097676066474,0.6731798762024152,0.1718688751455227,0.6987410852713178,0.15568371991721516
Os_LEA_or6,nardini_Frac V_zscore,0.02813709103416286,0.1524262300440829,0.03167471726729369,-0.01785584731619128,0.046760948062924815,0.8218600516839716,0.874,53,0.09392245656681246,0.9279362648642822,0.03248185219527103,0.9423837084673098,0.0257722303921883
Os_LEA_or6,nardini_Frac Y_zscore,0.061747211411101344,0.03540260114798492,0.048710510071225004,13.480137168584497,5.678726789754848,0.6910253080730393,0.04186795491143317,69,0.126390958022193,0.8678794755574002,0.06154058212153968,0.16569411764705883,0.7806929093161461
Os_LEA_or6,nardini_Frac K+R_zscore,0.10905492269775457,0.24336653191043572,0.11852867572324986,0.029011982559743358,0.06157085194508053,0.6088491814581212,0.656,21,0.12345968635943562,0.8235198370535918,0.0843259350259206,0.8504329896907217,0.07035990116261956
Os_LEA_or6,nardini_Frac D+E_zscore,0.18458610618363108,0.24576865077691942,0.1836543217250355,0.05221831992600292,0.08164866242260782,0.42551581744869915,0.464,21,0.12347511699715087,0.6699044011790163,0.17398716894500682,0.7083216995447649,0.14976945331922034
Os_LEA_or6,nardini_Frac Polar_zscore,-0.19627276903080426,0.0960385075363126,-0.18980765156040472,-0.049829994182268446,0.04497289645905152,0.04405228956255667,0.038,113,0.1096376630185292,0.17110657644761393,0.7667332981151157,0.1560326530612245,0.8067845070278137
Os_LEA_or6,nardini_Frac Aliphatic_zscore,0.3820545425966102,0.15522195042429848,0.40008901538304387,0.08341189695803505,0.06827967211449289,0.01724587202579147,0.026,35,0.07733919490649123,0.08989299097381459,1.0462741692240967,0.11943378995433789,0.9228727861493918
Os_LEA_or6,nardini_Frac Aromatic_zscore,0.05619640309938951,0.027349581106086308,0.04587767178491869,11.061343112312112,3.4699106317232125,0.6748892281661687,0.012698412698412698,86,0.12276085776132525,0.8574799322505168,0.06677603503428457,0.07341725962415618,1.1342018300243293
Os_LEA_or6,nardini_R/K Ratio_zscore,-0.3254794640378372,0.10850790537823722,-0.33530994845067263,-0.05617325478372077,0.019001926658072214,0.008819914251450536,0.014,60,0.09725510496314944,0.05313074093987568,1.2746541275524184,0.07868156424581006,1.1041270145817466
Os_LEA_or6,nardini_E/D Ratio_zscore,-0.03503436023977794,0.13780616180718464,-0.038595424530406965,-0.03142661087339803,0.04135555086650102,0.7756137581210981,0.782,57,0.09426863655986255,0.9034469780515775,0.044097330447067706,0.907372549019608,0.04221436369645365
Os_LEA_or6,nardini_Frac Chain Expanding_zscore,0.30782171395340635,0.17525786418626177,0.30753624337942687,0.03887265463483482,0.04660088257668226,0.06034584223209754,0.086,38,0.0840117263474875,0.21412372243308955,0.6693352152321059,0.27378481012658223,0.5625906506549275
Os_LEA_or6,nardini_FCR_zscore,0.34546525970418523,0.23527224577010747,0.3562025360691203,0.0749465542073904,0.06004289811747284,0.21128756574446655,0.168,14,0.10712323323236854,0.45455829057441643,0.3424104168389634,0.40280280280280284,0.39490751617811126
Os_LEA_or6,nardini_Hydrophobicity_zscore,0.1507810482999452,0.14391102768362798,0.15421168360107637,0.09583875084352585,0.21921260843004906,0.256463106995674,0.292,56,0.10603448706850717,0.5108948230448476,0.2916684980506529,0.559527619047619,0.25217847123763
Os_LEA_or6,nardini_Disorder Promoting_zscore,0.24496422096973153,0.11817471995263887,0.24708754260568813,0.03581534039293794,0.020266012242780185,0.04381974555954317,0.046,67,0.09183030572481421,0.17086303888721097,0.767351873753167,0.1733183520599251,0.7611554489630925
Os_LEA_or6,nardini_Iso point_zscore,-0.023932671482282328,0.12570481647998746,-0.023679641567041457,-0.040624484867768325,0.13201280148652286,0.803396223061416,0.86,113,0.1096376630185292,0.919472810466194,0.03646110866525726,0.9324430107526881,0.030377702009313765
Os_LEA_or6,nardini_PPII_zscore,0.2669259092647737,0.10089075645922459,0.2656409244822372,0.11254801864398221,0.053453979002028744,0.004459542803715949,0.006,113,0.1096376630185292,0.0332318523002833,1.4784454510363019,0.040783783783783785,1.389512484291405
Os_LEA_or6,nardini_A Patch_zscore,0.2794524766275879,0.12224321480006142,0.2872512537926726,0.01855663735536639,0.008597779114388741,0.02879201829278512,0.036,58,0.09847327024169919,0.1287323129001859,0.8903124278208866,0.15281012658227847,0.815847864522908
Os_LEA_or6,cider_kappa,-0.001142561139181765,0.13079108801344025,-0.006260438042361549,0.030945519987680435,0.20916078606968902,0.9595898719694089,0.968,68,0.13121450001969345,0.9830810538965952,0.00741067361360542,0.9876348884381339,0.005403576912908962
Os_LEA_or6,cider_omega,-0.02980526748713581,0.11612750991400762,-0.031835002178637814,-0.0010035712106287564,0.17064133853157312,0.7764682051635111,0.804,82,0.11054272525159958,0.9034469780515775,0.044097330447067706,0.9118647125140925,0.040069590363366506
Os_LEA_or6,cider_delta,0.04995800596888969,0.124152102030882,0.05519360666551635,0.5492674218581751,0.7718329774249681,0.6573205656317336,0.678,67,0.12498360367122961,0.846689486588379,0.07227583286446285,0.857615,0.06670763161555607
Os_LEA_or6,cider_mean_net_charge,-0.1908361772487168,0.3461896967802386,-0.21517591504290953,-0.2610331921284676,0.9169193866047495,0.501823461153698,0.56,12,0.13926994837614623,0.7380619911120179,0.13190715949509502,0.7957062146892656,0.09924724996365997
Os_LEA_or6,cider_fraction_neutral,-0.05155343895323012,0.28920257175727,-0.06416070525468627,-0.11259940283651601,0.46562208867702537,0.8275007483656656,0.862,14,0.1105954297868897,0.929091242026629,0.03194163373200463,0.9324430107526881,0.030377702009313765
Os_LEA_or6,sparrow_SCD,-0.1326757100213785,0.09825946561485256,-0.12991721213688687,-0.00644806843481892,0.006425560392834759,0.17021794915526722,0.176,113,0.1096376630185292,0.4096632938999972,0.38757294737425724,0.4166023529411764,0.38027828151625315
Os_LEA_or6,sparrow_SHD,0.0863204221071102,0.29950523135023305,0.07692307692307693,0.09235910483235674,0.5217672736951383,0.7938058883554533,0.824,14,0.08384136819299336,0.9116081320611712,0.040191809321477,0.9190066518847007,0.03668134512491735
Os_LEA_or6,sparrow_complexity,-0.22440108769945727,0.1789038598642605,-0.2272801885548862,-1.2213547520995884,0.9391616351593206,0.1699751419165168,0.208,38,0.07476286376064978,0.4096632938999972,0.38757294737425724,0.4681163310961968,0.32964620744926637
Os_LEA_or6,sparrow_scaled_rg,-0.15185226536152766,0.24073259207769562,-0.14285714285714285,-0.011671876517726686,0.01986098536902077,0.53674092961656,0.522,21,0.0995677840672292,0.773583632083466,0.11149272787416693,0.759959479015919,0.11920956365202764
Os_LEA_or6,sparrow_scaled_re,-0.09103956279330731,0.2634770583338514,-0.06766917293233082,-0.002092964593602153,0.005107523443154402,0.7768207117441497,0.702,20,0.10401290098015947,0.9034469780515775,0.044097330447067706,0.8725257985257985,0.059221723117488904
Os_LEA_or6,sparrow_prefactor,0.12930826771333348,0.3191783672419591,0.13406593406593406,0.004623685166085925,0.021141023114717623,0.6477195279851131,0.67,14,0.11535976763056796,0.846115184254284,0.07257051109699222,0.8564421855146125,0.06730194893832951
Os_LEA_or6,sparrow_scaling_exponent,-0.15034290091941793,0.32682971123808147,-0.13736263736263735,-0.23019105552732622,0.47542062093933063,0.6545168402947126,0.64,13,0.10824188074029308,0.846115184254284,0.07257051109699222,0.8372431729518856,0.07714838509763529
Os_LEA_or6,sparrow_asphericity,-0.3043562489695485,0.3058370643618683,-0.3230769230769231,-1.2926630597559035,1.5097961423145596,0.25987361950878973,0.34,14,0.1122125224149471,0.5126134533840048,0.29021000007576,0.6140754039497307,0.21177829741156518
Os_LEA_or6,mpipi_epsilon_self,0.0496633274475179,0.11774887272855124,0.050812242386163976,-0.001687222302564985,0.006667676222118434,0.6285981906954315,0.678,93,0.11354176611589419,0.8323734237040844,0.07968179453792273,0.857615,0.06670763161555607
Os_LEA_or6,calvados_epsilon_self,0.11511310086579973,0.10986519422007582,0.11671872234126048,0.00101508960697505,0.0018594189708247848,0.24748876608595052,0.27,100,0.1121961867892432,0.5039953414624823,0.29757347781337945,0.5315459882583171,0.27445915525581677
Os_LEA_or6,avg_helix_prob,-0.2587756072235233,0.09795446982930953,-0.2579185520361991,-0.4477681190656221,0.20017871061452772,0.008530907089092831,0.018,103,0.11007680913256983,0.05169935260016499,1.2865148952800678,0.0943125,1.0254307428803349
Os_LEA_or6,avg_beta_prob,-0.04293038390818904,0.09713372115966683,-0.04214232369572176,-0.2757450371358896,0.9942281409807316,0.6710090388840863,0.664,104,0.11106049743687399,0.8555577859536005,0.06775065208051742,0.8531085568326948,0.0689957019700173
Os_LEA_or6,avg_coil_prob,0.2554067598166739,0.09549950331012287,0.2591486183719194,0.41930303882137127,0.18227721767263336,0.008210421776674937,0.006,103,0.11007680913256983,0.05072040118445892,1.294817319962529,0.040783783783783785,1.389512484291405
Os_LEA_or6,avg_mito_targeting,-0.3255455177302612,0.5268368004312404,-0.34786262139146906,-0.9466110602712534,2.978410138861073,0.4992532181146331,0.46646646646646645,6,0.13137039898664507,0.7380619911120179,0.13190715949509502,0.7099323226403408,0.1487830503017138
Os_LEA_or6,avg_nes,-0.14903875635086397,0.09937685582776358,-0.14771799628942486,-5.160477806664792,2.982383619081309,0.1445302277382351,0.128,99,0.10519550601523113,0.3671651745067286,0.4351385182028552,0.342468085106383,0.4653798945598841
Os_LEA_or6,avg_nis,0.06400476711194282,0.10184813549101829,0.06240435158693194,0.11528725391899494,1.0090922909222388,0.5114175493003081,0.512,113,0.1096376630185292,0.748887997956492,0.12558312957244497,0.7508338192419824,0.12445617401101237
syn_LEA_1,nardini_Frac A_raw,0.22864001604151127,0.13149029286707015,0.23447826312626002,0.538415190008957,0.4125305204461916,0.07385063731766925,0.092,59,0.15287880436079304,0.24519386515371372,0.6104904002352721,0.2847753846153846,0.5454975529134105
syn_LEA_1,nardini_Frac C_raw,0.17753146231040504,0.2801924545062572,0.17184547094304914,4.012728758997528,3.690700872405259,0.5402740735096484,0.51,15,0.20341782520067506,0.7753433922263999,0.1105059099849087,0.7489927007299271,0.12552241467458058
syn_LEA_1,nardini_Frac D_raw,0.0698123019290349,0.13644093421645412,0.07098362537275188,1.7977356627000936,1.6568388196619164,0.5997887689216492,0.616,57,0.14741721366133093,0.8203707861138471,0.08598981351021923,0.8333887399463806,0.07915237166394441
syn_LEA_1,nardini_Frac E_raw,-0.06690662894638308,0.13126826667615543,-0.07234992807959838,-0.9115889296460005,0.9475579153163198,0.5730947751688673,0.622,63,0.14408461041059095,0.7985033281769136,0.09772326937414431,0.8343093333333333,0.07867289798097275
syn_LEA_1,nardini_Frac F_raw,-0.15407967398824662,0.2928081700301765,-0.1599851183555461,-8.61520282989274,11.84631974832454,0.5689798042286155,0.558,15,0.17632707699055528,0.7976204120939397,0.09820374042066124,0.7939858557284301,0.10018723413941202
syn_LEA_1,nardini_Frac G_raw,0.07938953527801308,0.19180097193108517,0.08630162316288854,1.393980752952478,2.8980136085214716,0.6750736643562716,0.682,26,0.1644898830217163,0.8574799322505168,0.06677603503428457,0.857615,0.06670763161555607
syn_LEA_1,nardini_Frac H_raw,-0.293482709916385,0.19428475976722254,-0.2952219368441232,-6.303022313168298,7.49838378073957,0.12000021543443559,0.15,29,0.14947461518394314,0.32715505888087315,0.4852463597090053,0.37630922693266833,0.42445513284459246
syn_LEA_1,nardini_Frac I_raw,-0.44825626769463567,0.10622541925424464,-0.4546880219627116,-2.9430693996223525,1.4980719202856858,0.00038056533346268864,0.001,57,0.1590506142520783,0.004846186398271706,2.3145998856619876,0.011054945054945055,1.956443411601185
syn_LEA_1,nardini_Frac K_raw,0.3317756502199427,0.11729976665463102,0.3385961008282782,1.4775564556788052,0.6678456586534696,0.008139089374631087,0.006,60,0.15460090315925165,0.05072040118445892,1.294817319962529,0.040783783783783785,1.389512484291405
syn_LEA_1,nardini_Frac L_raw,-0.6060019474255016,0.07378182145621003,-0.6086231967997106,-6.992958156583455,0.9096200605005359,2.8904462439764035e-08,0.001,69,0.15045612276814815,2.4231574345335515e-06,5.615618368475778,0.011054945054945055,1.956443411601185
syn_LEA_1,nardini_Frac M_raw,-0.40690879403226393,0.13020940954170318,-0.40768895911692565,-3.2192339610501044,1.5883616820690545,0.002700312725091857,0.002,52,0.15402972638939236,0.02282785379363368,1.6415349176554717,0.019346153846153846,1.7134053629148907
syn_LEA_1,nardini_Frac N_raw,-0.3310666977577215,0.1132072770643636,-0.328754850030184,-2.6181054999944555,1.258832160999796,0.014259804744811104,0.004,55,0.15329418188288324,0.07703073167753044,1.1133359769667233,0.032192,1.4922520409601854
syn_LEA_1,nardini_Frac P_raw,-0.21260442161694654,0.19692093902307317,-0.21812369884701974,-1.1615099369254818,2.285805129429093,0.28440640296833614,0.296,26,0.163282639581045,0.5491609239657316,0.2603003729462418,0.5661140684410646,0.2470960523748919
syn_LEA_1,nardini_Frac Q_raw,-0.19592038562282335,0.11998459285879663,-0.19671604415553587,-0.5928632712929276,0.6650448015568923,0.15001335215208697,0.116,55,0.12880967720334688,0.374475018027294,0.4265771496461761,0.32779775280898876,0.4843940280260481
syn_LEA_1,nardini_Frac R_raw,-0.28526068203006216,0.12665309772699346,-0.28854513457248915,-1.9728316306715492,1.2845508660716716,0.03434601358991151,0.024,54,0.1569400934228886,0.14517684735903774,0.8381026389110902,0.11388679245283019,0.9435266384972368
syn_LEA_1,nardini_Frac S_raw,0.42497185107506824,0.11949766241325929,0.43546949097116944,2.7198009001212795,0.8496781475011728,0.0024883484536506162,0.001,46,0.1412977493820887,0.021767639516282782,1.6621886633169392,0.011054945054945055,1.956443411601185
syn_LEA_1,nardini_Frac T_raw,-0.49255087949820314,0.13222467944535438,-0.4978015720628002,-2.6063165946994284,1.5747914136921837,0.0003703665939756328,0.004,47,0.1348774828813846,0.004838815500512812,2.3152609368161055,0.032192,1.4922520409601854
syn_LEA_1,nardini_Frac V_raw,0.04344783311364485,0.1302993253477598,0.043760986471454745,0.29311741047687,1.258918662195683,0.7487828760979213,0.734,56,0.1418090378961811,0.8946265716799392,0.048358206808795996,0.8853764988009591,0.05287201000175963
syn_LEA_1,nardini_Frac W_raw,0.03668689974692973,0.5911105955054436,0.09107651110783746,-5.0863958689102,13.360564978327194,0.8637629700202579,0.7667342799188641,6,0.12935256126024888,0.9348044802268536,0.029279214836574172,0.9036350877192982,0.044006913976752056
syn_LEA_1,nardini_Frac Y_raw,0.44545376819937904,0.385670638622877,0.5122717640554155,11.613914822919448,9.584275759485738,0.2398053912767625,0.2210849539406346,7,0.1633915387075001,0.49133243100697166,0.3086245687727212,0.48245436803531105,0.3165437572375817
syn_LEA_1,nardini_Frac K+R_raw,0.21966130964197214,0.22308853948052712,0.23321132743030684,0.5428867965020511,0.5522821813502149,0.2323485618669024,0.31,28,0.13803075072906623,0.48494300825515674,0.3143092977990863,0.5829158878504673,0.23439410746704714
syn_LEA_1,nardini_Frac D+E_raw,-0.052009932235061625,0.20318129049569816,-0.050069459772252314,-0.16149651578862342,0.481253305826793,0.8002513126826497,0.802,28,0.12483613721659322,0.9169166521170223,0.0376701399796914,0.91165197740113,0.0401709216937533
syn_LEA_1,nardini_Frac Polar_raw,-0.2795429903189397,0.13518054991488632,-0.290623422938736,-0.49888047453891354,0.3732258056702054,0.061881846226145426,0.034,42,0.14811576402090706,0.21690988607492093,0.6637206537490943,0.14554893617021278,0.8369909645095726
syn_LEA_1,nardini_Frac Aliphatic_raw,0.27021596844539103,0.16318713730737056,0.2761562233825731,0.3693998996610329,0.5256756259728159,0.11389115464520819,0.106,34,0.1462473008723995,0.31746163965022794,0.49830874500105343,0.3127155425219941,0.5048505330078189
syn_LEA_1,nardini_Frac Aromatic_raw,0.002820283729746259,0.2402771276013864,0.005370216135410547,-3.096280522641832,5.259746932679127,0.9825922772689564,0.988,19,0.1869810510055318,0.9954560230942298,0.001977921321527778,0.994922922922923,0.0022105629184455845
syn_LEA_1,nardini_R/K Ratio_raw,-0.26356848832146773,0.09521781487868035,-0.26670616827467486,-0.21709106899796268,0.11623804287876108,0.004125431737051626,0.01,114,0.13662954560382684,0.031204393439653654,1.5057842549472744,0.05988095238095238,1.2227113010059543
syn_LEA_1,nardini_E/D Ratio_raw,-0.09998724395468003,0.12367504771973684,-0.10091662134155494,-0.26282448332145864,0.23214504896998353,0.43129772022463686,0.426,63,0.14408461041059095,0.6731798762024152,0.1718688751455227,0.6791695721077655,0.16802177942150676
syn_LEA_1,nardini_Frac Chain Expanding_raw,0.13757534376234767,0.16600502573955897,0.1329217905818218,0.5823804393446548,0.4783333380982316,0.4683102898171474,0.394,32,0.16088873974063508,0.7071064301307829,0.1505152134452803,0.6573200663349917,0.1822231095946686
syn_LEA_1,nardini_FCR_raw,0.20382048832761648,0.29547602868435685,0.23152990282835612,0.2074794446290227,0.34658061058998424,0.37124355779718476,0.496,17,0.12291367178892643,0.6351547944625304,0.1971204192933425,0.7327107195301027,0.13506745470267917
syn_LEA_1,nardini_NCPR_raw,0.1954052986874016,0.23836104669695357,0.18727497639035864,0.4236080046151577,0.44399881621935405,0.39218542531930445,0.418,23,0.15023781686946872,0.6446708135150658,0.1906619913621552,0.6749520766773163,0.17072706209262065
syn_LEA_1,nardini_Hydrophobicity_raw,-0.4367434002182946,0.2592847194105617,-0.4685314685314686,-0.4244835015065612,0.2773492755701094,0.12445479118883397,0.128,12,0.19598542342042322,0.33603968720594196,0.47360942821522384,0.342468085106383,0.4653798945598841
syn_LEA_1,nardini_Disorder Promoting_raw,0.5251030088158146,0.11186289314235316,0.5383542933919024,1.15586322384078,0.3391056195317989,0.00011375519566174441,0.001,46,0.12210169642921329,0.001929120849129987,2.714640565271441,0.011054945054945055,1.956443411601185
syn_LEA_1,nardini_Iso point_raw,0.1730523747934874,0.1728649633146533,0.1823080283626833,0.009989758780669688,0.024545036392911713,0.3349328020161262,0.33,30,0.16552712555581323,0.6029916201761064,0.21968872324386873,0.6046994535519126,0.21846042385229583
syn_LEA_1,nardini_PPII_raw,-0.007270846579957401,0.4401552005785601,-0.006060606060606061,-0.4159055230440606,14.190305776174036,0.9867429111949892,0.96,10,0.09504825858525998,0.9956503196210222,0.0018931625038830031,0.9876348884381339,0.005403576912908962
syn_LEA_1,nardini_A Patch_raw,0.6201186021394022,0.08731574245627322,0.634666899925839,1.0642364609306705,0.19287214901076813,5.546454628612618e-05,0.001,34,0.12061049885697565,0.0011624444492467278,2.934627791953753,0.011054945054945055,1.956443411601185
syn_LEA_1,nardini_E Patch_raw,0.18811923081273113,0.28527754879369227,0.1946945538762894,1.1082950208595863,1.24068889265885,0.5047784571827589,0.52,14,0.1043242953127171,0.7413242743443146,0.1299917788595267,0.759245283018868,0.11961789755291805
syn_LEA_1,nardini_I Patch_raw,0.34119970245043063,0.37608685027556915,0.44136741475237473,3.6086058673686767,4.622699026290944,0.3809392104771887,0.24048096192384769,6,0.18321884908682642,0.6378197683198755,0.19530202454242793,0.5050602248338012,0.2966568322704197
syn_LEA_1,nardini_K Patch_raw,0.29927019518639675,0.1984830988701221,0.3110853528761789,1.1163714114422998,0.858514016354094,0.11423569935723907,0.162,27,0.14353208293349112,0.31746163965022794,0.49830874500105343,0.3936521739130435,0.40488734585835934
syn_LEA_1,nardini_Q Patch_raw,0.11682395365522015,0.5060827342974843,0.11595420713048968,0.44921827854116003,3.050138069047467,0.826848213385815,0.7234468937875751,6,0.11240343206224383,0.929091242026629,0.03194163373200463,0.8810084439083232,0.055019929130271275
syn_LEA_1,nardini_Frac A_zscore,0.17257875728238986,0.14700598047972158,0.1768003838990005,0.01682566942497992,0.01889911273799925,0.1882972632532343,0.246,57,0.14407480053087243,0.42942406854915305,0.36711361768936845,0.5092098765432098,0.2931031814390057
syn_LEA_1,nardini_Frac D_zscore,0.1268807760229566,0.10350583150817504,0.12699098786803678,0.17416975058703305,0.12194809351021606,0.18821634725637656,0.22,109,0.13607784259462796,0.42942406854915305,0.36711361768936845,0.4811304347826087,0.31773717013945924
syn_LEA_1,nardini_Frac E_zscore,-0.10324627145930995,0.13770678134768755,-0.10488226938400472,-0.0979247071024955,0.0815807819657778,0.42514459810100014,0.458,60,0.14507825712047212,0.6699044011790163,0.17398716894500682,0.7045076452599389,0.15211428960048945
syn_LEA_1,nardini_Frac G_zscore,0.2863857417728588,0.09404592308811752,0.28422259539947636,0.2716371807472227,0.10335040066468602,0.0023888267405089585,0.008,112,0.1372759012309584,0.021266900008424888,1.6722958108661157,0.05126114649681529,1.2902116846973815
syn_LEA_1,nardini_Frac H_zscore,0.221119650540486,0.48547760561507974,0.26196841599779186,0.15336345074806748,0.2469508957581048,0.5703705932693652,0.6146146146146146,7,0.1633915387075001,0.797978198791992,0.0980089736538733,0.8333887399463806,0.07915237166394441
syn_LEA_1,nardini_Frac I_zscore,-0.07956379152887988,0.23783060620181384,-0.0709020707673162,-0.00043115306506170736,0.04786061529170202,0.7147496572031513,0.726,29,0.17608571580365512,0.8800169356056523,0.05550896993016149,0.8810084439083232,0.055019929130271275
syn_LEA_1,nardini_Frac K_zscore,0.35552812624561153,0.12271875810950142,0.3633023107286833,0.13360847234742437,0.05630759853498139,0.005921256865835909,0.006,56,0.15915826265004965,0.03971189604687283,1.4010793770248522,0.040783783783783785,1.389512484291405
syn_LEA_1,nardini_Frac L_zscore,-0.3314246977111889,0.1364200294158224,-0.3343114491372525,-0.18362974872892074,0.061273332918993555,0.017650592823350925,0.022,50,0.169865655634608,0.09152833185717027,1.0384444527676997,0.1079609756097561,0.9667331995136395
syn_LEA_1,nardini_Frac M_zscore,-0.4003211977000205,0.12954915647806206,-0.40768895911692565,-0.062349566917492875,0.030683729256934775,0.002700312725091857,0.006,52,0.15402972638939236,0.02282785379363368,1.6415349176554717,0.040783783783783785,1.389512484291405
syn_LEA_1,nardini_Frac N_zscore,0.07037690414376127,0.11628963010607603,0.07467367830432424,0.0241647125061114,0.06331240974081792,0.5103390022136366,0.554,80,0.13169782640616243,0.7483980119925924,0.1258673748088447,0.7894107648725214,0.10269695560346535
syn_LEA_1,nardini_Frac P_zscore,-0.13247388638204563,0.1089970204510582,-0.13336892086077423,0.013528475650877333,0.14067331684284418,0.16287560792762631,0.226,111,0.13852877768239513,0.3986687629566717,0.39938779144322,0.4899913793103448,0.3098115606875714
syn_LEA_1,nardini_Frac Q_zscore,0.151373396480483,0.10722051656109066,0.1560070447367749,0.04601551131611747,0.03660450961712106,0.17838192656001414,0.16,76,0.1443397342943155,0.41928088345648185,0.3774949382132315,0.39354523227383864,0.40500534463150845
syn_LEA_1,nardini_Frac R_zscore,0.02465700441255108,0.11216916477834696,0.029440289887555197,0.026645170362420634,0.038725081247824054,0.7916231707840651,0.82,83,0.136944155824598,0.9111818190031687,0.040394954408952875,0.9188133333333333,0.03677271117936592
syn_LEA_1,nardini_Frac S_zscore,0.40627801852345957,0.08424355087472422,0.41310054102440436,0.2632519986909905,0.058901877136556695,6.607250643803015e-06,0.001,111,0.13567025606873281,0.0001954968866960539,3.7088601543882693,0.011054945054945055,1.956443411601185
syn_LEA_1,nardini_Frac T_zscore,-0.09071202394940311,0.10977160033147988,-0.09504765815344773,0.006013234923930505,0.10374827766150818,0.3701491707911492,0.382,91,0.1459919899120298,0.6351547944625304,0.1971204192933425,0.649141891891892,0.1876603630913024
syn_LEA_1,nardini_Frac V_zscore,0.13581197869359868,0.12354657294159399,0.14650656370048934,0.03180730840397281,0.032840507198506994,0.3151355034889882,0.282,49,0.13764442199863808,0.5822534360311965,0.23488793989936121,0.5434712643678161,0.26482341396299247
syn_LEA_1,nardini_Frac K+R_zscore,0.25289124787019385,0.23648576189800927,0.2569080791673521,0.06897056899755143,0.06377725309802605,0.21508141930236171,0.29,25,0.14229155749394043,0.45648081818180564,0.34057746727058424,0.5567557251908397,0.25433530836486196
syn_LEA_1,nardini_Frac D+E_zscore,-0.10736925430362558,0.2007073265147087,-0.11403092546711036,-0.030084903249558377,0.07171881309698587,0.5343203913404895,0.606,32,0.1549786231919168,0.771692786489494,0.11255555936187726,0.8260650406504064,0.0829857569368468
syn_LEA_1,nardini_Frac Polar_zscore,-0.15256576744188327,0.10350419250122518,-0.15180970805278285,0.024291552303422947,0.05656659385253858,0.10687909289999557,0.15,114,0.13662954560382684,0.30856907450158927,0.510647602078181,0.37630922693266833,0.42445513284459246
syn_LEA_1,nardini_Frac Aliphatic_zscore,0.2660945850938049,0.15677124065103235,0.27597131372971045,0.019001672022587547,0.02916402161066792,0.10855696000826093,0.114,35,0.1447221643388478,0.30937195968359915,0.5095190516791208,0.32396610169491524,0.4895004299694066
syn_LEA_1,nardini_R/K Ratio_zscore,-0.2842872661629367,0.09309446052580447,-0.2816970750189077,-0.09351902016144356,0.05119165598270859,0.002742930008740481,0.001,111,0.13755131635829654,0.02284505001277185,1.6412078868423727,0.011054945054945055,1.956443411601185
syn_LEA_1,nardini_E/D Ratio_zscore,-0.16483349681601078,0.14291387512622167,-0.1739439358263135,-0.10137892751503477,0.08542041153534123,0.2319648791911529,0.244,49,0.15035344657774388,0.48494300825515674,0.3143092977990863,0.5092098765432098,0.2931031814390057
syn_LEA_1,nardini_Frac Chain Expanding_zscore,-0.009383402592778218,0.1529484894528527,-0.01094247215377596,0.04582972095405513,0.050819713782697645,0.9444784414062655,0.924,43,0.149640422046008,0.978864315496626,0.009277503411334431,0.9692846715328467,0.013548655230648316
syn_LEA_1,nardini_FCR_zscore,0.2518349574341065,0.21104872552216947,0.2643341855471544,0.08445398530038614,0.06809308084516841,0.2016507807814835,0.23,25,0.18385067656282938,0.44389646710322184,0.3527183114370834,0.4954603854389722,0.3049910638286107
syn_LEA_1,nardini_NCPR_zscore,0.22769237390555555,0.3450848182011615,0.2234138514990868,0.05073693054771045,0.06285683948638111,0.4234753526369526,0.522,15,0.12161613667686236,0.6699044011790163,0.17398716894500682,0.759959479015919,0.11920956365202764
syn_LEA_1,nardini_Hydrophobicity_zscore,-0.20164427407500535,0.20520829571263505,-0.2050421340775584,-0.015732359059318954,0.05407673937408608,0.30490657786388264,0.318,27,0.14006283794027227,0.5735862568702282,0.24140126291369912,0.5924222222222223,0.2273686591186272
syn_LEA_1,nardini_Disorder Promoting_zscore,0.23402672013925757,0.10873752734850553,0.23801035292717498,0.07005157681383055,0.022035918843183438,0.010772126759343584,0.032,114,0.13662954560382684,0.06206780805117728,1.2071335916226162,0.13935930735930738,0.8558640208523297
syn_LEA_1,nardini_Iso point_zscore,0.10533844129466852,0.14126317042310027,0.11105432346530467,0.01516184836837855,0.07990696630461389,0.4426117547601842,0.42,50,0.14711976310137714,0.6871410884085576,0.16295408153392696,0.6749520766773163,0.17072706209262065
syn_LEA_1,nardini_PPII_zscore,-0.02773939039069934,0.1331689161224253,-0.03853605002295112,-0.020994969817697908,0.09945573338302946,0.7550399125153655,0.844,68,0.1382032380732737,0.8973063051870909,0.04705928054018162,0.9259149400218102,0.033428908324457475
syn_LEA_1,cider_kappa,-0.26934147817428006,0.1266851729324632,-0.27204667005050953,-0.14718954695934605,0.13875344040234547,0.0406393055639776,0.038,57,0.138147051783134,0.16223468808476774,0.7898562818563755,0.1560326530612245,0.8067845070278137
syn_LEA_1,cider_omega,0.10222821368969513,0.10937730361165351,0.0962803733930344,0.06695761636015081,0.19970859837565655,0.38952856411493875,0.354,82,0.136525703863643,0.642402845081358,0.19219254431655133,0.6269788732394366,0.20274709296532248
syn_LEA_1,cider_delta,-0.17020341506785946,0.11857321412728924,-0.1689988719494075,-0.5932309875467038,0.7089763241333078,0.18547901696360738,0.138,63,0.13394598483764267,0.4288033333303948,0.36774184728597176,0.35872868217054266,0.4452338978977663
syn_LEA_1,cider_mean_net_charge,-0.057294992869345536,0.2412567187405265,-0.06025749355330584,0.05574154914301706,0.584968800635028,0.7899491500488938,0.802,22,0.15325028669073906,0.9111818190031687,0.040394954408952875,0.91165197740113,0.0401709216937533
syn_LEA_1,cider_fraction_neutral,-0.22331281759131172,0.2810481440809741,-0.23152990282835612,-0.2208432461106483,0.34376888689403173,0.37124355779718476,0.414,17,0.12291367178892643,0.6351547944625304,0.1971204192933425,0.6739223300970874,0.17139015324800833
syn_LEA_1,sparrow_SCD,0.21114579635202724,0.08880978220728596,0.21127840563363276,-0.00019151468954564898,0.010025745135932265,0.024038587369601287,0.012,114,0.13662954560382684,0.11387206491886058,0.9435828039242834,0.06978034682080925,1.156266876361262
syn_LEA_1,sparrow_SHD,-0.4696748041743367,0.3246508958043036,-0.5,-0.3660375203787405,0.3738505751294996,0.11730680301423815,0.204,11,0.1476284968709326,0.32331683241732484,0.4903716846997132,0.4611775280898876,0.33613186283512425
syn_LEA_1,sparrow_complexity,-0.5196286706030956,0.15121806538655505,-0.5325123152709358,-1.6134455269357233,0.31390432222654846,0.002941745513326283,0.006,29,0.0985744385195457,0.02416026417931575,1.6168983212515764,0.040783783783783785,1.389512484291405
syn_LEA_1,sparrow_scaled_rg,-0.7941755182372767,0.1743893320908335,-0.8333333333333333,-0.04827331962976403,0.012578746693894052,0.00526569102916175,0.01,9,0.1136580972636026,0.036533001209218756,1.4373146487554156,0.05988095238095238,1.2227113010059543
syn_LEA_1,sparrow_scaled_re,-0.7439113367503127,0.15150952432262343,-0.7714285714285714,-0.013096221917850258,0.003216739740955716,0.0012326572868001852,0.002,14,0.11412827689447384,0.01319205564384028,1.879687525513794,0.019346153846153846,1.7134053629148907
syn_LEA_1,sparrow_prefactor,0.7373663875153836,0.10040012016997915,0.7749999999999999,0.08034405483228875,0.056149561333756474,0.0006896453939514363,0.001,15,0.15647755011751072,0.008212646515682287,2.0855168694401103,0.011054945054945055,1.956443411601185
syn_LEA_1,sparrow_scaling_exponent,-0.561179021263903,0.24025472385907556,-0.6043956043956044,-1.4211916458439793,0.5799811826121036,0.02867270567140696,0.042,13,0.10690231632204868,0.1287323129001859,0.8903124278208866,0.16569411764705883,0.7806929093161461
syn_LEA_1,sparrow_asphericity,-0.508916951941476,0.28138181752420716,-0.5314685314685316,-2.2601211151598033,0.6762988393281218,0.07536233505348364,0.112,12,0.07796845291393696,0.24922563645671425,0.6034072862543114,0.32284240687679083,0.49100942356908966
syn_LEA_1,mpipi_epsilon_self,0.3120829417940667,0.09476393438941683,0.3176401502495722,0.011820324797543292,0.012766898155401904,0.003237348506769033,0.006,84,0.14309015649797296,0.025847401569917838,1.5875831098453745,0.040783783783783785,1.389512484291405
syn_LEA_1,calvados_epsilon_self,0.29161189408684673,0.09520329211614825,0.29117804651415163,0.016760008900302985,0.004566273328551728,0.003999237260186429,0.004,96,0.13211588828766804,0.030728154798500332,1.512463518002306,0.032192,1.4922520409601854
syn_LEA_1,avg_helix_prob,-0.04831757523675721,0.10001932671677652,-0.047916234708687534,-0.127545116621064,0.24291008939470282,0.6273948909702678,0.682,105,0.13239878919902812,0.8323734237040844,0.07968179453792273,0.857615,0.06670763161555607
syn_LEA_1,avg_beta_prob,-0.25656937215421205,0.0965065446648362,-0.26066901288140226,-0.3796356715238849,0.47218605163489064,0.005505353978716918,0.006,112,0.13604044873449173,0.0379341513875974,1.4209696269500134,0.040783783783783785,1.389512484291405
syn_LEA_1,avg_coil_prob,0.12422693921595408,0.11374686920924137,0.12467569224963441,0.2584479230093142,0.23357351701563847,0.2527292822327698,0.254,86,0.1292551104369285,0.5084913158523329,0.29371645967263643,0.516210101010101,0.28717350159372207
syn_LEA_1,avg_mito_targeting,0.0601611956665081,0.37882874267796873,0.048632443494405174,0.02007141778415357,0.7996808333347858,0.8938677821006586,0.88,10,0.13657279179706708,0.9576787954196765,0.018780128466160204,0.9458119658119658,0.024195195868028013
syn_LEA_1,avg_nes,-0.11831646948947279,0.09811106476002908,-0.11815474441113659,-1.0300193996993694,1.0587845819472526,0.2254749583548997,0.24,107,0.13145997143514487,0.47453516339964247,0.32373160050832267,0.5050602248338012,0.2966568322704197
syn_LEA_1,avg_nis,0.22118162389609106,0.09082580089159388,0.22328048655482285,0.6243187900495399,0.6347055115881094,0.01796072161855849,0.018,112,0.13624894651873384,0.09223210206081686,1.035117893248702,0.0943125,1.0254307428803349
Asyn_isoform_5,nardini_Frac A_raw,-0.02218036174039204,0.12634654916562407,-0.02485700217636821,-0.2967661945141346,0.685968475032085,0.8479218779273019,0.868,62,0.15253398239241817,0.9310169202588074,0.031042426098939303,0.9379248120300752,0.027831975084942142
Asyn_isoform_5,nardini_Frac C_raw,-0.0013365268375386975,0.18770692828595056,-0.0031538747357554462,-3.692622911197479,9.397955654744198,0.9856540423036797,0.994,35,0.1472904340751931,0.9955501672264074,0.0019368503521479967,0.9959800796812749,0.0017493476917786307
Asyn_isoform_5,nardini_Frac D_raw,0.041528887002023764,0.12622384065162956,0.0399424136627895,-0.702751769614761,1.4357517275068106,0.7598875727749088,0.736,61,0.16256237941502868,0.8973063051870909,0.04705928054018162,0.886725748502994,0.05221068042619464
Asyn_isoform_5,nardini_Frac E_raw,-0.02255965081860363,0.12972257642799645,-0.024061233403965914,-0.7480577999301631,1.3862729331264774,0.8503096700734536,0.87,64,0.16218723163753967,0.9310169202588074,0.031042426098939303,0.9390772532188841,0.027298679015454238
Asyn_isoform_5,nardini_Frac F_raw,-0.055568582061087134,0.14836438611126396,-0.05705663652479429,0.1230694075665723,1.559992932973146,0.712966225775427,0.708,44,0.14096540544228908,0.8800169356056523,0.05550896993016149,0.8739239263803681,0.058526370330299005
Asyn_isoform_5,nardini_Frac G_raw,0.04591594841859124,0.2032133330117117,0.03496150890136245,-0.16780707584091975,1.7464992333389973,0.8468388223621675,0.836,33,0.13703937381836395,0.9310169202588074,0.031042426098939303,0.923178924259056,0.03471411881407325
Asyn_isoform_5,nardini_Frac H_raw,-0.1360394331132861,0.19494038317862267,-0.14227831297982194,-1.7689683544418495,1.7328478564004313,0.47898793317543886,0.452,27,0.14135165578758344,0.7159908778224242,0.14509251084385025,0.7006348228043144,0.15450828126907845
Asyn_isoform_5,nardini_Frac I_raw,0.058133110672946624,0.13183512088391766,0.05760622598361909,2.7536729446076005,2.2485324403763864,0.6675429175863248,0.634,58,0.15766628167397959,0.8522184963094451,0.06944904422855352,0.8372431729518856,0.07714838509763529
Asyn_isoform_5,nardini_Frac K_raw,0.14305308726847085,0.1261829378149586,0.14205516245192626,1.6994673554942206,0.9251217089861834,0.25149899691274946,0.254,67,0.1537007379765672,0.5084913158523329,0.29371645967263643,0.516210101010101,0.28717350159372207
Asyn_isoform_5,nardini_Frac L_raw,-0.018215825501761373,0.12851907129556456,-0.025984096271800643,-0.38052822308298234,2.4714096501792673,0.8437718137899377,0.862,60,0.14133826266765828,0.9310169202588074,0.031042426098939303,0.9324430107526881,0.030377702009313765
Asyn_isoform_5,nardini_Frac M_raw,-0.019860472403019268,0.1184340515184072,-0.024299135228020203,-1.297592603372317,1.9802792178986606,0.8349518724190712,0.854,76,0.1528614467132069,0.9310169202588074,0.031042426098939303,0.9287827027027027,0.032085881330118964
Asyn_isoform_5,nardini_Frac N_raw,0.03256082840117447,0.12941217562839777,0.02483702558649239,-0.17846697201490758,0.5711793865308695,0.8493094952572705,0.792,61,0.1633356322231689,0.9310169202588074,0.031042426098939303,0.9089398410896709,0.041464859954470266
Asyn_isoform_5,nardini_Frac P_raw,0.08425447457941014,0.1936787384072995,0.08698583303883675,1.0172398627128003,1.3941592865477521,0.641718296546385,0.632,31,0.1343432066683397,0.8421210765264818,0.07462546302874805,0.8372431729518856,0.07714838509763529
Asyn_isoform_5,nardini_Frac Q_raw,-0.0881967845051941,0.12633825895974202,-0.09625983631310457,-0.6133261889095254,0.7218592601448532,0.4492531781357646,0.484,64,0.16101159792016584,0.6910530538296318,0.16048860949848764,0.7213392592592592,0.14186043046670388
Asyn_isoform_5,nardini_Frac R_raw,-0.08534400111576776,0.12608635009660615,-0.09211809403047116,0.4408239223938748,1.1583696390357379,0.46549818883438376,0.492,65,0.14514991878912636,0.7053164002910187,0.15161601765393473,0.7300176991150443,0.13666661037979438
Asyn_isoform_5,nardini_Frac S_raw,-0.04705335804493122,0.14242856240337814,-0.048326282699913965,-0.6684472475050492,0.6729495029015734,0.7311228465200801,0.718,53,0.161516409533369,0.8871039396772885,0.052025492024304926,0.8797904993909865,0.05562073215723187
Asyn_isoform_5,nardini_Frac T_raw,0.0159679729423849,0.1337258076270551,0.02182688255717751,-0.20363612326792083,0.8977420085123824,0.8743202849132428,0.918,55,0.16677192447331143,0.9437405650458394,0.025147377157734234,0.9639958246346556,0.015924847157393354
Asyn_isoform_5,nardini_Frac V_raw,0.22990166904514472,0.13522934620879126,0.23415172227047215,1.0224400472745516,1.7638058917216106,0.11315989321469982,0.108,47,0.14276610341196408,0.31709986789411704,0.4988039389028008,0.3158372093023256,0.5005367063646717
Asyn_isoform_5,nardini_Frac W_raw,-0.015042151154930107,0.17402826510681266,-0.026232710801641183,0.4517873876509975,3.9021381098553727,0.8641830682017633,0.9109109109109109,45,0.13634983487815994,0.9348044802268536,0.029279214836574172,0.9595564150537973,0.017929486768726438
Asyn_isoform_5,nardini_Frac Y_raw,0.14074323863269142,0.14244853336793478,0.14514110161627955,5.120034121908719,2.8343635879142965,0.30459297626060267,0.314,52,0.13585758333178896,0.5735862568702282,0.24140126291369912,0.5871449814126395,0.23125464687326558
Asyn_isoform_5,nardini_Frac K+R_raw,0.16320465927059027,0.2077600252166165,0.1690098916940512,1.7912259172330918,1.1929810148172106,0.4091653294000154,0.404,26,0.19177328541239735,0.6597835278857974,0.18059853122414377,0.6684605263157896,0.17492423344222133
Asyn_isoform_5,nardini_Frac D+E_raw,-0.014482723672992208,0.2153729864955225,-0.012000736720900382,-0.6586238666966772,1.1292675841432938,0.9536017395186671,0.942,26,0.19177328541239735,0.9819072159219847,0.007929548380944429,0.976960824742268,0.01012285075345892
Asyn_isoform_5,nardini_Frac Polar_raw,-0.17567745509036992,0.15541783492742883,-0.1733699228780342,-0.641434603103723,0.4030458790144022,0.2979072101801213,0.264,38,0.16975231710563018,0.565461610266419,0.24759687440854802,0.526763779527559,0.2783840949329437
Asyn_isoform_5,nardini_Frac Aliphatic_raw,0.20043756346210295,0.21003527113041526,0.202248425572698,1.0017269627203682,1.2526835272617567,0.3547199529905207,0.342,23,0.12843248107259325,0.622771854639553,0.2056710230322071,0.6165806451612904,0.21001011216153506
Asyn_isoform_5,nardini_Frac Aromatic_raw,-0.08461606406918722,0.20130893657584864,-0.08020972842583099,0.24015884984435104,2.6930586575611475,0.6625561189362709,0.666,32,0.14649932514676853,0.848661976325697,0.07126525563159813,0.8545867346938777,0.06824385279422872
Asyn_isoform_5,nardini_R/K Ratio_raw,-0.1403305136299386,0.12119578565595254,-0.14500746718738192,-0.064544990992636,0.05105920987919333,0.2345133413908849,0.234,69,0.15467196349577572,0.48643385863758803,0.31297620325075387,0.5008595744680852,0.300284019805666
Asyn_isoform_5,nardini_E/D Ratio_raw,-0.04558061679025603,0.12430775291595929,-0.046078780374254,-0.008392720072907894,0.15846629211881907,0.7198901189023732,0.68,63,0.15395237526685318,0.8821065281556485,0.054478963851778126,0.857615,0.06670763161555607
Asyn_isoform_5,nardini_Frac Chain Expanding_raw,0.0898040065861515,0.16689106614934557,0.09062968054197783,0.4783169293374433,0.3923072557326205,0.6159576078623638,0.568,33,0.16315330013351037,0.8256687873114729,0.08319413269197481,0.8008659217877094,0.0964401859154556
Asyn_isoform_5,nardini_FCR_raw,0.22492718957848729,0.2749283972078858,0.22730782062195778,0.3971797500302427,0.4824747384171258,0.3971948595153084,0.402,16,0.20107381368865607,0.6486656309616887,0.1879791122117629,0.6662471169686985,0.1763646572708789
Asyn_isoform_5,nardini_NCPR_raw,0.015538525508662956,0.09253937581372654,0.01776959621700925,1.201177345677702,0.988519317495452,0.8421973603537763,0.882,128,0.14193288741990728,0.9310169202588074,0.031042426098939303,0.9469498399146212,0.023673025036049896
Asyn_isoform_5,nardini_Hydrophobicity_raw,0.23493089216928034,0.24367704881357743,0.2797202797202798,0.1132026463598062,0.2365950996812101,0.37856866966230307,0.344,12,0.1655330945528425,0.6378197683198755,0.19530202454242793,0.6168698752228164,0.20980643796472268
Asyn_isoform_5,nardini_Disorder Promoting_raw,-0.058863814205813186,0.14264353638638538,-0.06179306782061201,-0.01710726171211431,0.36991144452157926,0.6540287482014947,0.68,55,0.14472949352678613,0.846115184254284,0.07257051109699222,0.857615,0.06670763161555607
Asyn_isoform_5,nardini_Iso point_raw,0.130501916337745,0.2550327546077527,0.13780136109359037,0.051276440451238525,0.03753353190801162,0.5623457499924478,0.596,20,0.1729387788095879,0.7945503152983181,0.09987859566929302,0.8202134062927496,0.08607313649771545
Asyn_isoform_5,nardini_PPII_raw,0.11570773486745702,0.24094040425583838,0.11948051948051949,0.7361005335969099,1.715246564741448,0.6059550557298752,0.658,21,0.12146504232629042,0.8235198370535918,0.0843259350259206,0.8514297014039944,0.06985120389946389
Asyn_isoform_5,nardini_A Patch_raw,0.022480593899892716,0.27331575150128057,0.0331030012815743,-1.1276060870705655,2.6990581610431463,0.8996332942520164,0.946,17,0.10959899061867313,0.9593724508400886,0.018012756810202316,0.9770800821355236,0.0100698397569142
Asyn_isoform_5,nardini_D Patch_raw,-0.27326719270370037,0.4799796887456522,-0.24771684715343115,5.880277195382178,85.60200738359839,0.5204537217168191,0.642570281124498,9,0.1843924516161578,0.7572604780529384,0.12075470871271705,0.8373389932788147,0.07709868405563916
Asyn_isoform_5,nardini_E Patch_raw,-0.11074496553609944,0.2474670961477038,-0.10642987863520877,-0.8406394955197252,1.384503230698354,0.6551684288958868,0.662,20,0.17258539659714475,0.846115184254284,0.07257051109699222,0.8527170294494238,0.06919506371769178
Asyn_isoform_5,nardini_G Patch_raw,0.0859564929700212,0.34248673609742636,0.09759000729485333,1.5387767836596682,6.359189394840238,0.818177202735276,0.7507507507507507,8,0.18219618223648093,0.9278959666655802,0.03250071304382439,0.8980442987577352,0.04670223991228583
Asyn_isoform_5,nardini_P Patch_raw,-0.10572075653229156,0.5193728414755807,-0.14285714285714288,0.310312219164281,3.577451081392343,0.7599453002180929,0.77,7,0.09548771218186224,0.8973063051870909,0.04705928054018162,0.9038739789964993,0.04389211603080773
Asyn_isoform_5,nardini_R Patch_raw,-0.14618200955497018,0.38209752452401236,-0.1513825177048746,-2.216703285263201,2.6000545942064046,0.6568123014228456,0.71,11,0.08173722342895681,0.846689486588379,0.07227583286446285,0.8753186274509803,0.0578338293148773
Asyn_isoform_5,nardini_S Patch_raw,0.06922943226619221,0.11169916842936065,0.07088444090230657,0.26364363277976777,0.5137678036246688,0.5141273279076752,0.51,87,0.13640666624669118,0.7506706703557638,0.12455055223203418,0.7489927007299271,0.12552241467458058
Asyn_isoform_5,nardini_Frac A_zscore,0.011722210703688535,0.13127293564989115,0.00293415598551783,0.005364894688304186,0.028504719117489277,0.9822486864933361,0.932,60,0.1531308334197185,0.9954560230942298,0.001977921321527778,0.970592132505176,0.012963233341603401
Asyn_isoform_5,nardini_Frac C_zscore,0.27429787560369073,0.14908323702372098,0.23145502494313785,0.16817391978475182,0.07892473038943501,0.44674159662419666,0.028037383177570093,13,0.16074428260413867,0.6903564457817847,0.16092661583470927,0.12648254473827586,0.8979694052937992
Asyn_isoform_5,nardini_Frac D_zscore,0.15620051144639144,0.0913149706244213,0.1610259194895898,0.06577522697987015,0.07265509844950371,0.07281891637880791,0.092,125,0.13449704615048827,0.2433748500899693,0.6137243029813897,0.2847753846153846,0.5454975529134105
Asyn_isoform_5,nardini_Frac E_zscore,-0.007445215479874374,0.13128200883193886,-0.008375665920015438,0.0010249100369541767,0.08314428595206215,0.9489194094138748,0.932,61,0.14794596727648263,0.9800954064377392,0.008731646274155534,0.970592132505176,0.012963233341603401
Asyn_isoform_5,nardini_Frac F_zscore,0.14785788145217635,0.09593132875125993,0.15319051293661873,0.04119605941969004,0.032724212623935954,0.12237685894301334,0.138,103,0.13715413114543365,0.33247120312145634,0.47824596499861327,0.35872868217054266,0.4452338978977663
Asyn_isoform_5,nardini_Frac G_zscore,0.03846076587446904,0.20706996262151833,0.03496150890136245,-0.008156134471017627,0.07503079395664583,0.8468388223621675,0.854,33,0.13703937381836395,0.9310169202588074,0.031042426098939303,0.9287827027027027,0.032085881330118964
Asyn_isoform_5,nardini_Frac H_zscore,0.10084250418544224,0.0993981500385835,0.09915592999185728,-0.012503028472192658,0.04813427199497445,0.30048168499896855,0.332,111,0.14096214509901334,0.5682040885506812,0.24549564560672701,0.6061560798548095,0.21741553442784015
Asyn_isoform_5,nardini_Frac I_zscore,0.08587685477970436,0.10379403507272063,0.08495345227073056,0.08256007697997833,0.07418606595240496,0.40557221267890864,0.392,98,0.14726909587216264,0.6588253555868111,0.18122969490068253,0.6561597337770383,0.18299042426237366
Asyn_isoform_5,nardini_Frac K_zscore,0.3589485907330172,0.0943732507370098,0.3610769964571378,0.1775752168720061,0.049869200095039416,4.7263662303295247e-05,0.001,121,0.13701985970093664,0.0010116434952577664,2.994972506587071,0.011054945054945055,1.956443411601185
Asyn_isoform_5,nardini_Frac L_zscore,-0.24243162863718706,0.10523800108821377,-0.24341705566099148,-0.12548576083526342,0.057437539905940964,0.02754857514431636,0.024,82,0.1681459222662628,0.1252823102617928,0.9021102466279475,0.11388679245283019,0.9435266384972368
Asyn_isoform_5,nardini_Frac M_zscore,-0.026031898203273413,0.11928453899181263,-0.024299135228020203,-0.026756047969920878,0.03961016092615654,0.8349518724190712,0.842,76,0.1528614467132069,0.9310169202588074,0.031042426098939303,0.9259149400218102,0.033428908324457475
Asyn_isoform_5,nardini_Frac N_zscore,-0.035150660610623434,0.10224915078501005,-0.03815581262162481,-0.03283841626729798,0.0387012665256679,0.6977779489757429,0.726,106,0.13279047741608135,0.8718690626419775,0.05954873254664521,0.8810084439083232,0.055019929130271275
Asyn_isoform_5,nardini_Frac P_zscore,0.08657577171749782,0.19214354911419387,0.08698583303883675,0.04996406444321626,0.06761971111344718,0.641718296546385,0.632,31,0.1343432066683397,0.8421210765264818,0.07462546302874805,0.8372431729518856,0.07714838509763529
Asyn_isoform_5,nardini_Frac Q_zscore,0.02941442539137194,0.09989274834372523,0.028230347888376396,0.0018164051532963282,0.0507986738921453,0.7707502869325648,0.782,109,0.14162188923502836,0.9029740822816138,0.04432471489536941,0.907372549019608,0.04221436369645365
Asyn_isoform_5,nardini_Frac R_zscore,0.1929098233687296,0.17749319466386626,0.20861994241638074,0.1346011385098022,0.09901706334498235,0.2363991662546999,0.282,34,0.14665456703987578,0.4878612384213228,0.31170368610674837,0.5434712643678161,0.26482341396299247
Asyn_isoform_5,nardini_Frac S_zscore,0.08551781521300408,0.08986293046740404,0.08404967948332304,0.011684877540491329,0.04680132510570107,0.3494227006032832,0.364,126,0.14250527733450244,0.6156203796968527,0.21068701157710104,0.63463431542461,0.19747644878676687
Asyn_isoform_5,nardini_Frac T_zscore,0.1648641710131527,0.09127580270717667,0.16951252619352639,0.05943518668355017,0.05293860628866327,0.05674975361974532,0.088,127,0.1408613013566875,0.20624766855720572,0.6856109520554351,0.27838993710691823,0.5553464671143554
Asyn_isoform_5,nardini_Frac V_zscore,-0.035156875069674604,0.0841857670224642,-0.03602563731508716,-0.03659795317737083,0.054225925370158745,0.6985352529716042,0.67,118,0.14327202827128369,0.8718690626419775,0.05954873254664521,0.8564421855146125,0.06730194893832951
Asyn_isoform_5,nardini_Frac W_zscore,-0.1810302007802999,0.3792099376440212,-0.2364331218717302,-0.0233716001338076,0.06469539380226594,0.6097426924107068,0.49337410805300713,7,0.11105193268579362,0.8235198370535918,0.0843259350259206,0.730829411764706,0.13618398306268076
Asyn_isoform_5,nardini_Frac Y_zscore,0.4007872386836087,0.22294662537619286,0.4265308721095933,0.15643739395594233,0.08459808495997316,0.12828707665500744,0.104,14,0.14722474068398836,0.3432361678588763,0.4644069554564059,0.31231044776119404,0.5054134870181562
Asyn_isoform_5,nardini_Frac K+R_zscore,0.12749754212342757,0.09561658982729561,0.12960884198090952,0.20582180456806914,0.12101409517480792,0.14969857462504263,0.178,125,0.1387516487031876,0.374475018027294,0.4265771496461761,0.41838317757009347,0.37842578598436943
Asyn_isoform_5,nardini_Frac D+E_zscore,-0.0170739667076856,0.2265470214590338,-0.011314980336848933,0.0011641366493624265,0.11447393300557104,0.9562505047214858,0.93,26,0.15627080635680032,0.9830708065100446,0.007415200612279822,0.970592132505176,0.012963233341603401
Asyn_isoform_5,nardini_Frac Polar_zscore,0.07373489560870747,0.09416710767004832,0.07796157757052859,-0.04267660500256208,0.05504583629193023,0.38172937032754495,0.472,128,0.14193288741990728,0.6378197683198755,0.19530202454242793,0.7140330827067669,0.14628166594910824
Asyn_isoform_5,nardini_Frac Aliphatic_zscore,-0.03573391273394825,0.11243809846274985,-0.03920558488250713,-0.049323710824249654,0.06794394099650047,0.7015098244566431,0.75,98,0.16077389995744062,0.8744967576250099,0.05824179641763967,0.8980442987577352,0.04670223991228583
Asyn_isoform_5,nardini_Frac Aromatic_zscore,-0.030165484017069113,0.3257817483575185,-0.026431095217776684,0.023073617886497953,0.10022235714791441,0.9255049878559514,0.936,15,0.13071498673259135,0.9718768452850597,0.01238876470517583,0.9727438016528926,0.012001527850379806
Asyn_isoform_5,nardini_R/K Ratio_zscore,-0.17042791517309888,0.12590952943460088,-0.17600779655039517,-0.026447702817113908,0.01955300591087946,0.17483035565968597,0.168,61,0.14480128669735629,0.4128622952902443,0.3841947773216847,0.40280280280280284,0.39490751617811126
Asyn_isoform_5,nardini_E/D Ratio_zscore,-0.031238015254804297,0.12992809490737678,-0.03047962231235708,0.006220501414404969,0.04870653075442535,0.825168543837361,0.81,55,0.1399119755188472,0.929091242026629,0.03194163373200463,0.9145454545454546,0.038794704438316445
Asyn_isoform_5,nardini_Frac Chain Expanding_zscore,0.1342476448003165,0.10468048109870678,0.13572406475208715,0.0691342011777068,0.05296939175176923,0.1826842306841879,0.212,98,0.16077389995744062,0.4262001899358375,0.37038636107872025,0.4728869179600887,0.3252427002293005
Asyn_isoform_5,nardini_FCR_zscore,-0.003396636686569273,0.09814696716874859,-0.007068599192161395,0.06196322647213967,0.10170788168316873,0.9455058731185986,0.978,96,0.15614132568614644,0.978864315496626,0.009277503411334431,0.9898068410462777,0.004449548889803266
Asyn_isoform_5,nardini_NCPR_zscore,0.0351835726589391,0.09198060293407298,0.0403710474087202,0.17548311047012954,0.13418326854365709,0.6548679676304117,0.706,125,0.1383043166374901,0.846115184254284,0.07257051109699222,0.8725257985257985,0.059221723117488904
Asyn_isoform_5,nardini_Hydrophobicity_zscore,0.030928677656083144,0.10672650662338072,0.033307064808230515,-0.0412893390835801,0.06331068468745121,0.7526176991213813,0.758,92,0.1566204442997518,0.8973063051870909,0.04705928054018162,0.9036350877192982,0.044006913976752056
Asyn_isoform_5,nardini_Disorder Promoting_zscore,0.15491742051136742,0.08949838114843993,0.15511248990577844,0.030909513734414952,0.02144576724113827,0.0804155804657709,0.094,128,0.14193288741990728,0.2592886985530946,0.5862164121276453,0.2891865443425077,0.5388219183406787
Asyn_isoform_5,nardini_Iso point_zscore,-0.060729154696489734,0.10477543137872933,-0.06033420713387959,0.1183516200707493,0.1089453195015036,0.49870793121144164,0.58,128,0.14193288741990728,0.7380619911120179,0.13190715949509502,0.8081440443213297,0.09251122328679322
Asyn_isoform_5,nardini_PPII_zscore,0.2311544848390456,0.09454927434481912,0.23524258441309642,0.1372979020484086,0.0592065624153436,0.007518126750255886,0.024,128,0.14193288741990728,0.0481734745908116,1.3171920283545373,0.11388679245283019,0.9435266384972368
Asyn_isoform_5,nardini_S Patch_zscore,-0.07405390106683712,0.13064508812756512,-0.07438030993989563,-0.06313087862493151,0.09912095810674908,0.5435827270879521,0.598,69,0.1320299185825623,0.7767673628557951,0.10970903030577209,0.8207203274215552,0.08580480993280853
Asyn_isoform_5,cider_kappa,0.08496254267568691,0.14599447786925104,0.08626521353088755,0.017661765406101614,0.10465001145995101,0.5642395019902744,0.586,47,0.15166819330913525,0.7949929117678096,0.09963674353705204,0.8142486187845304,0.08924296945914767
Asyn_isoform_5,cider_omega,-0.013958793535858558,0.1046339831164863,-0.007997433659570672,0.07369044360869259,0.15060962393945904,0.9393534034096256,0.896,93,0.14248039109592964,0.9762288469319044,0.010448363368448621,0.9538370370370371,0.020525818127229107
Asyn_isoform_5,cider_delta,0.11442774173716021,0.13801041650303425,0.11610508786628776,0.8807889030839945,0.9737672037045644,0.3811901818570752,0.418,59,0.15964421268213935,0.6378197683198755,0.19530202454242793,0.6749520766773163,0.17072706209262065
Asyn_isoform_5,cider_mean_net_charge,-0.058789774502080235,0.24654623641937462,-0.0645700318924523,0.1412625767796059,1.6663951478263879,0.7697488903882574,0.792,23,0.17041578184685136,0.9029740822816138,0.04432471489536941,0.9089398410896709,0.041464859954470266
Asyn_isoform_5,cider_fraction_neutral,-0.2631732491057376,0.2928943274353871,-0.2784572885353543,-0.4613438798015576,0.4391769710638323,0.3350437468645012,0.38,14,0.21734608037492897,0.6029916201761064,0.21968872324386873,0.6479322033898305,0.18847043430542545
Asyn_isoform_5,sparrow_SCD,-0.29289735447722876,0.08116432117035613,-0.295954706014735,-0.007294682282996868,0.014938442959087094,0.0006943196944129271,0.001,128,0.14193288741990728,0.008212646515682287,2.0855168694401103,0.011054945054945055,1.956443411601185
Asyn_isoform_5,sparrow_SHD,-0.04042557552731425,0.3089866614214878,-0.047058823529411764,0.09236617417714135,0.21184416943510456,0.8626036946668731,0.862,16,0.15484404374763827,0.9348044802268536,0.029279214836574172,0.9324430107526881,0.030377702009313765
Asyn_isoform_5,sparrow_complexity,0.04475677848026323,0.14659840403881846,0.04825930372148859,0.38372157012122066,0.8383500885956149,0.7392794043763775,0.796,50,0.14607448749409188,0.8918143948633669,0.049725521940130094,0.9089398410896709,0.041464859954470266
Asyn_isoform_5,sparrow_scaled_rg,0.2583233210116733,0.1573327217221437,0.2690627202255109,0.034242514767525024,0.029214792234938086,0.07737735254840675,0.098,44,0.15555116783607326,0.25110198923773286,0.6001498467791182,0.29875151515151516,0.5246898834654841
Asyn_isoform_5,sparrow_scaled_re,0.00798786742999124,0.12118794204081258,0.010230352303523035,0.00012092493701929185,0.004418596529544407,0.9277751145726856,0.908,81,0.14659945883054104,0.9720548053269049,0.012309248468723553,0.9584973767051417,0.018409071397332697
Asyn_isoform_5,sparrow_prefactor,0.23436456444665607,0.10031534514809426,0.23172479694218828,0.01537791025865599,0.017882883824217547,0.02709605390316288,0.024,91,0.15222992651690856,0.12446863117160666,0.9049400865250106,0.11388679245283019,0.9435266384972368
Asyn_isoform_5,sparrow_scaling_exponent,-0.1077316932743627,0.11541420804126767,-0.11011883064810088,-0.4683324194834056,0.5687592282437619,0.30993616468212887,0.336,87,0.15294916058120336,0.5772493117605005,0.238636576208612,0.611240506329114,0.21378787319494558
Asyn_isoform_5,sparrow_asphericity,-0.24613935789981983,0.12242764392910205,-0.24759419684792827,-0.9809496616028963,2.248641368204133,0.04503162986055285,0.042,66,0.14822640219702776,0.1735701901904834,0.7605248606540058,0.16569411764705883,0.7806929093161461
Asyn_isoform_5,mpipi_epsilon_self,0.1177603831131591,0.10742553226325656,0.12534474205026166,0.01221947985351737,0.009799049613524978,0.2048594267030033,0.272,104,0.1535460238898106,0.44801865926787243,0.3487038979475712,0.5323579766536966,0.2737962342411684
Asyn_isoform_5,calvados_epsilon_self,0.12995816322110446,0.09043116728049766,0.13002829376403133,0.006001053912019773,0.003315339775349864,0.1641662930674752,0.15,116,0.141537559924354,0.4008526476356312,0.39701524353784823,0.37630922693266833,0.42445513284459246
Asyn_isoform_5,avg_helix_prob,-0.15586387660516834,0.09596033891449074,-0.15451691946295135,-0.45583234691462565,0.5676015147020811,0.10069747507375931,0.114,114,0.14549975818907668,0.3005983974011925,0.5220133391239414,0.32396610169491524,0.4895004299694066
Asyn_isoform_5,avg_beta_prob,-0.21347452850285437,0.09688025801987003,-0.2193164097451236,-2.5984138064167803,3.195042321895338,0.017025697820080826,0.02,118,0.14687639896475074,0.08920756253646517,1.049598326917189,0.10009950248756219,0.9995680810365991
Asyn_isoform_5,avg_coil_prob,0.0884238918400396,0.311626698775476,0.08214285714285713,0.14963691028303983,1.6361041127776936,0.7710285652881772,0.768,15,0.1645946823261917,0.9029740822816138,0.04432471489536941,0.9036350877192982,0.044006913976752056
Asyn_isoform_5,avg_mito_targeting,0.029662398669536676,0.08651904351688958,0.03218898856055311,-0.003579633265793843,0.1635117221882908,0.730449094499618,0.732,117,0.14845499973904036,0.8871039396772885,0.052025492024304926,0.8840240096038415,0.053535939628487135
Asyn_isoform_5,avg_nes,0.03605342632219535,0.09600783016103016,0.038722659859250094,0.7727805110774546,1.9144949455191964,0.6771801009157759,0.726,118,0.14441242811423863,0.8579999715210992,0.06651272656648066,0.8810084439083232,0.055019929130271275
Asyn_isoform_5,avg_nis,0.261512170701335,0.0840744904029882,0.26084450309049234,1.5754312103317334,0.5979872734165798,0.004008531887784684,0.002,120,0.1452863790141725,0.030728154798500332,1.512463518002306,0.019346153846153846,1.7134053629148907
A0A4D6M434,nardini_Frac A_raw,0.409837621357173,0.0750589567386048,0.41072589786406816,0.9249850395945274,0.1693702848554831,1.3339167200391174e-06,0.001,129,0.1291141391277466,5.5913342514973007e-05,4.2524845447218675,0.011054945054945055,1.956443411601185
A0A4D6M434,nardini_Frac C_raw,0.009280907269744782,0.21665200908137175,0.014663625637423312,0.10333173027291014,0.9797902785554824,0.945781426106084,0.946,24,0.1675953697096901,0.978864315496626,0.009277503411334431,0.9770800821355236,0.0100698397569142
A0A4D6M434,nardini_Frac D_raw,0.07393125808621025,0.07859538615909648,0.0807591347917556,-0.31199562145640153,0.6936600519110799,0.33764433186591425,0.344,143,0.13770255404324835,0.6054727234529586,0.21790541704726066,0.6168698752228164,0.20980643796472268
A0A4D6M434,nardini_Frac E_raw,0.14041685981680546,0.07979635558419748,0.13629079817043832,0.659226515597671,0.37109466212414977,0.09859427143030994,0.09,148,0.13793863236719192,0.29607712554893073,0.5285951442203537,0.2829375,0.5483094881606725
A0A4D6M434,nardini_Frac F_raw,0.028662365491909057,0.2108526153041437,0.02400887010018041,-0.6881376190769284,5.543069401331452,0.903478742195735,0.876,28,0.17565382842210336,0.9607818336669233,0.017375217108895506,0.9434632493456022,0.025275012210510792
A0A4D6M434,nardini_Frac G_raw,-0.29835088471674587,0.10903595134940229,-0.2995502301776591,-2.219093211744619,0.9435970223524739,0.011761219571618098,0.008,70,0.12920793803584488,0.06684625361043958,1.1749229276975215,0.05126114649681529,1.2902116846973815
A0A4D6M434,nardini_Frac H_raw,-0.4277024684914229,0.1313279695737463,-0.4380507911042403,-4.561580810656956,1.8163820129533006,0.000369760824257804,0.006,62,0.1363790191514103,0.004838815500512812,2.3152609368161055,0.040783783783783785,1.389512484291405
A0A4D6M434,nardini_Frac I_raw,0.016985435644033733,0.0848335759925582,0.01105564496784558,0.5097730748192386,0.9681279837733914,0.9002633236932194,0.844,131,0.1363586690408293,0.9593724508400886,0.018012756810202316,0.9259149400218102,0.033428908324457475
A0A4D6M434,nardini_Frac K_raw,0.06716178278259287,0.09266598003768804,0.0744353782757391,0.038446633837734535,0.3204934359932794,0.3873347281107664,0.478,137,0.12833799002448448,0.6408860797359063,0.19321916133766384,0.7175037147102525,0.14417584612848108
A0A4D6M434,nardini_Frac L_raw,-0.005033395710332016,0.09274613929323128,-2.301611569780445e-05,1.3294569367175972,1.5160279120088456,0.9998017847559191,0.968,119,0.1296925037970489,1.0,-0.0,0.9876348884381339,0.005403576912908962
A0A4D6M434,nardini_Frac M_raw,0.008180775648204769,0.07535604236298377,0.008426883281816398,0.38309326436782304,0.9402869062434408,0.9116158693984434,0.902,176,0.12060878495212751,0.9653532259103517,0.015313747801510718,0.9581964097148892,0.018545460741423072
A0A4D6M434,nardini_Frac N_raw,-0.12642276589061605,0.08663604717886457,-0.12709719438338984,-0.3963293676708265,0.38188000600717603,0.14800185185149853,0.144,131,0.1291060335740817,0.374475018027294,0.4265771496461761,0.36955102040816323,0.43232559420529904
A0A4D6M434,nardini_Frac P_raw,-0.5242921965351884,0.09435905805694811,-0.5357745083467893,-4.2435251554641455,0.9149591116050191,3.5555664349155603e-06,0.001,66,0.13469777797425284,0.00011538386559758237,3.9378549153728737,0.011054945054945055,1.956443411601185
A0A4D6M434,nardini_Frac Q_raw,-0.15755570394539545,0.08508106640990355,-0.15579556518103208,-0.5308035312209343,0.4185752455584256,0.06703855540920445,0.064,139,0.13163418116704523,0.22939043109408053,0.6394247024317625,0.22201379310344826,0.6536200431951603
A0A4D6M434,nardini_Frac R_raw,-0.11052268036730925,0.09147730757540502,-0.11166236622355136,0.4879906930450795,0.6166892606835218,0.1939213503976493,0.23,137,0.12772998400943245,0.43670581537791486,0.35981102477267735,0.4954603854389722,0.3049910638286107
A0A4D6M434,nardini_Frac S_raw,-0.1752375844295626,0.09207771406727566,-0.17348215157420352,-1.5217323720386557,0.6031758130406528,0.06490790178247015,0.062,114,0.12473525201946725,0.22362105888070197,0.6504873004053255,0.2203957597173145,0.6567967653061277
A0A4D6M434,nardini_Frac T_raw,-0.35860457441626103,0.09908929851673763,-0.36091598679828696,-1.8976859917954796,0.861842485916006,0.0001442679419613897,0.001,106,0.1288663790803393,0.0022677117127055946,2.6444121568069416,0.011054945054945055,1.956443411601185
A0A4D6M434,nardini_Frac V_raw,0.15499269676782337,0.09257966354885855,0.15447456327534853,0.5606638875143549,1.1184575731708852,0.08415436119328647,0.086,126,0.1288745425459093,0.2687596424141149,0.5706359454126346,0.27378481012658223,0.5625906506549275
A0A4D6M434,nardini_Frac W_raw,-0.2531478591047885,0.24325132930092283,-0.25683795657200736,-5.310411842728163,3.896015187435831,0.28847922249120667,0.324,19,0.12868330523888838,0.5542570915217437,0.25628874153497355,0.6002651933701658,0.22165683866232616
A0A4D6M434,nardini_Frac Y_raw,-0.5280137747258279,0.21378851227171605,-0.5486726407127174,-28.047146596508608,11.179398267462902,0.034174813466736044,0.030425963488843813,15,0.14444870756316316,0.14506271032715806,0.8384442125137828,0.13543592597246404,0.8682661186490411
A0A4D6M434,nardini_Frac K+R_raw,0.056781436816347876,0.12912972332697717,0.06228558574631442,0.4978786275278605,0.5111847016811155,0.6305707231491009,0.638,62,0.13814750455866018,0.8324857578582618,0.07962318765524719,0.8372431729518856,0.07714838509763529
A0A4D6M434,nardini_Frac D+E_raw,0.1895347139419959,0.12532691580841612,0.18573722012960384,0.31832862783136034,0.353150135514557,0.14171571316813866,0.124,64,0.13435195337647143,0.3627633777281107,0.44037656299395805,0.337145945945946,0.47218205818485126
A0A4D6M434,nardini_Frac Polar_raw,-0.4142006419752908,0.0925265332381469,-0.4191994273886309,-0.6114586875530711,0.19976715024524658,1.7372194569206936e-05,0.001,98,0.12433098533647266,0.00044811353170826095,3.348611941475269,0.011054945054945055,1.956443411601185
A0A4D6M434,nardini_Frac Aliphatic_raw,0.6700066404958536,0.09689110172656248,0.6808871219948155,1.4176520612031631,0.22666830201676333,1.3902256644750188e-07,0.001,47,0.14602490491276585,8.741043865386682e-06,5.0584367003282145,0.011054945054945055,1.956443411601185
A0A4D6M434,nardini_Frac Aromatic_raw,-0.21515505431948231,0.18728782811196748,-0.20850804174309057,-2.0928984712979277,2.0206312478119743,0.23665634627197366,0.252,34,0.17065048847322525,0.4878612384213228,0.31170368610674837,0.516210101010101,0.28717350159372207
A0A4D6M434,nardini_R/K Ratio_raw,-0.014188063278643102,0.06569565272416868,-0.014400757127405309,0.03904792801105624,0.041025412306387,0.8211170858356367,0.806,249,0.12060422728078869,0.9279362648642822,0.03248185219527103,0.9120764904386952,0.03996873844521444
A0A4D6M434,nardini_E/D Ratio_raw,0.06003333312181047,0.08030829599220503,0.059571486290806226,0.12237997991003619,0.09395259722305242,0.47972361402333985,0.446,143,0.13905858535584995,0.7160266405155488,0.1450708190138463,0.6967018633540373,0.15695302792776164
A0A4D6M434,nardini_Frac Chain Expanding_raw,-0.10533493620494139,0.13751104667523936,-0.10380658818947548,-0.12003174881455825,0.2042282359370738,0.45947912797197565,0.46,53,0.12063174670308736,0.701420337996673,0.15402164570904567,0.7054268292682927,0.1515480269741776
A0A4D6M434,nardini_FCR_raw,0.14179173695469222,0.14337856453364425,0.1453556361525786,0.09864560891834,0.24867554090354033,0.3407374579723892,0.324,45,0.12619741867169096,0.6079722826020022,0.2161162197196886,0.6002651933701658,0.22165683866232616
A0A4D6M434,nardini_NCPR_raw,-0.13281487246453366,0.15085804873421696,-0.13635675768057776,0.06747479070592419,0.38672119790944287,0.34505677054889905,0.4,50,0.14566017823872113,0.6090064911009021,0.2153780784110002,0.6651239669421488,0.17709740260459786
A0A4D6M434,nardini_Hydrophobicity_raw,0.4142128593898669,0.1913948416767784,0.4260869565217391,0.5969701787051579,0.20608260872978737,0.037884304812371185,0.052,24,0.1506053666428592,0.15619512557887463,0.8063325233859191,0.1923235294117647,0.715967579679491
A0A4D6M434,nardini_Disorder Promoting_raw,0.29476288815447754,0.08196133479771048,0.296169534702056,0.49222214446707435,0.18912109530183951,0.0013099558221459195,0.002,115,0.13162741722552643,0.013585727392564898,1.8669171040903965,0.019346153846153846,1.7134053629148907
A0A4D6M434,nardini_Iso point_raw,-0.037508090246271504,0.13605821751047448,-0.047079398496489074,0.007649176979667477,0.016943730576140948,0.7378090752997843,0.796,53,0.15197191406035426,0.8918143948633669,0.049725521940130094,0.9089398410896709,0.041464859954470266
A0A4D6M434,nardini_PPII_raw,0.04749504625357172,0.20912081763255957,0.05051741685715441,-1.7139082686958862,2.6627282321818546,0.79092686304326,0.81,30,0.10118041453559239,0.9111818190031687,0.040394954408952875,0.9145454545454546,0.038794704438316445
A0A4D6M434,nardini_A Patch_raw,0.021629009693268947,0.07782293751295323,0.02019380403578781,0.0024664808927609963,0.16214423917701765,0.808834408563161,0.764,146,0.11690891673198506,0.9225480895856463,0.035010986147398136,0.9036350877192982,0.044006913976752056
A0A4D6M434,nardini_D Patch_raw,-0.42318358474366613,0.1691346435921607,-0.4200840252084029,-29.811246736471986,43.856392891320475,0.09318360508371684,0.004530011325028313,17,0.14273102376345934,0.28991532136754,0.5377288325596258,0.03616818565855939,1.4416732766472604
A0A4D6M434,nardini_E Patch_raw,0.18866653630463265,0.06803162452297348,0.18990597844436136,0.5295589574029587,0.26757934125161564,0.009046519483256278,0.004,188,0.12581044964068258,0.05385087929086281,1.2688072010372708,0.032192,1.4922520409601854
A0A4D6M434,nardini_K Patch_raw,-0.011452253874581951,0.16857762426714543,-0.018745739842068104,-0.19182771361392315,0.7881384103286692,0.9050280134357125,0.93,43,0.109737578551052,0.9614130744628583,0.017089976103290667,0.970592132505176,0.012963233341603401
A0A4D6M434,nardini_N Patch_raw,-0.5967248201652583,0.43867401092279273,-0.6377481392176932,-3.4785340916120235,3.8241061004367882,0.17307111024125976,0.12224448897795591,6,0.1092696740718076,0.4128622952902443,0.3841947773216847,0.33508979812486006,0.4748387941448036
A0A4D6M434,nardini_Q Patch_raw,-0.7138500838693249,0.28856903012023094,-0.7714285714285715,-3.026633066221261,2.5737516098282414,0.07239650145772594,0.02,6,0.1077084467260354,0.24276960155490768,0.6148056944644299,0.10009950248756219,0.9995680810365991
A0A4D6M434,nardini_R Patch_raw,-0.08890031394709755,0.27214402607027827,-0.08288624656799143,-1.0388195787906738,2.1025650554614024,0.7690080344725461,0.768,15,0.18982215602684122,0.9029740822816138,0.04432471489536941,0.9036350877192982,0.044006913976752056
A0A4D6M434,nardini_Frac A_zscore,0.3257591503488768,0.07413643583303939,0.3262267407651161,0.03571157979716212,0.00701752529772633,6.217367543903165e-05,0.001,145,0.12679576552562674,0.0012509343498333168,2.902765481875939,0.011054945054945055,1.956443411601185
A0A4D6M434,nardini_Frac D_zscore,-0.12251553419507105,0.0622944216616742,-0.12318190627704174,-0.05522445774499977,0.026563802774027593,0.05828439795438771,0.042,237,0.11986719577062115,0.20866229303243428,0.680556024377217,0.16569411764705883,0.7806929093161461
A0A4D6M434,nardini_Frac E_zscore,0.17826815947116245,0.07890519797967913,0.18157803987652715,0.056270563769341087,0.027378445614793204,0.030569004105257504,0.026,142,0.13663231835742257,0.13547320762065662,0.8681465862141339,0.11943378995433789,0.9228727861493918
A0A4D6M434,nardini_Frac G_zscore,-0.08201867261064354,0.06864270004636215,-0.08304738772091097,-0.1496305156789201,0.052336488879459284,0.21157188094089813,0.232,228,0.12498906012859237,0.45455829057441643,0.3424104168389634,0.49870085470085473,0.30215988746331574
A0A4D6M434,nardini_Frac H_zscore,-0.03308054840521327,0.07979531548249753,-0.0341299500231491,-0.20573735575478558,0.06719767013288985,0.6296582260823144,0.668,202,0.12018828490218492,0.8323734237040844,0.07968179453792273,0.8560611464968153,0.06749521354979827
A0A4D6M434,nardini_Frac I_zscore,0.1842341281990959,0.1413920367852604,0.19353326409672708,0.018568211767090316,0.03295662013090738,0.13844280233290082,0.208,60,0.15176401760515654,0.36191086408437306,0.44139837975149615,0.4681163310961968,0.32964620744926637
A0A4D6M434,nardini_Frac K_zscore,0.14598875114658028,0.09628757260846668,0.14756322964316748,0.01928111530024202,0.023622666941135132,0.09385284187695762,0.15,130,0.12993969940284059,0.29014971464147754,0.5373778522222928,0.37630922693266833,0.42445513284459246
A0A4D6M434,nardini_Frac L_zscore,0.22023661943940892,0.07389014595651246,0.22128844340146964,0.10477230829363751,0.05847822032037766,0.002212931676961056,0.006,189,0.12269483730860534,0.020761107986810193,1.6827494726098406,0.040783783783783785,1.389512484291405
A0A4D6M434,nardini_Frac M_zscore,0.008802213347092658,0.07591362973739342,0.008426883281816398,0.007689355273262407,0.018753355152350583,0.9116158693984434,0.9,176,0.12060878495212751,0.9653532259103517,0.015313747801510718,0.9570824524312896,0.019050646242559293
A0A4D6M434,nardini_Frac N_zscore,-0.022887672690134843,0.07864409094729805,-0.02244195570129841,-0.050131045086298946,0.027361227289036526,0.7681552727998112,0.764,175,0.11867264610340998,0.9029740822816138,0.04432471489536941,0.9036350877192982,0.044006913976752056
A0A4D6M434,nardini_Frac Q_zscore,0.05310984669486658,0.07992647404990165,0.052891117885596334,-0.05043013430481438,0.030904329343073193,0.4972357636380933,0.528,167,0.12115872096901317,0.737786398554457,0.1320693554621489,0.7638572513287776,0.11698779424187519
A0A4D6M434,nardini_Frac R_zscore,0.07658408358643302,0.11752273570178762,0.08324613672099097,0.06447256252005375,0.041942364793694446,0.4515464289411605,0.486,84,0.1381631394262864,0.6924629687725723,0.1596034466501529,0.7221802067946824,0.14135441870294235
A0A4D6M434,nardini_Frac S_zscore,-0.05379928841284202,0.06747766063578695,-0.05488002318139945,-0.10385964585474247,0.03771919784646903,0.4105611217261522,0.432,227,0.12166152806527451,0.6597835278857974,0.18059853122414377,0.6843322884012539,0.16473296848874303
A0A4D6M434,nardini_Frac T_zscore,-0.10608663084590812,0.07702488179736111,-0.10517919029560392,-0.1336115719687058,0.06521858101193723,0.14028642517759168,0.162,198,0.12550603150863013,0.36191086408437306,0.44139837975149615,0.3936521739130435,0.40488734585835934
A0A4D6M434,nardini_Frac V_zscore,0.13383999315707631,0.10320576328648223,0.13695880680120764,0.009262227909466276,0.032193169133939804,0.15174920586919685,0.194,111,0.12491213265301036,0.37693753359114085,0.4237306154824113,0.4445649202733485,0.35206480959198677
A0A4D6M434,nardini_Frac K+R_zscore,0.11514067180633393,0.1392848336472121,0.11366472045082192,0.06866988215203329,0.053633106672765336,0.3913467101724395,0.408,59,0.14232529851706943,0.6443449925261442,0.19088154221626782,0.6717536466774716,0.17278996728019852
A0A4D6M434,nardini_Frac D+E_zscore,0.2019671311150194,0.06717330531000146,0.2031961311940192,0.060542674148200276,0.051136342310837093,0.0031695123497814726,0.002,209,0.1246238283699439,0.02550823539104129,1.5933195839790184,0.019346153846153846,1.7134053629148907
A0A4D6M434,nardini_Frac Polar_zscore,-0.16470660266396445,0.0626886667534665,-0.16689513750028165,-0.09013693368764004,0.02413429099401625,0.008318952480552408,0.02,249,0.12060422728078869,0.05072040118445892,1.294817319962529,0.10009950248756219,0.9995680810365991
A0A4D6M434,nardini_Frac Aliphatic_zscore,0.6674607104334424,0.08602922800255083,0.6805273435458532,0.06093974013073309,0.010922317100733919,1.166284308055707e-09,0.001,62,0.12952718933850507,1.1732820139040412e-07,6.93059758689413,0.011054945054945055,1.956443411601185
A0A4D6M434,nardini_R/K Ratio_zscore,0.000329447359124763,0.06945857870483456,-0.002162868254688877,0.017087240481185654,0.01568478905115222,0.973465762060898,0.98,239,0.12075600362772829,0.9922052245524451,0.003398490474270338,0.9898393574297188,0.004435282011295295
A0A4D6M434,nardini_E/D Ratio_zscore,0.08232298291268049,0.09087277043634774,0.07956301008605807,0.038186824137474824,0.02884748844723651,0.40008270919543165,0.376,114,0.1356459096081704,0.6512673227356056,0.1862407119558639,0.6454880546075086,0.19011179037052098
A0A4D6M434,nardini_Frac Chain Expanding_zscore,-0.03256470840310723,0.06630565083573117,-0.037046243864600356,0.011761597542024084,0.030021978305425873,0.5916845228842205,0.626,212,0.127857200612522,0.8149857611951358,0.0888499788531531,0.8352201591511936,0.07819903193943578
A0A4D6M434,nardini_FCR_zscore,0.25264540772595295,0.1385951580600019,0.2668692071580301,0.05478644572979711,0.03197138684404795,0.08755189370282618,0.082,42,0.1261022708941907,0.27697234297183376,0.5575635951752317,0.2669644012944984,0.5735466463212093
A0A4D6M434,nardini_NCPR_zscore,-0.13776674020052054,0.16118841180173651,-0.13942371615953475,0.007709980538727521,0.05091185014992739,0.3610132220497948,0.386,45,0.14679905623364292,0.6269884252027165,0.20274047658075003,0.6526319327731093,0.185331680336886
A0A4D6M434,nardini_Hydrophobicity_zscore,0.21937802365496833,0.08144569243822727,0.22160795700325803,0.11186371651726469,0.03322697034912351,0.0057429816996038465,0.006,154,0.11535914467159049,0.03903675398514507,1.4085263023001557,0.040783783783783785,1.389512484291405
A0A4D6M434,nardini_Disorder Promoting_zscore,0.10549055101541768,0.062151722456809534,0.10634794378094531,0.01979237080604301,0.013056959036425371,0.11408679966386252,0.096,222,0.12679828424070755,0.31746163965022794,0.49830874500105343,0.2944390243902439,0.5310046299522021
A0A4D6M434,nardini_Iso point_zscore,-0.033222245588845276,0.09937671467293337,-0.03318144642254447,0.017006702901164027,0.05420329066907099,0.7133549348806516,0.724,125,0.12920217695837796,0.8800169356056523,0.05550896993016149,0.8810084439083232,0.055019929130271275
A0A4D6M434,nardini_PPII_zscore,-0.10231763969505923,0.08363945834566552,-0.10323660149780571,-0.07638122612880857,0.045785445805674486,0.18834895897604081,0.238,164,0.13258460571436315,0.42942406854915305,0.36711361768936845,0.5050602248338012,0.2966568322704197
A0A4D6M434,nardini_E Patch_zscore,0.2714875631384122,0.1448239744290099,0.28391179949141226,0.03785511376962335,0.034516012098539765,0.05585774871819917,0.082,46,0.0923558561310036,0.2050835591624393,0.6880691541183425,0.2669644012944984,0.5735466463212093
A0A4D6M434,cider_kappa,-0.16435639843327732,0.08404065161523694,-0.1661758660733846,-0.11369033038609544,0.09690180591863401,0.050570263605570924,0.064,139,0.11782859859939648,0.18912150627213514,0.7232590818147467,0.22201379310344826,0.6536200431951603
A0A4D6M434,cider_omega,0.12943192077592197,0.07414259153272773,0.13192674345487806,-0.053271685221963766,0.07897231167805574,0.08922491915015392,0.092,167,0.11744483207473724,0.28138015255503085,0.5507065392389432,0.2847753846153846,0.5454975529134105
A0A4D6M434,cider_delta,-0.07073288154590236,0.08401158551253383,-0.073972184327892,-0.43207958200335317,0.39606198009716076,0.3782432419181009,0.388,144,0.12261760407245828,0.6378197683198755,0.19530202454242793,0.6549127516778523,0.1838165534261206
A0A4D6M434,cider_mean_net_charge,0.25915150767660977,0.13499909716384392,0.27251307062685315,1.0303844859330547,0.4668466583322549,0.058175435516539586,0.064,49,0.14737192579055938,0.20866229303243428,0.680556024377217,0.22201379310344826,0.6536200431951603
A0A4D6M434,cider_fraction_neutral,-0.03669497509490784,0.1582512325866142,-0.04408135463742151,-0.02651810273944049,0.25644445034000546,0.7843440393496648,0.822,41,0.12622881489431526,0.9090438981402796,0.04141514399501838,0.9188133333333333,0.03677271117936592
A0A4D6M434,sparrow_SCD,0.10964878799999478,0.06500671864610588,0.11044191532656507,0.011442525187072184,0.0053990065391306494,0.0819820850357491,0.12,249,0.12060422728078869,0.26349513592959617,0.5792273973714857,0.33348066298342544,0.4769293437656323
A0A4D6M434,sparrow_SHD,-0.1823038926260768,0.19386759500222442,-0.19794288215340847,-0.1928014921552664,0.21573416913482388,0.23354678532752537,0.356,38,0.10803750389933289,0.4854298885113441,0.3138734871389608,0.6283087719298245,0.2018268769797077
A0A4D6M434,sparrow_complexity,-0.2946945240126253,0.09004848919665263,-0.30373646388724185,-0.7283461052685759,0.21656122108647002,0.0012562568896535896,0.002,110,0.11877176662693514,0.013303099273594854,1.8760471680090864,0.019346153846153846,1.7134053629148907
A0A4D6M434,sparrow_scaled_rg,0.2384653297745744,0.15836902041632336,0.24433497536945803,0.03746208826328879,0.020835331852530864,0.20147109367017868,0.126,29,0.14117438713308675,0.44389646710322184,0.3527183114370834,0.339828418230563,0.46874030597121613
A0A4D6M434,sparrow_scaled_re,0.2542373342428695,0.13429886557758228,0.2582345191040843,0.007848301922041757,0.004828556558343977,0.0867626452634897,0.062,45,0.13735738347273949,0.27534139159328275,0.5601284969636215,0.2203957597173145,0.6567967653061277
A0A4D6M434,sparrow_prefactor,-0.0010639169816460004,0.1553132310591518,0.000510204081632653,0.0031346085545546284,0.007537625195392988,0.9972239826994052,0.992,49,0.12100865410102651,1.0,-0.0,0.9959600798403194,0.0017580686571396374
A0A4D6M434,sparrow_scaling_exponent,0.1443783453920365,0.16044069101706254,0.14950166112956811,-0.006524978707110446,0.21879923543089363,0.34467561514977674,0.39,42,0.10715068899804268,0.6090064911009021,0.2153780784110002,0.6560869565217391,0.18303859624200305
A0A4D6M434,sparrow_asphericity,0.3429310178240405,0.14807765859460373,0.34835102503848964,2.060778318641962,0.8277928251048385,0.023773281793031637,0.034,42,0.1186933690622118,0.11334559944924089,0.9455953363403811,0.14554893617021278,0.8369909645095726
A0A4D6M434,mpipi_epsilon_self,0.20794031154976836,0.06618449019180143,0.20731826201420128,0.013884247793219161,0.005140315439946425,0.0019937383392852064,0.008,220,0.12171040383746849,0.019472823003115706,1.7105710836210728,0.05126114649681529,1.2902116846973815
A0A4D6M434,calvados_epsilon_self,0.13352184116046314,0.06105712105845869,0.13158759109468504,0.0028533453077058896,0.001795631316481817,0.042542477192374924,0.024,238,0.12111650301796432,0.16652814029388785,0.7785123679131213,0.11388679245283019,0.9435266384972368
A0A4D6M434,avg_helix_prob,0.1763486883457245,0.07460628550252735,0.17940825288891588,0.3026872044700364,0.09133247661070767,0.015665802121009206,0.014,181,0.12232074003746732,0.0838287070943365,1.0766072319937985,0.07868156424581006,1.1041270145817466
A0A4D6M434,avg_beta_prob,-0.17759647797765532,0.061242245725230106,-0.18046900808217184,-2.9729704553949348,1.0843094792234205,0.0064019374846851565,0.002,227,0.11965109938412914,0.042093785030021355,1.375782021181303,0.019346153846153846,1.7134053629148907
A0A4D6M434,avg_coil_prob,-0.2351473506725576,0.06391301875742145,-0.23618708991786638,-0.29796539147347223,0.06933528212114783,0.0003018587245331314,0.001,230,0.11887151802731774,0.004217637178893475,2.374930783055944,0.011054945054945055,1.956443411601185
A0A4D6M434,avg_mito_targeting,-0.15303158074935583,0.2350450744780365,-0.1605243050644088,-0.5950363851172631,0.6862957412865272,0.4536741718384091,0.514,24,0.12173675927363474,0.6946669967571378,0.1582233337249451,0.752669577874818,0.12339563734436612
A0A4D6M434,avg_nes,0.10449688746780794,0.07061978714703351,0.10463971117483749,-0.06351992954348341,0.7775466077522897,0.12261114946129253,0.122,219,0.1225240497002957,0.33247120312145634,0.47824596499861327,0.33508979812486006,0.4748387941448036
A0A4D6M434,avg_nis,0.005451224148948032,0.06308137522690851,0.007434156843000745,0.062290983855892365,0.2633329349241721,0.9087861483900793,0.974,240,0.12213134979084375,0.9643869886924259,0.015748657665385375,0.9898068410462777,0.004449548889803266
A0A1U8F7A1,nardini_Frac A_raw,0.3423633318261762,0.09427746159964756,0.34366103700913897,1.12901961795163,0.4162341821232571,0.00037927131356435523,0.001,103,0.10022663151978184,0.004846186398271706,2.3145998856619876,0.011054945054945055,1.956443411601185
A0A1U8F7A1,nardini_Frac C_raw,0.027077915353148532,0.037886186458228485,0.020855975806414708,-0.5812512435873275,2.8355730354887765,0.8787387562383635,0.4507512520868113,56,0.08335365675962973,0.9464787888391796,0.023889114392546103,0.7006348228043144,0.15450828126907845
A0A1U8F7A1,nardini_Frac D_raw,-0.1991250685798834,0.09068410935542547,-0.19391571445927858,-1.3338088194548754,0.7234833783965985,0.03162536454099041,0.026,123,0.11499350197367778,0.13903409361404237,0.8568786900130265,0.11943378995433789,0.9228727861493918
A0A1U8F7A1,nardini_Frac E_raw,-0.08730743773823554,0.09338295404570915,-0.08623872446218406,-0.8367543495107793,0.549513689512064,0.34290727796142917,0.356,123,0.11524977507285733,0.6090064911009021,0.2153780784110002,0.6283087719298245,0.2018268769797077
A0A1U8F7A1,nardini_Frac G_raw,-0.10597188242410949,0.14609667785309668,-0.10389569596755777,-0.7484099287316424,1.478310115259038,0.47744291511439785,0.468,49,0.08413174145760975,0.7147434116147087,0.14584983920546027,0.711190332326284,0.14801415564566728
A0A1U8F7A1,nardini_Frac I_raw,-0.23554286231915506,0.09637640791375487,-0.2434257819786883,-1.3648349673397513,1.1910986297138653,0.010389896832245256,0.014,110,0.1051051168722868,0.06093324344768258,1.215145703970716,0.07868156424581006,1.1041270145817466
A0A1U8F7A1,nardini_Frac K_raw,0.11145877809387975,0.09253420302539439,0.11323956023028237,-0.009196718641926971,0.5352295058350817,0.21236818744530392,0.216,123,0.10777160711399494,0.45455829057441643,0.3424104168389634,0.47862555066079293,0.32000412098626446
A0A1U8F7A1,nardini_Frac L_raw,-0.21739412155344537,0.09315441944010062,-0.21909020724619171,-2.5370002779089336,1.040165209727254,0.022086250082395426,0.026,109,0.10818671519704542,0.10785809506257184,0.9671472542788883,0.11943378995433789,0.9228727861493918
A0A1U8F7A1,nardini_Frac M_raw,-0.1288381717267976,0.07818744556755618,-0.1284211545337396,-1.5064270048718655,0.7520364460300114,0.09512307097629695,0.114,170,0.10308188172819867,0.29014971464147754,0.5373778522222928,0.32396610169491524,0.4895004299694066
A0A1U8F7A1,nardini_Frac N_raw,-0.07587728736792783,0.10056132143036135,-0.07508760229393423,0.776465100811264,0.6128733267796528,0.4251287181542076,0.452,115,0.10799457059973737,0.6699044011790163,0.17398716894500682,0.7006348228043144,0.15450828126907845
A0A1U8F7A1,nardini_Frac P_raw,0.28235378946616124,0.13198606600795695,0.2778989202194849,3.8791936802198417,1.7943942151588685,0.061490478080358436,0.04,46,0.08383895473931635,0.21629168163930274,0.6649601827690327,0.16096,0.7932820366241666
A0A1U8F7A1,nardini_Frac Q_raw,-0.0950733484611604,0.0907880980753814,-0.09922865987992192,0.36059748738125835,0.6061786807944982,0.28924947619176483,0.308,116,0.11187329496396131,0.5542570915217437,0.25628874153497355,0.5802397003745319,0.23639255980820353
A0A1U8F7A1,nardini_Frac R_raw,-0.2771074295091239,0.08745395057055239,-0.2805738696383356,-0.5398095570621384,1.0231537661485988,0.0017465020699078393,0.001,122,0.1105200324836236,0.01774728365987158,1.7508681091893923,0.011054945054945055,1.956443411601185
A0A1U8F7A1,nardini_Frac S_raw,0.00684158221286197,0.09777004647545054,0.010832345886323324,-0.27530901548889486,0.4901038604186263,0.9165760712276843,0.948,96,0.11002834785966105,0.9675164310687541,0.014341650741198168,0.9781415384615384,0.009598297640561998
A0A1U8F7A1,nardini_Frac T_raw,-0.23652479747833483,0.09106021170333253,-0.23742053912978472,-1.788069484406851,0.647315875530467,0.01796967396015915,0.008,99,0.10944684717067352,0.09223210206081686,1.035117893248702,0.05126114649681529,1.2902116846973815
A0A1U8F7A1,nardini_Frac V_raw,-0.08206422092793259,0.08967383346786396,-0.08376223545786288,-1.3916219430382564,1.1608643399125675,0.3843002059181916,0.38,110,0.10832621377888367,0.6379637081744236,0.1952040262755226,0.6479322033898305,0.18847043430542545
A0A1U8F7A1,nardini_Frac K+R_raw,-0.043017258670011715,0.16085708036049948,-0.03746576634012017,-0.1665928011296491,0.38874281564355617,0.8114749603607198,0.78,43,0.11851270249529618,0.9242756976660639,0.03419846588396346,0.907372549019608,0.04221436369645365
A0A1U8F7A1,nardini_Frac D+E_raw,-0.29623018742425744,0.14643463378026153,-0.30509561797669965,-0.6843331702594132,0.3846885767205454,0.04155751005217587,0.048,45,0.11910644230408797,0.16394845142152517,0.7852926811127169,0.17950929368029742,0.7459130619069121
A0A1U8F7A1,nardini_Frac Polar_raw,-0.04702886835324619,0.12955443806565567,-0.04785947591476439,0.07313181098845417,0.2848575451287492,0.704995575324797,0.714,65,0.10016371346236415,0.8755870972552416,0.05770064686671135,0.877025641025641,0.05698770926433552
A0A1U8F7A1,nardini_Frac Aliphatic_raw,0.6096988649150779,0.14765409567877386,0.6290954366171586,5.981859798877002,1.4970490840864619,0.0022494639866424563,0.001,21,0.0795327335396933,0.020761107986810193,1.6827494726098406,0.011054945054945055,1.956443411601185
A0A1U8F7A1,nardini_Frac Aromatic_raw,-0.0012305060992264005,0.23950511008185743,0.0,3.717954148113976,11.138346470517464,1.0,0.7840735068912711,9,0.08118615587916153,1.0,-0.0,0.9076846351353495,0.042065016028001036
A0A1U8F7A1,nardini_R/K Ratio_raw,-0.1984411073158173,0.0651945916551579,-0.19837153047239695,-0.06709335850866875,0.07449003129792701,0.0018880495403343213,0.01,243,0.10226405392622621,0.01880572116412205,1.7257100075437142,0.05988095238095238,1.2227113010059543
A0A1U8F7A1,nardini_E/D Ratio_raw,0.02713079799018176,0.08986730801320304,0.02850427151288042,0.009469870553062162,0.10499071576271929,0.7552972720849385,0.754,122,0.11511709172790466,0.8973063051870909,0.04705928054018162,0.9008598574821852,0.04534276490996688
A0A1U8F7A1,nardini_Frac Chain Expanding_raw,-0.189274919033381,0.16122874091627265,-0.19494609958736386,-0.1931917180425999,0.30746799182205087,0.21602072210810971,0.254,42,0.11456232084109727,0.4565479967242823,0.34051355850916015,0.516210101010101,0.28717350159372207
A0A1U8F7A1,nardini_FCR_raw,-0.22458332472985973,0.1999253845044361,-0.2351470317340308,-0.28898260936032855,0.30848088126371076,0.2578456152351651,0.266,25,0.13317613810912587,0.5116226606046865,0.29105022815424486,0.526763779527559,0.2783840949329437
A0A1U8F7A1,nardini_NCPR_raw,0.2241760303320629,0.217669609726614,0.22603759004702892,0.23321958184903321,0.21335182992546528,0.277273316402004,0.304,25,0.10407943086823863,0.5364172236546461,0.2704972859694301,0.5737786116322701,0.24125564469791
A0A1U8F7A1,nardini_Hydrophobicity_raw,-0.31597041258129205,0.43503520035065874,-0.3571428571428572,-0.5998687057576503,1.638803800924876,0.4316113520383278,0.458,7,0.10152975189510627,0.6731798762024152,0.1718688751455227,0.7045076452599389,0.15211428960048945
A0A1U8F7A1,nardini_Disorder Promoting_raw,0.2124849684749565,0.11698448508263898,0.21489668834338962,0.019573005549353182,0.32951464378785456,0.04964050379401831,0.072,84,0.09626708402383805,0.18683028253625267,0.7285527294308926,0.2447027027027027,0.6113612339077615
A0A1U8F7A1,nardini_Iso point_raw,0.17335587770521915,0.21595357276248145,0.1748560242642652,0.004702854266220544,0.011357249973387022,0.39290844896394483,0.44,26,0.09814299202242244,0.6448057090664413,0.19057112597176856,0.6905460218408737,0.16080737231272138
A0A1U8F7A1,nardini_PPII_raw,0.09089281215172364,0.19653428077001356,0.10134310134310134,1.6354557514349668,2.299685133420788,0.6149820818378641,0.602,27,0.10659184496886104,0.8256687873114729,0.08319413269197481,0.8228423913043478,0.08468334235976574
A0A1U8F7A1,nardini_A Patch_raw,0.11174590246729638,0.07429883787374938,0.11542439401063097,0.4264875754129614,0.17896809297863314,0.11669107755660364,0.138,186,0.10286873861091166,0.32250336269764635,0.49146575267702847,0.35872868217054266,0.4452338978977663
A0A1U8F7A1,nardini_D Patch_raw,-0.2733034554561129,0.35791398866450636,-0.3571428571428572,-2.5449829817668985,4.009164391706395,0.4316113520383278,0.406,7,0.11303678904474626,0.6731798762024152,0.1718688751455227,0.6706666666666667,0.1734932783357726
A0A1U8F7A1,nardini_E Patch_raw,-0.09185295976797635,0.19279690427910584,-0.09805702818894932,0.33986716781971166,1.0138848684592894,0.5934004255437757,0.654,32,0.0906110483601292,0.8149857611951358,0.0888499788531531,0.8489341935483872,0.0711259734621344
A0A1U8F7A1,nardini_K Patch_raw,0.0635487003950433,0.08317139608497014,0.06129030339385363,0.1405626927342717,0.2939351236487859,0.4655368685817459,0.434,144,0.10854636568130302,0.7053164002910187,0.15161601765393473,0.6843322884012539,0.16473296848874303
A0A1U8F7A1,nardini_N Patch_raw,0.31028851368907917,0.4318142668144833,0.3091420111676559,1.6432499896814996,4.101024753175786,0.49989851459945445,0.426,7,0.13278307192961641,0.7380619911120179,0.13190715949509502,0.6791695721077655,0.16802177942150676
A0A1U8F7A1,nardini_Q Patch_raw,-0.47038934089361345,0.4792781712349567,-0.4504687313477795,-1.9508203675834894,2.8336170953919684,0.3104293018513229,0.272,7,0.1325659149296878,0.5772493117605005,0.238636576208612,0.5323579766536966,0.2737962342411684
A0A1U8F7A1,nardini_R Patch_raw,0.15385585233462296,0.4193476652709422,0.15179418517972906,1.3512247311629837,3.4819663833985643,0.7740575031656567,0.5668016194331984,6,0.11085659170974538,0.9034469780515775,0.044097330447067706,0.8008659217877094,0.0964401859154556
A0A1U8F7A1,nardini_S Patch_raw,-0.06632600183006053,0.24939372769321086,-0.064201659100871,-0.3937586992407956,1.2892163227377529,0.7821804597049866,0.768,21,0.07259756965771742,0.9075819405573432,0.04211415447322368,0.9036350877192982,0.044006913976752056
A0A1U8F7A1,nardini_T Patch_raw,0.29856882051298,0.3585710290469208,0.3287705507836007,2.0398294335076357,2.454132317494698,0.32355371088548834,0.416,11,0.10559531240615758,0.5896649151282631,0.22939471183468763,0.6749520766773163,0.17072706209262065
A0A1U8F7A1,nardini_Frac A_zscore,0.29533384256734924,0.08887104615829636,0.29544277072432695,0.04934317718657581,0.016717250667875265,0.0010529331527928776,0.001,120,0.10711865837712069,0.011593256919440341,1.9357945395809821,0.011054945054945055,1.956443411601185
A0A1U8F7A1,nardini_Frac D_zscore,-0.09824742073713146,0.07036474019364035,-0.09808239247977484,-0.05399038328785755,0.037606015299970125,0.13382843345785045,0.158,235,0.10155718348118582,0.3542931685752567,0.45063722158348246,0.3905356265356265,0.40833934155088886
A0A1U8F7A1,nardini_Frac E_zscore,-0.024129005733870643,0.09564891589857841,-0.022202365752737582,-0.04148264077184653,0.043345431388858074,0.8121865971538772,0.796,117,0.11490058322384962,0.9242756976660639,0.03419846588396346,0.9089398410896709,0.041464859954470266
A0A1U8F7A1,nardini_Frac G_zscore,0.031045361258271932,0.06481778370660266,0.031958063576411684,0.05170456747211419,0.04701936599352053,0.6215397668494524,0.65,241,0.10260393367991556,0.8281708681464227,0.08188005036802182,0.8448320413436692,0.07322962332012846
A0A1U8F7A1,nardini_Frac I_zscore,-0.020995653112027,0.14514579840823974,-0.018766315374877125,0.0018294908107344768,0.039918962661416924,0.8938970068579286,0.906,53,0.12622871662582621,0.9576787954196765,0.018780128466160204,0.958397476340694,0.01845433854069225
A0A1U8F7A1,nardini_Frac K_zscore,0.19486197852747764,0.09608492444172353,0.20190982097142138,0.01732772935356672,0.05172465081340402,0.027001947856313817,0.048,120,0.11311716601386947,0.12446863117160666,0.9049400865250106,0.17950929368029742,0.7459130619069121
A0A1U8F7A1,nardini_Frac L_zscore,0.036132246077635786,0.07340369882684718,0.038664347301701735,-0.06058155315081304,0.08334713347298287,0.5934434833174291,0.644,193,0.10708075173326245,0.8149857611951358,0.0888499788531531,0.8381164294954723,0.07669564583860418
A0A1U8F7A1,nardini_Frac M_zscore,-0.12663875833969396,0.07633746258212688,-0.1284211545337396,-0.02917118801872382,0.014267281876306966,0.09512307097629695,0.112,170,0.10308188172819867,0.29014971464147754,0.5373778522222928,0.32284240687679083,0.49100942356908966
A0A1U8F7A1,nardini_Frac N_zscore,0.2142583724228149,0.07629830151721773,0.2153509284442291,0.12543973425056332,0.04620770421251798,0.003790848769595805,0.01,179,0.10627599554465791,0.029562743117933176,1.5292552703547246,0.05988095238095238,1.2227113010059543
A0A1U8F7A1,nardini_Frac P_zscore,0.1899438795400584,0.06465016334270851,0.19137539971981754,0.25281805884699693,0.06827956001384326,0.002972323327912909,0.002,239,0.10254238292028274,0.02416026417931575,1.6168983212515764,0.019346153846153846,1.7134053629148907
A0A1U8F7A1,nardini_Frac Q_zscore,0.06027980135378053,0.0777739605818398,0.06221807232268631,0.08195331068439064,0.03653745348284383,0.40669040339901563,0.434,180,0.1056835914529979,0.6588253555868111,0.18122969490068253,0.6843322884012539,0.16473296848874303
A0A1U8F7A1,nardini_Frac R_zscore,-0.11710552133498867,0.07480820086277783,-0.11930936515479981,0.03693660132287475,0.0611473621845633,0.10200767129513419,0.114,189,0.10689544356491643,0.30306011280655915,0.5184712194487008,0.32396610169491524,0.4895004299694066
A0A1U8F7A1,nardini_Frac S_zscore,0.030525217076333575,0.06375854156814001,0.03189703823893537,5.325869195713384e-05,0.032313066838499306,0.6236698885172106,0.618,239,0.10131238681831808,0.8299099310162882,0.08096903844942953,0.8333887399463806,0.07915237166394441
A0A1U8F7A1,nardini_Frac T_zscore,-0.16147455639623895,0.11088391950379077,-0.1659058405805338,-0.09331170418113133,0.04681491630669732,0.14929661992857526,0.158,77,0.11211734021928009,0.374475018027294,0.4265771496461761,0.3905356265356265,0.40833934155088886
A0A1U8F7A1,nardini_Frac K+R_zscore,0.04103391605376646,0.18531497166272332,0.030797651634766783,-0.0030659088223574625,0.044104148183907614,0.8523524687458863,0.814,39,0.1215404086275477,0.9310169202588074,0.031042426098939303,0.9159776286353467,0.03811513318680787
A0A1U8F7A1,nardini_Frac D+E_zscore,-0.24634695234190196,0.18028451382934862,-0.2408589856819675,-0.07259047928022545,0.054612486879546666,0.1396570186036439,0.188,39,0.11865220017725417,0.36191086408437306,0.44139837975149615,0.4327871853546911,0.36372560698683337
A0A1U8F7A1,nardini_Frac Polar_zscore,-0.08902995102582885,0.07028863453321899,-0.09144983668633204,0.020219032175752653,0.03995396471374098,0.1552612400742163,0.212,243,0.10226405392622621,0.3837661118296354,0.4159333779465044,0.4728869179600887,0.3252427002293005
A0A1U8F7A1,nardini_Frac Aliphatic_zscore,0.6254824052914352,0.07971304278808879,0.6356031505927362,0.28942562144061346,0.047020364032141604,2.3692482459754953e-05,0.001,37,0.0783334903231991,0.0005674913655836543,3.2460407419020654,0.011054945054945055,1.956443411601185
A0A1U8F7A1,nardini_R/K Ratio_zscore,-0.23608619384819512,0.06306453745699073,-0.23604094430950207,-0.030003668245740578,0.031606953741159606,0.00026947051606266955,0.001,234,0.10192862435979061,0.0039288020167977614,2.4057398559371546,0.011054945054945055,1.956443411601185
A0A1U8F7A1,nardini_E/D Ratio_zscore,0.01969613422080972,0.0988040049896025,0.01959840566373019,0.006129798066662193,0.034206691943254,0.8442239138983412,0.852,103,0.11666487451816492,0.9310169202588074,0.031042426098939303,0.9286153846153846,0.03216412553930335
A0A1U8F7A1,nardini_Frac Chain Expanding_zscore,0.12135673281965766,0.07641215080226867,0.12321834342486512,-0.037985803979118896,0.03664404095497688,0.08372778618298775,0.134,198,0.10471998898422125,0.2682488945862601,0.5714620590211972,0.3538162729658793,0.451222196590903
A0A1U8F7A1,nardini_FCR_zscore,-0.18611142685118603,0.24372050308565002,-0.18710792514238112,-0.04222362580839964,0.05960237009111864,0.41670975350320394,0.43,21,0.13716591672117653,0.6660665332673283,0.17648238706444985,0.6843322884012539,0.16473296848874303
A0A1U8F7A1,nardini_NCPR_zscore,0.29057734946117963,0.2446706314357952,0.2985369800213859,0.03031875983872782,0.02821385724289575,0.1886733979112581,0.238,21,0.10252697952964411,0.42942406854915305,0.36711361768936845,0.5050602248338012,0.2966568322704197
A0A1U8F7A1,nardini_Hydrophobicity_zscore,0.11225428325281078,0.08529289050625215,0.11858718989803253,-0.22515961423902942,0.24162313466673754,0.14165962143894772,0.18,155,0.10291055917280373,0.3627633777281107,0.44037656299395805,0.42013921113689096,0.37660678433751693
A0A1U8F7A1,nardini_Disorder Promoting_zscore,0.0675873991902568,0.08066749526340658,0.06966098339711134,0.017849545450245054,0.019556505672991012,0.3408512598285579,0.41,189,0.10462700606739118,0.6079722826020022,0.2161162197196886,0.6717536466774716,0.17278996728019852
A0A1U8F7A1,nardini_Iso point_zscore,0.13056698122815244,0.1455939554806653,0.12868262085136345,0.04059647316863122,0.04427506155695535,0.3833880509481453,0.374,48,0.1243972559960187,0.6379637081744236,0.1952040262755226,0.6442534246575343,0.1909432641920107
A0A1U8F7A1,nardini_PPII_zscore,0.21765799479949544,0.08642420028275073,0.22326655546415825,0.11285483196825925,0.06452358547368878,0.007566768758183508,0.02,142,0.10960594618139423,0.0481782871565355,1.3171486441817621,0.10009950248756219,0.9995680810365991
A0A1U8F7A1,nardini_A Patch_zscore,0.1812929252874035,0.08755375757774812,0.1829332084314673,0.02077549098264269,0.008327915368218225,0.0350661737561594,0.044,133,0.09574756912159743,0.1469857116612348,0.8327248805462415,0.16959386973180077,0.770589850132185
A0A1U8F7A1,nardini_K Patch_zscore,0.11930939792122153,0.1466087180179119,0.1204514738411683,0.05458732667516144,0.03517994236984153,0.3998204975302059,0.41,51,0.09793615659046806,0.6512673227356056,0.1862407119558639,0.6717536466774716,0.17278996728019852
A0A1U8F7A1,cider_kappa,-0.1350617547535592,0.08200325787220801,-0.13842635241663884,-0.10435514666118771,0.08565739611935826,0.09682376937980901,0.106,145,0.10267035561071429,0.29338768673520443,0.5325581171293088,0.3127155425219941,0.5048505330078189
A0A1U8F7A1,cider_omega,0.35686560960408814,0.06661692936743902,0.3567082871144938,0.38183406355994587,0.1267158715999642,1.8005729776498268e-06,0.001,170,0.09929082859010055,6.677276718359744e-05,4.17540062544894,0.011054945054945055,1.956443411601185
A0A1U8F7A1,cider_delta,-0.18653915118087816,0.08338652215612109,-0.18770981595243663,-0.1668277738295863,0.3227914153732764,0.024769640529730158,0.02,143,0.10212896157366241,0.1164404596864885,0.9338960887114878,0.10009950248756219,0.9995680810365991
A0A1U8F7A1,cider_mean_net_charge,-0.2863097586474095,0.20703259467066784,-0.2827885903574252,-0.5717723246561149,0.36423768152874686,0.17077930398552127,0.17,25,0.10407943086823863,0.41003336470032076,0.387180802998097,0.4062232779097387,0.3912351937374858
A0A1U8F7A1,cider_fraction_neutral,0.21826431511295988,0.20138926604999358,0.2351470317340308,0.28067585945516654,0.3100636609962204,0.2578456152351651,0.302,25,0.13317613810912587,0.5116226606046865,0.29105022815424486,0.57215065913371,0.24248959740440984
A0A1U8F7A1,sparrow_SCD,0.152470069542398,0.060248040974976984,0.15428496196357916,-0.002301801321594763,0.0030678736617373225,0.016080045219692717,0.032,243,0.10226405392622621,0.08559008196302048,1.0675765577327312,0.13935930735930738,0.8558640208523297
A0A1U8F7A1,sparrow_SHD,0.0019776805930017396,0.4329213214772952,0.0,-0.3024222868113848,1.1051021334964444,1.0,0.962,7,0.10603326400132806,1.0,-0.0,0.9876348884381339,0.005403576912908962
A0A1U8F7A1,sparrow_complexity,-0.13241886053034813,0.11029749101607093,-0.13757660611320266,-0.9598655003161338,0.6882330454107771,0.2525760498842013,0.236,71,0.09003657500493616,0.5084913158523329,0.29371645967263643,0.5032666883305683,0.2982018149893117
A0A1U8F7A1,sparrow_scaled_rg,-0.04377551255647825,0.22221939524729462,-0.049407114624505935,-0.011509857451882174,0.012848963870904602,0.8228578988707852,0.83,23,0.09226499607782991,0.9280213523139125,0.03244203123218703,0.9205953693495038,0.03593121396411278
A0A1U8F7A1,sparrow_scaled_re,-0.12494581675306475,0.19487187167990824,-0.13233137829912023,-0.0024711296709203907,0.0025580961308207893,0.47030618412167435,0.526,32,0.08865404578385296,0.7071064301307829,0.1505152134452803,0.7635728715728717,0.11714950973815903
A0A1U8F7A1,sparrow_prefactor,0.0500568681278181,0.2310326359592357,0.043076923076923075,0.001708336683599497,0.00398757047414475,0.8380001161641176,0.812,25,0.08522759542227744,0.9310169202588074,0.031042426098939303,0.9147502799552073,0.03869744892746246
A0A1U8F7A1,sparrow_scaling_exponent,-0.10087752653389055,0.2627075690578041,-0.09924812030075188,-0.11364417156486109,0.23627978734301777,0.6771888443218218,0.706,20,0.07884307582454587,0.8579999715210992,0.06651272656648066,0.8725257985257985,0.059221723117488904
A0A1U8F7A1,sparrow_asphericity,-0.17092689478617637,0.24175174452357612,-0.17130434782608694,-0.8166029452838671,0.7774772222699109,0.42350313678440454,0.472,24,0.08713964548606785,0.6699044011790163,0.17398716894500682,0.7140330827067669,0.14628166594910824
A0A1U8F7A1,mpipi_epsilon_self,0.05770886552086582,0.08257609354951513,0.05222246460977896,-0.004807332600528983,0.004874217933988186,0.4962755789552278,0.48,172,0.10491403132038477,0.7374493832037802,0.1322677832815818,0.7175037147102525,0.14417584612848108
A0A1U8F7A1,calvados_epsilon_self,0.06606192643940732,0.06831263915205209,0.06874313186265878,0.0017079061397575219,0.00218535473978728,0.33837494972494897,0.338,196,0.10030891894627997,0.605703201820816,0.2177401305971619,0.6115611510791368,0.2135601105844941
A0A1U8F7A1,avg_helix_prob,-0.12032919741683355,0.06872253316676975,-0.12228891474225,-0.1716122480767631,0.13110116446398248,0.07993316064599795,0.09,206,0.10168137274068835,0.2585619280060255,0.5874354225111076,0.2829375,0.5483094881606725
A0A1U8F7A1,avg_beta_prob,-0.14157659307372691,0.06656101759444417,-0.14110347727329323,-3.036353605996824,1.9172375709927896,0.037359142756630916,0.028,218,0.1026759540763058,0.15466377618588767,0.8106113905327719,0.12648254473827586,0.8979694052937992
A0A1U8F7A1,avg_coil_prob,0.08818696209314088,0.06813145930281408,0.08719709346830122,0.14760923015269053,0.12177589193982294,0.19863009865457754,0.192,219,0.10203920511703475,0.44389646710322184,0.3527183114370834,0.440986301369863,0.3555749010806413
A0A1U8F7A1,avg_nes,-0.05165110156675374,0.0687007826142407,-0.05360156536627124,-0.11960207056467094,0.7046870422699103,0.42783844538166027,0.466,221,0.1030585942393839,0.6725085563342972,0.1723021857565859,0.7099323226403408,0.1487830503017138
A0A1U8F7A1,avg_nis,0.15128753723122645,0.06935721889795997,0.15249463802257304,0.5974159771161891,0.2784616965068191,0.018326069140537794,0.038,239,0.1021432447393676,0.09358388606792396,1.028798924704702,0.1560326530612245,0.8067845070278137
At2g46140_tile7,nardini_Frac A_raw,0.611274732610186,0.08694262088937131,0.6151351088424613,2.2976914571600213,0.21899588203131032,1.2202049909667673e-06,0.001,52,0.13846228441883895,5.3370705257068164e-05,4.272697058256384,0.011054945054945055,1.956443411601185
At2g46140_tile7,nardini_Frac C_raw,-0.4141948961246167,0.16173892289713593,-0.4285121779502089,-0.9310225717183258,1.0585539931490118,0.016166779694608398,0.02,31,0.1102940920274549,0.08559884406724236,1.067532100026208,0.10009950248756219,0.9995680810365991
At2g46140_tile7,nardini_Frac D_raw,-0.173445707585065,0.12596405766513677,-0.17409521988494547,-3.4627997565163433,1.9535435856821863,0.19525575857834165,0.174,57,0.14440044578968123,0.43845377930761537,0.35807618211472153,0.4138156028368794,0.38319313837253405
At2g46140_tile7,nardini_Frac E_raw,0.14908221092171592,0.12932627536503488,0.15214108533764958,2.100504944535013,3.0497592106481295,0.26298133175511557,0.252,56,0.14604823352363608,0.5157099800110063,0.2875944640523295,0.516210101010101,0.28717350159372207
At2g46140_tile7,nardini_Frac F_raw,-0.6404813357744145,0.09658981174078578,-0.6488240497134938,-11.664965366808975,1.7843602419284443,6.115941922516457e-07,0.001,48,0.1415987055635103,3.418131985584198e-05,4.4662111717193715,0.011054945054945055,1.956443411601185
At2g46140_tile7,nardini_Frac G_raw,-0.5271248807698536,0.13059833080495886,-0.5525817588301712,-10.709630297478801,3.448467723270755,0.0007020751494519649,0.001,34,0.12371511205059811,0.008212646515682287,2.0855168694401103,0.011054945054945055,1.956443411601185
At2g46140_tile7,nardini_Frac H_raw,-0.07431838333886648,0.4990468508106901,-0.14471361022898727,-3.334814339774547,7.165103196018044,0.7102883907159302,0.774,9,0.18419913439180163,0.8789054379584572,0.05605784845525575,0.9054,0.04315950984076654
At2g46140_tile7,nardini_Frac I_raw,-0.645117601469658,0.07509844350000978,-0.6497445472691876,-5.1571748428736806,1.9330924798318678,3.418901864575884e-08,0.001,58,0.13740388916554008,2.645704058279492e-06,5.577458736506871,0.011054945054945055,1.956443411601185
At2g46140_tile7,nardini_Frac K_raw,0.1344215506054638,0.1500786692294572,0.13313143513674144,1.3006675298520034,3.398106356509672,0.3235172567921403,0.358,57,0.14436075020127986,0.5896649151282631,0.22939471183468763,0.6307320490367776,0.2001551008820651
At2g46140_tile7,nardini_Frac L_raw,-0.5646681426743622,0.09592456830452513,-0.5728680284290321,-10.959759565273554,2.083945267233913,4.864257209497174e-06,0.001,55,0.13734430312982163,0.00014828614402285324,3.828899427903182,0.011054945054945055,1.956443411601185
At2g46140_tile7,nardini_Frac M_raw,-0.6465882258103812,0.08776188072205131,-0.6528834353784806,-9.957719181066427,1.7995840637744083,4.947394374908418e-08,0.001,56,0.13170172275194672,3.318052494105246e-06,5.479116747389446,0.011054945054945055,1.956443411601185
At2g46140_tile7,nardini_Frac N_raw,0.17824125056309498,0.1938457866058362,0.1831161843098378,5.677203229942566,4.039726113445381,0.3605909022528865,0.362,27,0.18249815483563617,0.6269884252027165,0.20274047658075003,0.63463431542461,0.19747644878676687
At2g46140_tile7,nardini_Frac P_raw,-0.688635725649781,0.0845703985999753,-0.7119762568939354,-13.146254942953961,2.4577657431038853,1.4814858541736624e-05,0.001,29,0.12586763919559701,0.0004028039917023526,3.3949062343306453,0.011054945054945055,1.956443411601185
At2g46140_tile7,nardini_Frac Q_raw,-0.4460307598488465,0.11087829648157567,-0.4487976251088939,-7.835953906843916,2.3561342124531586,0.0003224172615398946,0.001,60,0.13972348805482024,0.0044431748645086845,2.3523065944348454,0.011054945054945055,1.956443411601185
At2g46140_tile7,nardini_Frac R_raw,-0.49384806967320205,0.10131412765301755,-0.4944831932659417,-8.343974168465142,1.826695258590589,7.968525762846063e-05,0.001,58,0.14216077391393683,0.0015125163995137999,2.820299907796328,0.011054945054945055,1.956443411601185
At2g46140_tile7,nardini_Frac S_raw,0.7229357835915572,0.050328912711738095,0.733477681629073,8.993903643777402,0.9657974678158675,6.227075716419476e-10,0.001,52,0.14032682922415013,8.393091410412878e-08,7.07607804689503,0.011054945054945055,1.956443411601185
At2g46140_tile7,nardini_Frac T_raw,-0.7222827463013728,0.06401731180814149,-0.7329534797845746,-7.497751197387932,1.0917522133242998,9.641583829816237e-10,0.001,51,0.1400283948699629,1.077714814755015e-07,6.9674961470935886,0.011054945054945055,1.956443411601185
At2g46140_tile7,nardini_Frac V_raw,0.1832163570209853,0.14060472413953204,0.18750100814629847,5.725406177849344,2.50793272205864,0.174564724355507,0.216,54,0.142390139769743,0.4128622952902443,0.3841947773216847,0.47862555066079293,0.32000412098626446
At2g46140_tile7,nardini_Frac W_raw,-0.2947239999797277,0.11259631747561175,-0.3026913422699671,-10.16928187024769,5.530071626016165,0.0345142105089692,0.012,49,0.14296692079948636,0.1452773881674603,0.8378019766055891,0.06978034682080925,1.156266876361262
At2g46140_tile7,nardini_Frac Y_raw,-0.3259422161748083,0.10909463157709284,-0.3309837497172332,-14.530894368540535,3.5549956196400756,0.01271482435502543,0.004,56,0.13448334486872066,0.07066913426052808,1.150770229021749,0.032192,1.4922520409601854
At2g46140_tile7,nardini_Frac K+R_raw,-0.23379275478951092,0.24222320198295658,-0.2500731433422577,-1.9516560749512437,1.6812803643400558,0.26167970288557785,0.338,22,0.1475377294508395,0.5151659121387305,0.2880528814010098,0.6115611510791368,0.2135601105844941
At2g46140_tile7,nardini_Frac D+E_raw,0.05536142487253656,0.215299134950929,0.0689962910377373,-0.8493055528274024,1.5274089346016702,0.7487037031032979,0.794,24,0.12782956936042958,0.8946265716799392,0.048358206808795996,0.9089398410896709,0.041464859954470266
At2g46140_tile7,nardini_Frac Polar_raw,-0.4296117812422237,0.15043492032468406,-0.4371159303976904,-2.1885698432155674,0.7183911294427681,0.004797585430371305,0.01,40,0.12207283293540971,0.03413576303154835,1.4667903849849333,0.05988095238095238,1.2227113010059543
At2g46140_tile7,nardini_Frac Aliphatic_raw,0.6049307280793953,0.10937123613300036,0.6199886349310646,2.082419588458604,0.27098108812999866,9.203506582425831e-05,0.001,34,0.12433649670271972,0.001683405022167343,2.7738113815106544,0.011054945054945055,1.956443411601185
At2g46140_tile7,nardini_Frac Aromatic_raw,-0.6124389795737368,0.10204532452621468,-0.6249537489395883,-10.553942511593227,2.0027919586700804,0.0001709361466793514,0.001,31,0.12811071681208308,0.0026455655932219615,2.577481466253943,0.011054945054945055,1.956443411601185
At2g46140_tile7,nardini_R/K Ratio_raw,-0.3099488875200552,0.0899819480586037,-0.3080285800553836,-0.5757166611681451,0.12786337962248695,0.0006544489634058981,0.004,119,0.14202363021429934,0.008028971429101629,2.095340087508013,0.032192,1.4922520409601854
At2g46140_tile7,nardini_E/D Ratio_raw,0.0796982483034496,0.09786138509574634,0.0796075909422712,0.2611160924785241,0.13340241039078446,0.38944911568673934,0.386,119,0.14202363021429934,0.642402845081358,0.19219254431655133,0.6526319327731093,0.185331680336886
At2g46140_tile7,nardini_Frac Chain Expanding_raw,-0.44306298566433805,0.18768572993670915,-0.4519942746722497,-3.4521245221966805,1.1281509050005862,0.008273375730211582,0.032,33,0.13455492246399747,0.05072040118445892,1.294817319962529,0.13935930735930738,0.8558640208523297
At2g46140_tile7,nardini_FCR_raw,-0.06230002828980663,0.287643433978518,-0.055706402743662335,-1.2094652152994627,1.5798508053506333,0.8436831655700817,0.804,15,0.18460579277745706,0.9310169202588074,0.031042426098939303,0.9118647125140925,0.040069590363366506
At2g46140_tile7,nardini_NCPR_raw,-0.012423013914774298,0.07382456501759871,-0.01247204777527294,-0.9978428805616779,0.9339591699993289,0.8929098660793172,0.888,119,0.14202363021429934,0.9576787954196765,0.018780128466160204,0.9503489361702128,0.02211690710118905
At2g46140_tile7,nardini_Hydrophobicity_raw,0.07798031086564268,0.3295899289585835,0.09010989010989012,0.057955867599236544,0.09026984290902788,0.7593388378159541,0.8,14,0.16031522397911857,0.8973063051870909,0.04705928054018162,0.9114382785956965,0.04027273586571641
At2g46140_tile7,nardini_Disorder Promoting_raw,0.5455307849711631,0.11926717964229473,0.5557277951864422,2.4434609340539883,0.6227972571000818,3.3953654354226686e-05,0.001,49,0.14479084895701805,0.0007467079735463273,3.1268492111350064,0.011054945054945055,1.956443411601185
At2g46140_tile7,nardini_Iso point_raw,-0.03754324979430315,0.2677881440596245,-0.04569252899454617,-0.0023956836119838534,0.024474779872432944,0.8440857859814629,0.846,21,0.15058867114795624,0.9310169202588074,0.031042426098939303,0.9270980392156862,0.03287433744231033
At2g46140_tile7,nardini_PPII_raw,-0.21845385103871268,0.36514354969641516,-0.217575126276488,-4.31645246853302,7.5538694007147,0.5738746583219767,0.538,9,0.17265333049850254,0.7985033281769136,0.09772326937414431,0.7742889842632332,0.11109691935938362
At2g46140_tile7,nardini_A Patch_raw,0.7309148117535217,0.0904399052357824,0.7499507442388135,1.8682885231135784,0.15502370396925336,1.1936718340920708e-06,0.001,31,0.11931557079224801,5.3370705257068164e-05,4.272697058256384,0.011054945054945055,1.956443411601185
At2g46140_tile7,nardini_D Patch_raw,-0.11291252067230008,0.21670204149674235,-0.10804822294021194,-1.396118997636027,2.696248425821877,0.5916521323300026,0.584,27,0.14664996575617112,0.8149857611951358,0.0888499788531531,0.812591977869986,0.0901274694622228
At2g46140_tile7,nardini_I Patch_raw,0.010186146435799012,0.3944402960527274,0.02827013970960878,-0.010902692617992848,1.9297031140755458,0.930503034736568,0.978,12,0.12978058071777906,0.9720548053269049,0.012309248468723553,0.9898068410462777,0.004449548889803266
At2g46140_tile7,nardini_K Patch_raw,0.12257678010793761,0.5134521059934084,0.14285714285714288,1.5956460656723375,10.257482514532791,0.7871720116618075,0.704,6,0.1108609153878624,0.9091791546863127,0.041350530171537815,0.8725257985257985,0.059221723117488904
At2g46140_tile7,nardini_L Patch_raw,0.20698046665529912,0.48961654226979223,0.26482044885142486,9.967789038387629,20.23898381338127,0.6120552385657049,0.5281124497991968,6,0.21406305168267703,0.8235198370535918,0.0843259350259206,0.7638572513287776,0.11698779424187519
At2g46140_tile7,nardini_S Patch_raw,-0.021152589822286755,0.38446071560188977,0.0,0.642039673674744,3.893760873364307,1.0,0.976,10,0.11822166803811356,1.0,-0.0,0.9898068410462777,0.004449548889803266
At2g46140_tile7,nardini_T Patch_raw,0.5243033636256261,0.18565378549281017,0.5545996740704843,4.123566871399579,2.2079622652183466,0.03190103791304674,0.016,15,0.1507999253235796,0.13953236582836967,0.8553250420657073,0.08795628415300547,1.0557331263545962
At2g46140_tile7,nardini_V Patch_raw,-0.10010949379097013,0.0914993311083593,-0.1018451131556214,-2.3887967174144356,1.8202839665109827,0.2988833594044315,0.278,106,0.1428521618914774,0.5662460632031225,0.24699480437885324,0.537823076923077,0.26936056699681427
At2g46140_tile7,nardini_Frac A_zscore,0.27649777912908324,0.09813393750909544,0.2790996993855572,0.08283607673298178,0.0061322921978826305,0.002413574003513079,0.008,116,0.14269657668768226,0.021298731995913662,1.6716462511889514,0.05126114649681529,1.2902116846973815
At2g46140_tile7,nardini_Frac C_zscore,0.47613706161025515,0.2716289022853223,0.4973737925202259,0.028450181332125637,0.0126214230928969,0.09991387241786216,0.11,12,0.13237718284534464,0.2991468918225278,0.524115505178069,0.31982658959537574,0.49508543291464296
At2g46140_tile7,nardini_Frac D_zscore,-0.16325078278525226,0.13057423074753038,-0.16646091086143497,-0.19931861684194388,0.10968278030757148,0.22896641971528306,0.22,54,0.13906500574517602,0.47987545465328074,0.3188714634063074,0.4811304347826087,0.31773717013945924
At2g46140_tile7,nardini_Frac E_zscore,0.06959368459106374,0.09946565516355854,0.06949103152161741,0.1629597178810899,0.12583904760856005,0.4625386170757989,0.45,114,0.14051872681106778,0.7043564413234243,0.1522075094307737,0.7006348228043144,0.15450828126907845
At2g46140_tile7,nardini_Frac F_zscore,-0.39971837367708274,0.1683355620696339,-0.4052493665790722,-0.14586920733450529,0.06047910206626534,0.014210109168338236,0.018,36,0.15802685216533566,0.07703073167753044,1.1133359769667233,0.0943125,1.0254307428803349
At2g46140_tile7,nardini_Frac G_zscore,-0.5387832702707,0.13156208341941777,-0.5525817588301712,-0.4530100485858874,0.15181210346653798,0.0007020751494519649,0.004,34,0.12371511205059811,0.008212646515682287,2.0855168694401103,0.032192,1.4922520409601854
At2g46140_tile7,nardini_Frac I_zscore,-0.3117542524990484,0.15608847935415818,-0.3203688197958803,-0.04398377584076768,0.03746302120684339,0.05678986500034392,0.056,36,0.1632645896582738,0.20624766855720572,0.6856109520554351,0.2041159420289855,0.6901230743391087
At2g46140_tile7,nardini_Frac K_zscore,0.16316232940044348,0.10726335913901837,0.15691170467159973,0.22279237291645324,0.26284516913829803,0.09546675501623167,0.128,114,0.1394751696793312,0.29014971464147754,0.5373778522222928,0.342468085106383,0.4653798945598841
At2g46140_tile7,nardini_Frac L_zscore,-0.265385035813698,0.1499884707561828,-0.2744769750376137,-0.17876080552322038,0.08534457075090368,0.1052264149188659,0.082,36,0.14724807929355602,0.3061292648600637,0.514095151422837,0.2669644012944984,0.5735466463212093
At2g46140_tile7,nardini_Frac M_zscore,-0.6453397430580747,0.08501891595979197,-0.6528834353784806,-0.19406411069456428,0.03569558790916456,4.947394374908418e-08,0.001,56,0.13170172275194672,3.318052494105246e-06,5.479116747389446,0.011054945054945055,1.956443411601185
At2g46140_tile7,nardini_Frac P_zscore,-0.6607986183404043,0.0985246381143939,-0.673552874948502,-0.699959656004518,0.1376466533296002,1.2663793069005033e-05,0.001,34,0.12162890731060501,0.0003639935950691161,3.438906258248232,0.011054945054945055,1.956443411601185
At2g46140_tile7,nardini_Frac Q_zscore,-0.26319882077585854,0.10858586252479865,-0.2631655980883148,-0.15682957769761788,0.14573589826729427,0.012713665213275837,0.022,89,0.15519238911440164,0.07066913426052808,1.150770229021749,0.1079609756097561,0.9667331995136395
At2g46140_tile7,nardini_Frac R_zscore,-0.1679377305230152,0.1005553962084812,-0.17295463596453123,-0.15924788715849034,0.07200689601636413,0.10708622312530203,0.106,88,0.14646123772839342,0.30856907450158927,0.510647602078181,0.3127155425219941,0.5048505330078189
At2g46140_tile7,nardini_Frac S_zscore,0.5742950724826322,0.0639716790423506,0.5784735783175946,0.7825335223593226,0.08483564789611157,8.459401308419756e-12,0.001,117,0.14261915115693846,2.8367192387567583e-09,8.547183645907555,0.011054945054945055,1.956443411601185
At2g46140_tile7,nardini_Frac T_zscore,-0.48731667015816266,0.1604415094861888,-0.5028147190626561,-0.2378026127086345,0.08498040089830733,0.003356794278224594,0.012,32,0.16932981089159183,0.026590039715700328,1.575281013992366,0.06978034682080925,1.156266876361262
At2g46140_tile7,nardini_Frac V_zscore,0.17770586078452522,0.14604282138648192,0.18576032640040796,0.1586627018713417,0.08073464453915566,0.1918591267198123,0.244,51,0.1430390279913318,0.43373096961827234,0.362779566889446,0.5092098765432098,0.2931031814390057
At2g46140_tile7,nardini_Frac W_zscore,0.1698119304321362,0.3508247642788378,0.16853174301284732,0.004073562588065163,0.04413022475329649,0.6203507449547404,0.62,11,0.16226919936613246,0.8276828241703831,0.08213605705851769,0.8338502673796792,0.07891192764629888
At2g46140_tile7,nardini_Frac Y_zscore,-0.2532435166131975,0.21929635940144795,-0.2618143850340336,-0.07408874303616149,0.05087989132250767,0.29395355392009925,0.266,18,0.1255664803235794,0.5600705970523103,0.2517572266048161,0.526763779527559,0.2783840949329437
At2g46140_tile7,nardini_Frac K+R_zscore,-0.13539263022651601,0.0830782935090541,-0.13882363947536502,-0.23665332673121292,0.09664714286368983,0.13722877202359351,0.118,116,0.13914660533239714,0.3605855998745069,0.44299162098553746,0.3306629526462395,0.48061446055228524
At2g46140_tile7,nardini_Frac D+E_zscore,-0.0011512598412267464,0.08951955204490801,0.0012306282100970495,0.006083257966965316,0.18021706940592064,0.9895394459384746,0.976,116,0.13947842151490775,0.9974716258658372,0.001099449430848828,0.9898068410462777,0.004449548889803266
At2g46140_tile7,nardini_Frac Polar_zscore,-0.3531217905086772,0.10106136169695387,-0.35765524752757494,-0.2587606732533374,0.11088674325628946,6.516166029514919e-05,0.004,119,0.14202363021429934,0.0012853456913121584,2.8909800539368384,0.032192,1.4922520409601854
At2g46140_tile7,nardini_Frac Aliphatic_zscore,0.6025206073858486,0.10572204872072896,0.6199886349310646,0.11091295734900498,0.01457019120808524,9.203506582425831e-05,0.001,34,0.12433649670271972,0.001683405022167343,2.7738113815106544,0.011054945054945055,1.956443411601185
At2g46140_tile7,nardini_Frac Aromatic_zscore,-0.46189494608092835,0.16126671668565712,-0.4764432368631785,-0.2515239867803302,0.08724812073267647,0.03368970599293952,0.026,20,0.1507998375422429,0.14501608590115875,0.8385838210020353,0.11943378995433789,0.9228727861493918
At2g46140_tile7,nardini_R/K Ratio_zscore,-0.30657760482754615,0.09267194270890856,-0.31078654776371406,-0.21311027957318954,0.04726150112964171,0.0008071190387191089,0.001,113,0.1354414407603618,0.009226838101720721,2.034947099649577,0.011054945054945055,1.956443411601185
At2g46140_tile7,nardini_E/D Ratio_zscore,0.07326032935124287,0.10450410633449854,0.0748531248838727,0.07866207115528323,0.044969438833292776,0.42453211792358214,0.456,116,0.13947842151490775,0.6699044011790163,0.17398716894500682,0.7045076452599389,0.15211428960048945
At2g46140_tile7,nardini_Frac Chain Expanding_zscore,-0.4223113785438269,0.09199760644003813,-0.42296687287253276,-0.3842183800122637,0.11568012093404763,1.6494982167416355e-06,0.001,119,0.14202363021429934,6.38228925400802e-05,4.19502351688133,0.011054945054945055,1.956443411601185
At2g46140_tile7,nardini_FCR_zscore,-0.12309153046742986,0.08843200145284659,-0.11904702897914697,-0.23379135634856546,0.13359385598458137,0.2011025818773174,0.168,117,0.13893479527371133,0.44389646710322184,0.3527183114370834,0.40280280280280284,0.39490751617811126
At2g46140_tile7,nardini_NCPR_zscore,-0.029398363769156752,0.07279436179940893,-0.03001142710433672,-0.16532356503165957,0.11637911133093631,0.748051084993763,0.698,117,0.13893479527371133,0.8946265716799392,0.048358206808795996,0.8725257985257985,0.059221723117488904
At2g46140_tile7,nardini_Hydrophobicity_zscore,0.06874952721961447,0.317249863885015,0.09010989010989012,0.0244831470558958,0.03939817434963401,0.7593388378159541,0.796,14,0.16031522397911857,0.8973063051870909,0.04705928054018162,0.9089398410896709,0.041464859954470266
At2g46140_tile7,nardini_Disorder Promoting_zscore,0.22900588542916955,0.10397737691258808,0.23402466690056134,0.1409287972763952,0.027341791223736964,0.010418009814116702,0.032,119,0.14202363021429934,0.06093324344768258,1.215145703970716,0.13935930735930738,0.8558640208523297
At2g46140_tile7,nardini_Iso point_zscore,0.11460237267299722,0.0918650814335522,0.1182699129070942,-0.12231530644815775,0.07710765671756398,0.20017415452066906,0.22,119,0.14202363021429934,0.44389646710322184,0.3527183114370834,0.4811304347826087,0.31773717013945924
At2g46140_tile7,nardini_PPII_zscore,-0.088999173340305,0.10227574538451943,-0.0945959025238802,-0.08897066476516344,0.16645840462287195,0.3061546503985914,0.376,119,0.14202363021429934,0.5744140097054841,0.2407749763848594,0.6454880546075086,0.19011179037052098
At2g46140_tile7,nardini_V Patch_zscore,-0.4274355809270561,0.329589984636598,-0.4958895368411578,-0.06691891429990614,0.049165517585575316,0.17457779677690743,0.214,9,0.11265917353284102,0.4128622952902443,0.3841947773216847,0.47629203539823006,0.32212668074228273
At2g46140_tile7,cider_kappa,0.12055880234479167,0.13100217686961355,0.12013420405378987,-0.18119703929276848,0.4227834509236635,0.3823114515873608,0.364,55,0.14475947522454016,0.6378197683198755,0.19530202454242793,0.63463431542461,0.19747644878676687
At2g46140_tile7,cider_omega,0.16695532973015514,0.1310884491452456,0.16366806957481106,0.6224821097610357,0.4838018958237771,0.1726213164420791,0.202,71,0.1503548420160674,0.4128622952902443,0.3841947773216847,0.4597556561085973,0.3374729191825595
At2g46140_tile7,cider_delta,0.06785257753054916,0.1345966262165265,0.06177944684983621,0.21380031139724195,2.792706411513562,0.6420545384650215,0.596,59,0.14111955280533064,0.8421210765264818,0.07462546302874805,0.8202134062927496,0.08607313649771545
At2g46140_tile7,cider_mean_net_charge,-0.2062753170482352,0.23545843419699722,-0.21685547785254516,-2.663038716803505,1.7435786938011117,0.3450633200074694,0.372,21,0.15185588524501437,0.6090064911009021,0.2153780784110002,0.6430103092783506,0.19178206404808235
At2g46140_tile7,cider_fraction_neutral,0.003882188581616671,0.3081410454706704,-0.0066447179244218816,1.266904243711298,1.63820014762115,0.9820138645064644,0.964,14,0.1813709784280995,0.9954560230942298,0.001977921321527778,0.9876348884381339,0.005403576912908962
At2g46140_tile7,sparrow_SCD,-0.14463549941751971,0.0819229655785638,-0.15043356549533904,-0.04347386597786117,0.018310432877177516,0.10246437733014084,0.068,119,0.14202363021429934,0.30306011280655915,0.5184712194487008,0.23268027210884354,0.6332404369860124
At2g46140_tile7,sparrow_SHD,0.4878467226731617,0.16644048856929156,0.5030769230769231,0.995875146394062,0.4043179084031406,0.01036660151118429,0.014,25,0.130964560378833,0.06093324344768258,1.215145703970716,0.07868156424581006,1.1041270145817466
At2g46140_tile7,sparrow_complexity,-0.40555019543370197,0.17080536617270112,-0.4206896551724138,-2.468302054637353,0.5579771235972437,0.02061839888314145,0.026,30,0.10359484862165678,0.10314342431262631,0.9865584543197331,0.11943378995433789,0.9228727861493918
At2g46140_tile7,sparrow_scaled_rg,-0.7150496450545027,0.34773123995123645,-0.7714285714285715,-0.06693988351749183,0.046298564146657166,0.07239650145772594,0.124,6,0.20260677480661685,0.24276960155490768,0.6148056944644299,0.337145945945946,0.47218205818485126
At2g46140_tile7,sparrow_scaled_re,-0.2700989042441137,0.30651393782758557,-0.29090909090909095,-0.016551155041364812,0.016734202946318503,0.38545696969136556,0.364,11,0.15030398095675193,0.6388298377421973,0.19461480752390903,0.63463431542461,0.19747644878676687
At2g46140_tile7,sparrow_prefactor,-0.6925974252234779,0.08689705889380295,-0.7196581196581195,-0.39135723197456557,0.10429415862658596,3.414370455579628e-05,0.001,26,0.12437036767487493,0.0007467079735463273,3.1268492111350064,0.011054945054945055,1.956443411601185
At2g46140_tile7,sparrow_scaling_exponent,-0.5508110190272102,0.33103865968080437,-0.5952380952380953,-2.776155282490558,2.6875707915435543,0.11952980613879259,0.184,8,0.1791919349517658,0.32715505888087315,0.4852463597090053,0.4265069124423963,0.37007392578306564
At2g46140_tile7,mpipi_epsilon_self,0.34297821138370105,0.10112590225235002,0.3454081459817749,0.04861920496883527,0.018165162827847116,0.0015876784760648402,0.004,81,0.14369633078432986,0.016298005580828872,1.7878655378190875,0.032192,1.4922520409601854
At2g46140_tile7,calvados_epsilon_self,0.29374107971237096,0.09111810408172896,0.29527500269116846,0.02414425429738989,0.005253628942920688,0.001060218326628739,0.001,120,0.14150509628638136,0.011593256919440341,1.9357945395809821,0.011054945054945055,1.956443411601185
At2g46140_tile7,avg_helix_prob,-0.05358296585251318,0.10707060635308824,-0.054379600981542736,-0.03076761015172446,0.5073200679672447,0.5835074620495628,0.608,104,0.13977176218652662,0.8096669059611864,0.09169361156013817,0.8276698240866035,0.08214287840218222
At2g46140_tile7,avg_beta_prob,-0.3121646904088341,0.08903720575649622,-0.31381761027778726,-1.8912700579354191,0.44603060652467136,0.0007532836329801211,0.002,112,0.14460694838218285,0.008710383158367838,2.0599627405256484,0.019346153846153846,1.7134053629148907
At2g46140_tile7,avg_coil_prob,0.21860237109702307,0.10448780223351369,0.223805408075071,0.986791827995368,0.4074820062018971,0.03396367616379734,0.04,90,0.14310658341023275,0.14501608590115875,0.8385838210020353,0.16096,0.7932820366241666
At2g46140_tile7,avg_mito_targeting,0.032780074665986425,0.09925581083280727,0.03715317542361691,-0.16222239329246596,0.8396874860227511,0.6895775108835751,0.784,118,0.14247721050130513,0.8671437199360956,0.061908916823168514,0.9076846351353495,0.042065016028001036
At2g46140_tile7,avg_nes,-0.029237623097180268,0.09919773431019868,-0.028608991397296293,-2.447921349163736,2.4226242343217947,0.7688236677545551,0.776,108,0.14149980325991776,0.9029740822816138,0.04432471489536941,0.9056334106728539,0.043047563846615754
At2g46140_tile7,avg_nis,0.1441657757602265,0.100509199836748,0.1428949060805964,-4.487740042646707,2.0633277433213717,0.1276420714582911,0.146,115,0.14382489033785198,0.34242113036544225,0.4654394434167241,0.37373027989821883,0.427441713871081
TgL_8x,nardini_Frac A_raw,0.07517485665545746,0.10444958254577419,0.07522493068152039,-0.08892786077786975,0.3102411241100949,0.4201916274060431,0.476,117,0.10351999520348888,0.6693793842846433,0.17432766728342744,0.7175037147102525,0.14417584612848108
TgL_8x,nardini_Frac C_raw,-0.19931561420278499,0.1739622389994103,-0.2007195889267028,-4.573749472541483,6.48169615837756,0.31543550957952493,0.262,27,0.12596128549956373,0.5822534360311965,0.23488793989936121,0.526763779527559,0.2783840949329437
TgL_8x,nardini_Frac D_raw,0.030652530445169225,0.08475296539245473,0.028020189025316986,0.32265729939767746,0.5174148614641108,0.742434246961926,0.742,140,0.1053060044145441,0.8934077182340879,0.04895029993671736,0.8928851674641148,0.04920439144008073
TgL_8x,nardini_Frac E_raw,0.06872882034439112,0.09056177633518314,0.06950527267334138,0.4479978719635192,1.0614373128166403,0.44492413924807905,0.426,123,0.10992833714098775,0.6892252483559459,0.16163882144336814,0.6791695721077655,0.16802177942150676
TgL_8x,nardini_Frac F_raw,0.008555938169751429,0.11252497513729004,0.01176250464268883,-0.23492979208068868,1.3378359134489979,0.9196718135821838,0.93,76,0.10194088477493513,0.9677718038322979,0.014227035273921428,0.970592132505176,0.012963233341603401
TgL_8x,nardini_Frac G_raw,-0.16805050443114952,0.1260798060955176,-0.166328298776791,-1.7038570166637879,0.9605909248520398,0.16565277636142892,0.18,71,0.11311383929303521,0.4025282440086896,0.39520364129171087,0.42013921113689096,0.37660678433751693
TgL_8x,nardini_Frac H_raw,0.13746970010907797,0.1666813309863994,0.14758173391545634,2.399276876955242,2.2561901352460456,0.36994050261901945,0.412,39,0.1132828156745936,0.6351547944625304,0.1971204192933425,0.6717536466774716,0.17278996728019852
TgL_8x,nardini_Frac I_raw,-0.0010777058952049195,0.1709707295462458,-0.00020260833198953277,1.46462973747308,4.047853689974266,0.9989215725267646,0.992,47,0.1461991221127735,1.0,-0.0,0.9959600798403194,0.0017580686571396374
TgL_8x,nardini_Frac K_raw,0.05925221087740218,0.1034457217519336,0.058293939149037056,0.4702462211762436,0.4487532552691836,0.5788703245175919,0.57,93,0.10861569842521775,0.8043419150064882,0.09455929921773773,0.8008659217877094,0.0964401859154556
TgL_8x,nardini_Frac L_raw,-0.11182095091406175,0.07878171910537053,-0.11502548989755342,-0.7495010150532694,0.6473329972372102,0.16102259374179143,0.15,150,0.09991540190561508,0.3950944617176639,0.40329905804904126,0.37630922693266833,0.42445513284459246
TgL_8x,nardini_Frac M_raw,0.15857453725035214,0.09979760213564276,0.154551774915064,3.7275372319217515,2.0970177139162973,0.16831458612916078,0.12,81,0.11244253845185753,0.4072609410128459,0.3901272395972824,0.33348066298342544,0.4769293437656323
TgL_8x,nardini_Frac N_raw,-0.027877500036509302,0.09002119345757684,-0.031547181802065914,-0.308382337204113,0.4293119958692724,0.7164352587087766,0.746,135,0.10440021947872348,0.8800169356056523,0.05550896993016149,0.8955560859188544,0.047907210437699126
TgL_8x,nardini_Frac P_raw,0.08554594694172013,0.12066348941783146,0.08694224684915902,0.10409457489229001,0.8670151757919907,0.46453466392294296,0.432,73,0.10444439401054426,0.7053164002910187,0.15161601765393473,0.6843322884012539,0.16473296848874303
TgL_8x,nardini_Frac Q_raw,0.11402260849506843,0.0936017514843294,0.1150712050406243,0.22782475015409445,0.5028134112657408,0.20129891536043631,0.212,125,0.10447684687052901,0.44389646710322184,0.3527183114370834,0.4728869179600887,0.3252427002293005
TgL_8x,nardini_Frac R_raw,0.025043215947919983,0.11989637620467859,0.02272702455048175,-0.36698211081261095,0.676617820052284,0.8434327684282953,0.842,78,0.1171982697278743,0.9310169202588074,0.031042426098939303,0.9259149400218102,0.033428908324457475
TgL_8x,nardini_Frac S_raw,-0.16982755610965164,0.10587113839100473,-0.17493448806909392,-0.5300303332474143,0.6072721439137182,0.07151295712228087,0.106,107,0.10559533492876877,0.24222907361957763,0.6157737317347888,0.3127155425219941,0.5048505330078189
TgL_8x,nardini_Frac T_raw,-0.07732139250938967,0.10667846277126178,-0.0746387531750895,0.37724840645967406,0.7720609630334713,0.4628027909689697,0.472,99,0.10314484355876032,0.7043564413234243,0.1522075094307737,0.7140330827067669,0.14628166594910824
TgL_8x,nardini_Frac V_raw,0.12477943900439459,0.11622270343255829,0.1246642989589484,2.1803900999728834,2.8245192913505783,0.2556338266382069,0.274,85,0.11426463095176206,0.5102532333294368,0.292214234602713,0.5331605415860736,0.2731419995536459
TgL_8x,nardini_Frac W_raw,0.04089929429760685,0.09794198910513821,0.03640064889840742,0.8457946520353196,1.3907052248890626,0.70317882127787,0.64,112,0.10237816016808274,0.8745560247597429,0.058212364041622375,0.8372431729518856,0.07714838509763529
TgL_8x,nardini_Frac Y_raw,0.3206959628057734,0.11570697902834076,0.3250096980773187,4.288185362027367,2.778677955558055,0.01648767494802416,0.018,54,0.10131896549650607,0.08684084291995971,1.0612759697211813,0.0943125,1.0254307428803349
TgL_8x,nardini_Frac K+R_raw,0.12098381552231242,0.13869519380747106,0.12478569114686672,0.5077591989751081,0.4298722801161419,0.3733166181792644,0.392,53,0.13128229613282985,0.6361424356993822,0.19644563260242612,0.6561597337770383,0.18299042426237366
TgL_8x,nardini_Frac D+E_raw,0.13487594019273666,0.12002632673338415,0.1382550846122074,0.37767431355496245,0.43711358844236076,0.2759406443752315,0.26,64,0.1315823222296139,0.5348676074017013,0.2717537030073521,0.526763779527559,0.2783840949329437
TgL_8x,nardini_Frac Polar_raw,-0.24539464918447432,0.10969513860012779,-0.253760227710522,-0.41098096645261095,0.28604824633138765,0.021424871813915777,0.024,82,0.1148708733571902,0.10513863924292328,0.9782376481385363,0.11388679245283019,0.9435266384972368
TgL_8x,nardini_Frac Aliphatic_raw,0.16122730004373714,0.12003412936854162,0.1629370406799128,0.17238041750136357,0.9691152199540156,0.1684100909158488,0.188,73,0.10444439401054426,0.4072609410128459,0.3901272395972824,0.4327871853546911,0.36372560698683337
TgL_8x,nardini_Frac Aromatic_raw,-0.015343536718758146,0.13010959255328405,-0.007591467415347263,0.5201037808494628,1.77344630595743,0.953302885088674,0.904,62,0.10424843354262944,0.9819072159219847,0.007929548380944429,0.9582971548998946,0.01849980123202076
TgL_8x,nardini_R/K Ratio_raw,-0.006716375500912716,0.061755085702985026,-0.005444074409705026,-0.014919075669095012,0.024233524982148688,0.9314720003331375,0.936,252,0.10822557563292302,0.9720548053269049,0.012309248468723553,0.9727438016528926,0.012001527850379806
TgL_8x,nardini_E/D Ratio_raw,-0.05863534346112416,0.06301447633645925,-0.05788557999516026,-0.03288441557471345,0.035594358853004056,0.360136947759335,0.348,252,0.10822557563292302,0.6269884252027165,0.20274047658075003,0.6196247787610619,0.20787122315294904
TgL_8x,nardini_Frac Chain Expanding_raw,0.19079684801590555,0.10784502061160431,0.19360091464047235,0.25327965422352144,0.2455376379020007,0.05485185053261606,0.066,99,0.11193119201607715,0.20212806460004307,0.6943733824037948,0.22738356164383564,0.6432409351866409
TgL_8x,nardini_FCR_raw,0.20150875103482127,0.171991713376664,0.2133624285593423,0.3131514866643551,0.312861858921959,0.18619683168324258,0.252,40,0.12353859744332499,0.4288033333303948,0.36774184728597176,0.516210101010101,0.28717350159372207
TgL_8x,nardini_NCPR_raw,-0.05212689620664153,0.13062545849364368,-0.04739012430045548,-0.030522072055243626,0.2290277744567455,0.7464310305398624,0.7,49,0.13643466020980186,0.8946265716799392,0.048358206808795996,0.8725257985257985,0.059221723117488904
TgL_8x,nardini_Hydrophobicity_raw,-0.41341603529153925,0.1757144023394498,-0.43469288188320737,-0.509553529771018,0.2074961683660126,0.07143414589024559,0.038,18,0.14033918858190797,0.24222907361957763,0.6157737317347888,0.1560326530612245,0.8067845070278137
TgL_8x,nardini_Disorder Promoting_raw,0.05831332055094518,0.08896756371304271,0.0633326101731661,0.1526659000708703,0.24660705954381862,0.5013146644906518,0.486,115,0.09734388018609232,0.7380619911120179,0.13190715949509502,0.7221802067946824,0.14135441870294235
TgL_8x,nardini_Iso point_raw,0.11954600483377621,0.11550565358670928,0.12148370508300918,0.0028301094947013484,0.008093782816824465,0.31287190441426094,0.3,71,0.09818073931648302,0.5806396475577956,0.23609331275565534,0.5705103969754253,0.24373643659561478
TgL_8x,nardini_PPII_raw,0.2135278632757851,0.10565452745538423,0.220823517137818,1.114596846266018,0.6239350145888575,0.049022876476918026,0.042,80,0.11428664214830382,0.18540230727736667,0.7318848654903701,0.16569411764705883,0.7806929093161461
TgL_8x,nardini_A Patch_raw,0.04478801053282341,0.12977269537626207,0.04578293641919078,0.4240452622485702,0.6453241985494136,0.7194206440795747,0.732,64,0.120085072582744,0.8821065281556485,0.054478963851778126,0.8840240096038415,0.053535939628487135
TgL_8x,nardini_D Patch_raw,0.18769986674932673,0.24294508971412962,0.19042421676966317,2.4918144043827777,2.659329058014076,0.43487585427926845,0.464,19,0.1519731156733876,0.6772215315866007,0.16926924238148383,0.7083216995447649,0.14976945331922034
TgL_8x,nardini_G Patch_raw,0.396568083575818,0.23206518688050845,0.41696822828471497,1.6111792637339595,2.0940216815453367,0.108105672801632,0.112,16,0.10227620965336842,0.30896109897284596,0.5100961987789674,0.32284240687679083,0.49100942356908966
TgL_8x,nardini_K Patch_raw,0.21246122444088578,0.1500260273829587,0.21138527377199368,0.3213223112674498,0.7369149153762526,0.12492926741055893,0.152,54,0.138447843444407,0.33603968720594196,0.47360942821522384,0.37849504950495044,0.4219397964459239
TgL_8x,nardini_N Patch_raw,0.04793731496979636,0.48923469466256636,0.05797710356524484,-3.44729768735498,40.65109194487425,0.9131317851623264,0.8768768768768769,6,0.0925163363094033,0.9659417201611991,0.015049075837029085,0.9434632493456022,0.025275012210510792
TgL_8x,nardini_P Patch_raw,0.6087005766470224,0.19799619421690923,0.6375830883131678,4.85069898513033,2.3105578586163276,0.014169576959679188,0.01,14,0.09443440020927432,0.07703073167753044,1.1133359769667233,0.05988095238095238,1.2227113010059543
TgL_8x,nardini_Q Patch_raw,0.44936911887299036,0.25070534872153377,0.48505184062344253,6.2435006400187385,3.448741405986498,0.1304683625325763,0.104,11,0.12030862045852878,0.34814634670496486,0.45823815776026394,0.31231044776119404,0.5054134870181562
TgL_8x,nardini_S Patch_raw,-0.12259414425769356,0.2028661839351873,-0.12898488444249975,1.670291321014961,2.447672484250759,0.5300156364039359,0.54,26,0.10718355544487784,0.7682935593982125,0.11447280748552562,0.7749500713266763,0.11072627742378151
TgL_8x,nardini_T Patch_raw,0.5002662633223145,0.3134358517406628,0.5765999761251578,7.562840421324934,9.611062447107509,0.17538182452245638,0.16816816816816818,7,0.15770879660319145,0.4131946498116888,0.38384531051230025,0.40280280280280284,0.39490751617811126
TgL_8x,nardini_Frac A_zscore,0.08107365829163488,0.09929796476683274,0.08201864050378847,-0.002991323506356374,0.012898077381230647,0.3592946784491212,0.434,127,0.10111616044334398,0.6269884252027165,0.20274047658075003,0.6843322884012539,0.16473296848874303
TgL_8x,nardini_Frac D_zscore,2.9885073854461486e-05,0.08610353565468429,0.0039471243212542,0.011055162942356448,0.032122961567536405,0.9644503314146649,0.976,130,0.10722362504458516,0.9860132453284073,0.006117251048239424,0.9898068410462777,0.004449548889803266
TgL_8x,nardini_Frac G_zscore,-0.16324686892726015,0.13360377672481552,-0.166328298776791,-0.06862582742139019,0.04014607655139206,0.16565277636142892,0.22,71,0.11311383929303521,0.4025282440086896,0.39520364129171087,0.4811304347826087,0.31773717013945924
TgL_8x,nardini_Frac K_zscore,0.005471841934444811,0.10071499656026864,0.0025080771164507397,0.012672263143447464,0.027626540638940714,0.9806514702510052,0.944,96,0.11437808688103719,0.9954560230942298,0.001977921321527778,0.9770800821355236,0.0100698397569142
TgL_8x,nardini_Frac L_zscore,-0.11057225427380259,0.10015436030696583,-0.11029597727078118,-0.017642535677107076,0.024976028429003302,0.28730556455650724,0.274,95,0.10851131213369992,0.5536961646433838,0.256728484759664,0.5331605415860736,0.2731419995536459
TgL_8x,nardini_Frac M_zscore,-0.06489411932380985,0.06561120673466178,-0.06661562457556776,0.01069208445395127,0.026043777251060937,0.29215618580888375,0.346,252,0.10822557563292302,0.5587625911097662,0.25277267739399994,0.6171560283687942,0.20960502447065715
TgL_8x,nardini_Frac N_zscore,0.018046869717106326,0.09408864135151901,0.02079746785866952,-0.003413057750637839,0.0251325834505421,0.8308264350154494,0.818,108,0.09223848240775417,0.9308233003697276,0.031132753989362508,0.9188133333333333,0.03677271117936592
TgL_8x,nardini_Frac Q_zscore,0.16428054043631302,0.10242846923370215,0.1646944752672598,0.027431453929146882,0.029885292993041067,0.09809724047626604,0.122,102,0.09804203963867499,0.2954665386800109,0.5294916954577483,0.33508979812486006,0.4748387941448036
TgL_8x,nardini_Frac S_zscore,-0.14206026094737081,0.06250533376307772,-0.14501871873768732,-0.041033102629419206,0.04276561987122959,0.0223534363146841,0.022,248,0.1064524191498454,0.10863554073706379,0.9640280695826585,0.1079609756097561,0.9667331995136395
TgL_8x,nardini_Frac W_zscore,0.12295488322038076,0.13559964717819617,0.12058818226523531,0.00934482673926215,0.014254627503743128,0.36294748518810327,0.368,59,0.11393326407268153,0.6273628352220479,0.202481212345405,0.6371910499139415,0.19573033299690448
TgL_8x,nardini_Frac K+R_zscore,0.03620422541510315,0.1452512771614184,0.0313993373003379,0.016815549221886102,0.04806851767908273,0.8199796365464223,0.772,55,0.13231750576576246,0.9278959666655802,0.03250071304382439,0.9051655011655012,0.04327200679306068
TgL_8x,nardini_Frac D+E_zscore,0.024016463456973915,0.07063963995966187,0.02163183300560545,0.02172722147024405,0.05305982493859107,0.737769017973849,0.748,242,0.10937634585643181,0.8918143948633669,0.049725521940130094,0.8968867699642431,0.047262382244330346
TgL_8x,nardini_Frac Polar_zscore,-0.09855488714895,0.06480637162252359,-0.0995641344125931,-0.04295354974483134,0.03286652013092695,0.11488906652255972,0.13,252,0.10822557563292302,0.31839779868235557,0.4970299435204575,0.3441578947368421,0.4632422635900648
TgL_8x,nardini_Frac Aliphatic_zscore,0.0664802932732925,0.11717970531352345,0.06788819173647562,-0.024083964859716304,0.0333939167421731,0.5394856119560147,0.596,84,0.1002517619563497,0.7753178937539298,0.11052019272478472,0.8202134062927496,0.08607313649771545
TgL_8x,nardini_Frac Aromatic_zscore,-0.02330879857412714,0.15592723451319046,-0.028866243509996954,0.0004729097453928688,0.062214663692687334,0.8596547312569978,0.894,40,0.10921316801772785,0.9339229585794165,0.029688948227979368,0.9527161016949153,0.0210364947822427
TgL_8x,nardini_R/K Ratio_zscore,0.015760963444147555,0.06109360567549974,0.015047885581592767,-0.0024848138298733426,0.009297210169414613,0.8150923447869335,0.796,244,0.10933126247849718,0.9254885991598816,0.03362892683268632,0.9089398410896709,0.041464859954470266
TgL_8x,nardini_E/D Ratio_zscore,-0.004183969252194619,0.06671655958435085,-0.003961548014695854,-0.000369261224846287,0.012881354046675389,0.9533034466967385,0.932,221,0.11175675672159985,0.9819072159219847,0.007929548380944429,0.970592132505176,0.012963233341603401
TgL_8x,nardini_Frac Chain Expanding_zscore,-0.06075727581453935,0.06692948599256926,-0.06138861801913279,-0.005342215607869616,0.028661161191575222,0.3356613392630413,0.368,248,0.1088641199082965,0.6029916201761064,0.21968872324386873,0.6371910499139415,0.19573033299690448
TgL_8x,nardini_FCR_zscore,-0.021156583092953745,0.07070209444617248,-0.023200200858394675,0.02379910641636394,0.052181957120454446,0.7161864000100262,0.76,248,0.1088641199082965,0.8800169356056523,0.05550896993016149,0.9036350877192982,0.044006913976752056
TgL_8x,nardini_NCPR_zscore,-0.0767525788496699,0.135108832148898,-0.07859438168962452,-0.0021749917983828215,0.03044694512473783,0.6120752789154384,0.568,44,0.13382919533264695,0.8235198370535918,0.0843259350259206,0.8008659217877094,0.0964401859154556
TgL_8x,nardini_Hydrophobicity_zscore,-0.06738144376846245,0.08461500071185016,-0.07067943257052435,-0.09252040074321531,0.057524152586666065,0.3965811709617134,0.424,146,0.10319097224218336,0.6486656309616887,0.1879791122117629,0.6791695721077655,0.16802177942150676
TgL_8x,nardini_Disorder Promoting_zscore,-0.06373610471149223,0.06385678480528292,-0.06649293146926888,-0.01317624786903883,0.014714568993141369,0.2930479044999985,0.324,252,0.10822557563292302,0.559404538760908,0.2522740142769327,0.6002651933701658,0.22165683866232616
TgL_8x,nardini_Iso point_zscore,0.05054467444828609,0.0989438452305691,0.04919076998174368,0.010041740771782553,0.02616607218878336,0.6452145943299099,0.6,90,0.10494214253287858,0.8451639087186059,0.07305905702793582,0.8223433242506811,0.08494682881251835
TgL_8x,nardini_PPII_zscore,-0.003461550476545149,0.06096007056903148,-0.004227406144373145,0.0020791867668543533,0.017804478389526316,0.9467611039964863,0.968,252,0.10822557563292302,0.9788711928267885,0.009274452144677519,0.9876348884381339,0.005403576912908962
TgL_8x,cider_kappa,0.20321388832155404,0.07669599144112416,0.20471037382999754,0.3343434043759585,0.0957013375541319,0.008972648702792945,0.012,162,0.12060609685193646,0.05372907497029585,1.2697906364228255,0.06978034682080925,1.156266876361262
TgL_8x,cider_omega,0.09095432793337657,0.07244215584934725,0.09411135002012484,0.20545101483048564,0.07753403155562762,0.18836502799424884,0.22,197,0.11389133487013592,0.42942406854915305,0.36711361768936845,0.4811304347826087,0.31773717013945924
TgL_8x,cider_delta,0.20098370548471495,0.07878885117947476,0.19980735107386907,2.301901994295665,0.6495481166807381,0.010797083905522887,0.02,162,0.12060609685193646,0.06206780805117728,1.2071335916226162,0.10009950248756219,0.9995680810365991
TgL_8x,cider_mean_net_charge,-0.06940892607629587,0.13311686124544964,-0.07763838835250375,-0.48360052059122016,0.43818787882565574,0.5999248342977261,0.618,48,0.13738217085625024,0.8203707861138471,0.08598981351021923,0.8333887399463806,0.07915237166394441
TgL_8x,cider_fraction_neutral,-0.20527071837474556,0.18725193294830325,-0.2037139787534385,-0.31956372319355186,0.31070124332736815,0.2554970731755644,0.3,33,0.12963412432809499,0.5102532333294368,0.292214234602713,0.5705103969754253,0.24373643659561478
TgL_8x,sparrow_SCD,-0.19270198836228633,0.0827228955712054,-0.19173069540115714,-0.018376514576278417,0.006621040933384208,0.025345600730470104,0.028,136,0.12244800383000098,0.11804478858728207,0.9279531812895755,0.12648254473827586,0.8979694052937992
TgL_8x,sparrow_SHD,-0.0808313602446961,0.15108924496046405,-0.08181818181818183,-0.019982821658086593,0.07695682613905781,0.5526192404443178,0.598,55,0.08046554793008846,0.785218864247152,0.10500927537357006,0.8207203274215552,0.08580480993280853
TgL_8x,sparrow_complexity,0.12851510477939496,0.15893497866881695,0.12926829268292686,0.6059816607987959,0.502178735492525,0.42052462312911987,0.42,41,0.12124799652064296,0.6693793842846433,0.17432766728342744,0.6749520766773163,0.17072706209262065
TgL_8x,sparrow_scaled_rg,-0.15962777828829222,0.09350696587724804,-0.16286873063455679,-0.017110241171383798,0.007979493902137673,0.09529352601120412,0.104,106,0.11860611566090187,0.29014971464147754,0.5373778522222928,0.31231044776119404,0.5054134870181562
TgL_8x,sparrow_scaled_re,-0.19014803088739587,0.09322147774839076,-0.19035256475162513,-0.006033078275911888,0.0022093183908278176,0.042499186685114376,0.044,114,0.11589314714783497,0.16652814029388785,0.7785123679131213,0.16959386973180077,0.770589850132185
TgL_8x,sparrow_prefactor,0.21032450881585504,0.13105880743560339,0.20613432046536223,0.014537922725795457,0.007335913031908962,0.11097563544295834,0.138,61,0.11750592066703107,0.31369609289686273,0.5034908904316773,0.35872868217054266,0.4452338978977663
TgL_8x,sparrow_scaling_exponent,-0.19550669547974575,0.1002224510284256,-0.19504388975183326,-0.5699184035273711,0.4242136028737939,0.05958466396389361,0.056,94,0.11122984276280753,0.2125608934314786,0.6725166331765065,0.2041159420289855,0.6901230743391087
TgL_8x,sparrow_asphericity,-0.16556902596935116,0.09542275463902783,-0.16451096634582874,-1.206684634245188,0.5540107650291277,0.08590294221943941,0.078,110,0.11900015474668542,0.27347582238213936,0.5630810630057353,0.2581184210526316,0.5881810001983647
TgL_8x,mpipi_epsilon_self,-0.11394877397708467,0.06375769039943763,-0.11804097413302607,-0.004504326820550676,0.003420916607142397,0.07657712320861365,0.068,226,0.10878904114356099,0.24986197945302774,0.6022998237854269,0.23268027210884354,0.6332404369860124
TgL_8x,calvados_epsilon_self,-0.1270146428522366,0.06706967166466926,-0.12350884179481185,-0.00349613103761423,0.0019209542553634655,0.06439993388868051,0.05,225,0.10957620740117407,0.22263344842616015,0.6524095867415279,0.1856088560885609,0.7314013058184783
TgL_8x,avg_helix_prob,0.06085195324496736,0.06542265353373053,0.06184210526315789,0.0408656253694041,0.06103231544500917,0.3737178722647464,0.35,209,0.10726712433941783,0.6361424356993822,0.19644563260242612,0.6220848056537103,0.2061504061180872
TgL_8x,avg_beta_prob,0.004199048484640492,0.06261621546621635,0.003264136647147079,-0.38565834651484254,1.1925903155949695,0.9596278279587043,0.926,243,0.10917013467694683,0.9830810538965952,0.00741067361360542,0.9703708333333334,0.013062265637725457
TgL_8x,avg_coil_prob,-0.012105150941576109,0.06426830946530918,-0.012471962546478194,-0.012434369363484183,0.054160577047024205,0.8466271502091854,0.83,243,0.1082289558281781,0.9310169202588074,0.031042426098939303,0.9205953693495038,0.03593121396411278
TgL_8x,avg_mito_targeting,-0.08257368697439806,0.2669897248425664,-0.08685889793596142,-0.04111786069968099,0.3973707330689719,0.7157665984256159,0.76,20,0.09111425678558054,0.8800169356056523,0.05550896993016149,0.9036350877192982,0.044006913976752056
TgL_8x,avg_nes,0.1133943257822618,0.0631289835483903,0.1139889320898587,2.832194507434624,1.721156767308149,0.0731529240801009,0.062,248,0.1084693468862642,0.2436815947833825,0.6131772717421247,0.2203957597173145,0.6567967653061277
TgL_8x,avg_nis,0.2502472763705598,0.062142988124779044,0.2459752350462733,0.9151793694852806,0.38265136174211517,0.00010693358519935336,0.001,243,0.10873661970490557,0.0018872839773780609,2.7241627471434064,0.011054945054945055,1.956443411601185
A0A438HAK2,nardini_Frac A_raw,0.21139107908683957,0.08238882533598331,0.21342175989811832,1.0012099233879173,0.5098583338748425,0.007092654418181133,0.022,158,0.15174066107558293,0.04573852785057833,1.3397178177935318,0.1079609756097561,0.9667331995136395
A0A438HAK2,nardini_Frac C_raw,-0.028420696529467666,0.256737572024658,-0.03597810472506637,0.24667199542878246,13.809757276616882,0.8909629877813494,0.844,17,0.1763887117509894,0.9576787954196765,0.018780128466160204,0.9259149400218102,0.033428908324457475
A0A438HAK2,nardini_Frac D_raw,0.10134514950509886,0.08561525954857234,0.10333026050189427,1.1126991026314277,0.8281740303556574,0.23838150856782167,0.246,132,0.15365208650878648,0.49017679400108066,0.30964725301016777,0.5092098765432098,0.2931031814390057
A0A438HAK2,nardini_Frac E_raw,0.0819548963513024,0.08745908760281203,0.08267507484629934,1.0512353157468133,0.7723280381765866,0.3441096710570376,0.332,133,0.15610305773790994,0.6090064911009021,0.2153780784110002,0.6061560798548095,0.21741553442784015
A0A438HAK2,nardini_Frac F_raw,-0.4215783096102004,0.07484239195646927,-0.4215553958819624,-6.810188420478534,1.3809788964469494,1.4694068164045353e-06,0.001,121,0.14325392817010804,5.91289302921185e-05,4.228199977798331,0.011054945054945055,1.956443411601185
A0A438HAK2,nardini_Frac G_raw,0.2163162399661909,0.10291842436318742,0.2171525480253539,2.3902496282968366,0.8222332164574434,0.04861534644902419,0.05,83,0.13262536099183733,0.18455486236874846,0.7338745081919855,0.1856088560885609,0.7314013058184783
A0A438HAK2,nardini_Frac H_raw,0.06206130777110917,0.12759716388549533,0.06468999075119872,-0.1477997785645307,3.462257687449446,0.5711175975449645,0.626,79,0.12640280744237445,0.797978198791992,0.0980089736538733,0.8352201591511936,0.07819903193943578
A0A438HAK2,nardini_Frac I_raw,-0.27577398697469996,0.07612601019322317,-0.2759308254446341,-5.833463598209784,1.4186311976780737,0.0009672216833647352,0.001,140,0.1463291393673174,0.010811389038499151,1.9661185046589909,0.011054945054945055,1.956443411601185
A0A438HAK2,nardini_Frac K_raw,0.19026418739479875,0.07666492475756718,0.19317621088377424,0.6834312709723949,0.37996592645584604,0.013486940421603569,0.004,163,0.149660534218198,0.07414132275482618,1.12993966999249,0.032192,1.4922520409601854
A0A438HAK2,nardini_Frac L_raw,-0.18873628407154328,0.07979350042632069,-0.18791640731184595,-2.22867855495249,1.0625750058841696,0.02265162738877453,0.016,147,0.13931288191711358,0.1091225463218591,0.9620855085175983,0.08795628415300547,1.0557331263545962
A0A438HAK2,nardini_Frac M_raw,0.07898985659533662,0.08239878333132483,0.07770246546260114,1.5846475336241421,2.2630128515944774,0.3226817063732502,0.328,164,0.13383631588279832,0.5896649151282631,0.22939471183468763,0.6032321755027422,0.2195155019018431
A0A438HAK2,nardini_Frac N_raw,-0.16912159556412074,0.08004312740798146,-0.1712512221281587,-1.2344835774891691,0.5770473838892517,0.03037142267886765,0.036,160,0.1486609132932925,0.13519314696876486,0.8690453225148126,0.15281012658227847,0.815847864522908
A0A438HAK2,nardini_Frac P_raw,0.14264108070930864,0.10082587133266986,0.13901538541877279,1.0752362817609722,1.032817894322895,0.20725848101178232,0.162,84,0.13006731316355302,0.44996443086419746,0.34682181531341444,0.3936521739130435,0.40488734585835934
A0A438HAK2,nardini_Frac Q_raw,-0.19176525501884173,0.07859489902977386,-0.18923312790442867,-1.6501996466865558,0.7378360538395301,0.020813235721136324,0.02,149,0.15134582649949108,0.10314342431262631,0.9865584543197331,0.10009950248756219,0.9995680810365991
A0A438HAK2,nardini_Frac R_raw,-0.17745597613102945,0.08246472418178787,-0.17491000125424566,-0.4098935180127081,0.552115181242092,0.026001329615755228,0.038,162,0.15332607708358448,0.12054072623709566,0.9188661963108392,0.1560326530612245,0.8067845070278137
A0A438HAK2,nardini_Frac S_raw,0.15833979855193836,0.08212032805887942,0.15710705501838576,0.681376963414329,0.36680905038774625,0.06281372470225599,0.058,141,0.14740210870516043,0.21941183003635253,0.6587399602572018,0.21064259927797835,0.6764537947816026
A0A438HAK2,nardini_Frac T_raw,-0.34796685265799204,0.0758150071297517,-0.34757815808893294,-2.3733318202132385,0.5878761629693273,0.00011505690949085409,0.001,118,0.14209906945971573,0.001929120849129987,2.714640565271441,0.011054945054945055,1.956443411601185
A0A438HAK2,nardini_Frac V_raw,-0.0764784241254802,0.08186900130177137,-0.07562351814468046,-0.7833720928336575,1.082190213948082,0.3780159817514551,0.378,138,0.14799071401551003,0.6378197683198755,0.19530202454242793,0.6467142857142857,0.1892875455190046
A0A438HAK2,nardini_Frac W_raw,0.29589497561481004,0.25513215729582644,0.3161036669450954,19.88641202472742,13.051496152973202,0.20128249344928698,0.2644628099173554,18,0.18727255800727832,0.44389646710322184,0.3527183114370834,0.526763779527559,0.2783840949329437
A0A438HAK2,nardini_Frac Y_raw,0.2021866486584569,0.08413695782262014,0.2049647389009282,5.061320472062254,2.4819889885122053,0.02029438881141995,0.032,128,0.14133429016284907,0.10208077572144234,0.9910560383656455,0.13935930735930738,0.8558640208523297
A0A438HAK2,nardini_Frac K+R_raw,0.06822520798260066,0.14894103506223622,0.08054611529387286,0.3142084217477174,0.5001611507506749,0.5514381875713265,0.626,57,0.1850043349411618,0.7846489627959751,0.10532459499740573,0.8352201591511936,0.07819903193943578
A0A438HAK2,nardini_Frac D+E_raw,0.17049324153681727,0.1187298733708596,0.17186896378213656,0.9290855318778394,0.5420449366897075,0.20111838487684436,0.152,57,0.18947148536316574,0.44389646710322184,0.3527183114370834,0.37849504950495044,0.4219397964459239
A0A438HAK2,nardini_Frac Polar_raw,-0.17321122531926358,0.11588230422261772,-0.17772112082935643,-0.7452314199082596,0.4590834139533395,0.10796981822477486,0.138,83,0.15736887595370788,0.30896109897284596,0.5100961987789674,0.35872868217054266,0.4452338978977663
A0A438HAK2,nardini_Frac Aliphatic_raw,0.16305179209843101,0.1401405391872336,0.1667116057489638,0.18660017200059675,0.5498973997435004,0.20297945919335333,0.246,60,0.13674515823108244,0.445845711677977,0.350815406219713,0.5092098765432098,0.2931031814390057
A0A438HAK2,nardini_Frac Aromatic_raw,0.1802957758055437,0.10684297436772483,0.18151312911143697,4.201448646478501,1.8140595552423973,0.10267407326982958,0.092,82,0.13317641219759896,0.30306011280655915,0.5184712194487008,0.2847753846153846,0.5454975529134105
A0A438HAK2,nardini_R/K Ratio_raw,-0.18229967154586182,0.06520397623582475,-0.18428574926603236,-0.1367548278311384,0.03993783350773628,0.002111662336236954,0.006,276,0.13106688405620218,0.02023173628813691,1.6939668444660125,0.040783783783783785,1.389512484291405
A0A438HAK2,nardini_E/D Ratio_raw,-0.001094440854931056,0.08473405701537176,0.003573065460408538,0.02630697593722623,0.07944683777712014,0.9675660931065533,0.994,132,0.15979279312007744,0.9871921801878222,0.005598293459465045,0.9959800796812749,0.0017493476917786307
A0A438HAK2,nardini_Frac Chain Expanding_raw,0.1887416292889743,0.11401481704506268,0.18538159478823393,0.7650883046585757,0.32459996101007077,0.09337233014222958,0.102,83,0.15285971616319374,0.28991532136754,0.5377288325596258,0.3090722891566265,0.5099399312222102
A0A438HAK2,nardini_FCR_raw,0.2017727230800986,0.17147687692265648,0.20308799336147326,0.5778412405933239,0.3831808905918624,0.2149787696338767,0.266,39,0.19669321220467767,0.45648081818180564,0.34057746727058424,0.526763779527559,0.2783840949329437
A0A438HAK2,nardini_NCPR_raw,0.1234753379394023,0.1574415699884875,0.13674198326779738,0.022553264437442423,0.38889127198787177,0.381915648077926,0.444,43,0.19714740390504332,0.6378197683198755,0.19530202454242793,0.6946562986003111,0.15823002208969364
A0A438HAK2,nardini_Hydrophobicity_raw,-0.15692713153855023,0.18604991404928287,-0.17333333333333334,-0.0821395293184704,0.11329872175935297,0.39710702203410353,0.368,26,0.16981328325877684,0.6486656309616887,0.1879791122117629,0.6371910499139415,0.19573033299690448
A0A438HAK2,nardini_Disorder Promoting_raw,0.4933879372426536,0.0684031747944028,0.49995461021450743,1.7547072468831866,0.37525460901716684,6.674426568916801e-10,0.001,135,0.14224054390262497,8.393091410412878e-08,7.07607804689503,0.011054945054945055,1.956443411601185
A0A438HAK2,nardini_Iso point_raw,-0.04702244660957082,0.13697965513669724,-0.05131959292965912,-0.007290263959392013,0.011432801886828206,0.7098185562195478,0.73,55,0.1753778346569054,0.8789054379584572,0.05605784845525575,0.8840240096038415,0.053535939628487135
A0A438HAK2,nardini_PPII_raw,0.3107680726362825,0.09345867918539243,0.31742551342342334,3.9008630793342305,1.5481604674566933,0.002582674098157111,0.006,88,0.1351955044648661,0.02220658241663294,1.6535182740406147,0.040783783783783785,1.389512484291405
A0A438HAK2,nardini_A Patch_raw,-0.06844234250138598,0.12768135257302127,-0.07199896334063588,-0.47360962274037943,0.6869724451762392,0.5656343393684489,0.574,66,0.10712720460270443,0.7958435600065168,0.09917229369839718,0.8042395543175487,0.09461457112441826
A0A438HAK2,nardini_E Patch_raw,0.07840150448595125,0.337582885710053,0.08496227317903608,0.815541331718979,2.5593661055517565,0.7929125422814512,0.836,12,0.07447744092341212,0.9116081320611712,0.040191809321477,0.923178924259056,0.03471411881407325
A0A438HAK2,nardini_G Patch_raw,-0.562419676958923,0.1713136840460281,-0.5798057334855656,-4.629974162327324,2.414114697811817,0.004679159948146978,0.006,22,0.10352145494916544,0.033864999336948635,1.4702489285607812,0.040783783783783785,1.389512484291405
A0A438HAK2,nardini_K Patch_raw,0.09805652203340327,0.07919274078370006,0.0977702566164319,0.38289067622058515,0.37678181575101316,0.23875410443392597,0.224,147,0.13261905994813067,0.49017679400108066,0.30964725301016777,0.4867041036717063,0.3127349919638817
A0A438HAK2,nardini_N Patch_raw,-0.6358720499776807,0.3321761261639049,-0.6957252427829381,-7.455643013448215,4.410019816578181,0.12478933744028704,0.07607607607607608,6,0.2880790798609714,0.33603968720594196,0.47360942821522384,0.2551084417751085,0.5932751699449447
A0A438HAK2,nardini_R Patch_raw,0.19558099136368332,0.3273654080334841,0.22075897126766306,1.267428730055966,1.2568741252375506,0.4481965541144066,0.562,14,0.10504357901189874,0.6905414685726016,0.1608102359391012,0.7974217207334275,0.09831193889409677
A0A438HAK2,nardini_S Patch_raw,-0.2296716625869346,0.16810570665845545,-0.23494886758095393,-0.9147517372537531,0.8670495688533691,0.14447020345917752,0.174,40,0.11242992303107777,0.3671651745067286,0.4351385182028552,0.4138156028368794,0.38319313837253405
A0A438HAK2,nardini_T Patch_raw,-0.4034075454189468,0.26799579017209224,-0.4337090306541788,-3.9022692968780337,4.663096187582639,0.1826304877693395,0.15,11,0.20419713207715437,0.4262001899358375,0.37038636107872025,0.37630922693266833,0.42445513284459246
A0A438HAK2,nardini_Frac A_zscore,0.21405503918469804,0.08310026001793665,0.220070125942708,0.04430817815051734,0.022504907385613802,0.005614721370396274,0.004,157,0.15217055619646738,0.038424555772915994,1.4153911446866818,0.032192,1.4922520409601854
A0A438HAK2,nardini_Frac D_zscore,0.18231602784450118,0.060271703922132734,0.1828125174516613,0.04707543803055094,0.03553676747986229,0.002978004729856017,0.006,262,0.12297482090464686,0.02416026417931575,1.6168983212515764,0.040783783783783785,1.389512484291405
A0A438HAK2,nardini_Frac E_zscore,-0.01250068761255829,0.05802949623448642,-0.011060305930248747,-0.03014654171906659,0.04231619313928284,0.8580465179698186,0.848,264,0.12428887862645456,0.9331835644082567,0.030032918774189604,0.928278563656148,0.03232167840948883
A0A438HAK2,nardini_Frac F_zscore,0.06746641036183315,0.06919828181544456,0.06917862826436881,-0.0461654763531682,0.03272483584957931,0.3303704535094376,0.346,200,0.13225531571896507,0.5992259207179792,0.2224094086241692,0.6171560283687942,0.20960502447065715
A0A438HAK2,nardini_Frac G_zscore,0.21871025886803802,0.09901445989037963,0.2171525480253539,0.10039908455170081,0.03453341860157311,0.04861534644902419,0.034,83,0.13262536099183733,0.18455486236874846,0.7338745081919855,0.14554893617021278,0.8369909645095726
A0A438HAK2,nardini_Frac H_zscore,0.33645898970776816,0.0649542535548408,0.3371817839634745,0.20304569335482023,0.15118939800703263,4.3631047112584234e-07,0.001,214,0.1363177193345471,2.5819313761917494e-05,4.588055304802869,0.011054945054945055,1.956443411601185
A0A438HAK2,nardini_Frac I_zscore,0.012496988104777793,0.07784110903963518,0.00886899137975501,-0.11540473083646516,0.04120437145941267,0.900556879192665,0.888,201,0.13385350323082107,0.9593724508400886,0.018012756810202316,0.9503489361702128,0.02211690710118905
A0A438HAK2,nardini_Frac K_zscore,0.17995224743120178,0.07710275252721735,0.18289496795954063,0.0331223612928694,0.026280873831010274,0.023185727053548832,0.016,154,0.14494936001544015,0.11107067340890535,0.9544005950462136,0.08795628415300547,1.0557331263545962
A0A438HAK2,nardini_Frac L_zscore,0.05474385984288605,0.10284688711736152,0.05413537205816366,0.00713688046330112,0.03265156565802887,0.6123189245686745,0.57,90,0.13031967235798772,0.8235198370535918,0.0843259350259206,0.8008659217877094,0.0964401859154556
A0A438HAK2,nardini_Frac M_zscore,-0.1741008307340825,0.06228996138680848,-0.17196034469096694,-0.05536859281993168,0.029602546953707242,0.004167092951119602,0.004,276,0.13106688405620218,0.031284294841987456,1.5046736297126748,0.032192,1.4922520409601854
A0A438HAK2,nardini_Frac N_zscore,0.12836985931217973,0.07394028201438728,0.1308296082291923,-0.04554385367659694,0.04891528213102896,0.0654931616987426,0.082,199,0.13464109629144333,0.224867306037321,0.6480736830247115,0.2669644012944984,0.5735466463212093
A0A438HAK2,nardini_Frac P_zscore,0.44552044560837256,0.051856533961706495,0.44470905737830535,0.17719645624185495,0.03194237370370942,9.25299440724283e-15,0.001,275,0.13102063156632374,9.308512373686288e-12,11.031119719611743,0.011054945054945055,1.956443411601185
A0A438HAK2,nardini_Frac Q_zscore,0.22865165212543187,0.07832668928180683,0.23154380892935025,0.005397839224692238,0.0503745107501745,0.001195475221744107,0.01,193,0.13118019247474538,0.012931699710479264,1.8883443887802467,0.05988095238095238,1.2227113010059543
A0A438HAK2,nardini_Frac R_zscore,0.1469204342691941,0.1159672915165189,0.14937918449505844,0.04496641531705818,0.027007884355278095,0.15995468996461723,0.22,90,0.16381275380382876,0.39343378509634463,0.40512834891361654,0.4811304347826087,0.31773717013945924
A0A438HAK2,nardini_Frac S_zscore,0.15173494973754384,0.05984925641968693,0.1517098793472429,0.053513386223331974,0.02951075890517856,0.012569305995425328,0.014,270,0.1311899545722729,0.07064090408602168,1.1509437511482425,0.07868156424581006,1.1041270145817466
A0A438HAK2,nardini_Frac T_zscore,-0.21729133361570518,0.06086147735889812,-0.2213668204046542,-0.13087446050103188,0.03415864132288955,0.0006483483901838557,0.001,234,0.13975109945477301,0.008028971429101629,2.095340087508013,0.011054945054945055,1.956443411601185
A0A438HAK2,nardini_Frac V_zscore,-0.019148050859934148,0.08592049239595989,-0.020244981348776073,2.1427392863828386e-05,0.031442292756785624,0.8198607834992285,0.85,129,0.14853244455278128,0.9278959666655802,0.03250071304382439,0.9284473398479913,0.03224272376264759
A0A438HAK2,nardini_Frac Y_zscore,-0.10435311137553846,0.20477484252876113,-0.10948056957211257,-0.057681688808277835,0.08625225334259776,0.6276784231463836,0.59,22,0.1641204754440873,0.8323734237040844,0.07968179453792273,0.8186758620689655,0.08688801420894093
A0A438HAK2,nardini_Frac K+R_zscore,-0.004888785445448471,0.15618503827668992,0.0013267753326847611,-0.008861479518771202,0.04547541736935371,0.9925519084113029,0.986,52,0.1747833350969142,0.9995067265883592,0.00021427877410209095,0.9939038076152305,0.0026556456262513107
A0A438HAK2,nardini_Frac D+E_zscore,0.07784161817114972,0.05795260255459851,0.07987794580724855,0.018971913997240193,0.033879819868186535,0.19404324003372558,0.168,266,0.12437313479937318,0.43670581537791486,0.35981102477267735,0.40280280280280284,0.39490751617811126
A0A438HAK2,nardini_Frac Polar_zscore,-0.0690636090461276,0.06424378331728825,-0.06952657084427746,-0.08700894322711501,0.04803268307761198,0.24964438702126177,0.274,276,0.13106688405620218,0.5073580875624026,0.2946854123452522,0.5331605415860736,0.2731419995536459
A0A438HAK2,nardini_Frac Aliphatic_zscore,0.1351851445621649,0.08362012315359625,0.13736834258254674,-0.0382740930066859,0.031868543020196385,0.041327567359999706,0.106,221,0.1415161606366958,0.16368319985889648,0.785995893483589,0.3127155425219941,0.5048505330078189
A0A438HAK2,nardini_Frac Aromatic_zscore,-0.07987610502720846,0.10069430639666757,-0.07529480902553334,-0.056319425810229355,0.11978067802433354,0.323421856595821,0.426,174,0.14693522248974494,0.5896649151282631,0.22939471183468763,0.6791695721077655,0.16802177942150676
A0A438HAK2,nardini_R/K Ratio_zscore,-0.17527668222100373,0.0653468461224964,-0.17642274026485094,-0.04836528266272326,0.01497760332778527,0.003762388822128809,0.006,268,0.12765677938414385,0.029562743117933176,1.5292552703547246,0.040783783783783785,1.389512484291405
A0A438HAK2,nardini_E/D Ratio_zscore,0.013361881597308663,0.09888710465286726,0.014559563104681109,0.0099877896950135,0.025963774630818552,0.8772656228855873,0.89,115,0.1424765825369118,0.9459048409677393,0.024152551887125392,0.9514771519659936,0.02160163606243555
A0A438HAK2,nardini_Frac Chain Expanding_zscore,0.3343624341397076,0.05962466190574805,0.33810156572448424,0.12247466961501344,0.03590481238487196,8.30997825361289e-09,0.001,276,0.13106688405620218,7.599852839213243e-07,6.119194817158211,0.011054945054945055,1.956443411601185
A0A438HAK2,nardini_FCR_zscore,0.014042271961488299,0.07103421702475696,0.013978552217004054,0.022959386423598575,0.057360748248067,0.8340925350365649,0.85,227,0.13620902901187096,0.9310169202588074,0.031042426098939303,0.9284473398479913,0.03224272376264759
A0A438HAK2,nardini_NCPR_zscore,0.09166810115601695,0.156512608350797,0.09753639146090586,-0.010606195240396098,0.051297354591687286,0.5547160748202997,0.57,39,0.17497149143837645,0.7870865603233026,0.10397750321457219,0.8008659217877094,0.0964401859154556
A0A438HAK2,nardini_Hydrophobicity_zscore,0.03160172693335312,0.07580996287001704,0.031643491526258574,-0.07613776761826543,0.029066668219591724,0.6605554760013554,0.706,195,0.13489361980140205,0.8484480154364846,0.07137476183269457,0.8725257985257985,0.059221723117488904
A0A438HAK2,nardini_Disorder Promoting_zscore,0.37038244251674324,0.055485319705979086,0.3705641909888046,0.08532962939712084,0.014117261993126132,2.0700800900218918e-10,0.001,276,0.13106688405620218,3.4708342842700386e-08,7.459566121317109,0.011054945054945055,1.956443411601185
A0A438HAK2,nardini_Iso point_zscore,-0.01681993197371248,0.07884335649752848,-0.01570830811047545,-0.00732576193968184,0.03453281584085749,0.8512470557373703,0.832,145,0.15583058678841039,0.9310169202588074,0.031042426098939303,0.9217973568281939,0.03536454151045257
A0A438HAK2,nardini_PPII_zscore,0.2284131353684416,0.05896765846416075,0.22958329186342738,0.15284152463930856,0.02761230860557094,0.00011891996585759679,0.001,276,0.13106688405620218,0.001961204682831842,2.707477078445643,0.011054945054945055,1.956443411601185
A0A438HAK2,nardini_K Patch_zscore,-0.037239833483744295,0.14374659707805887,-0.0388363203688809,-0.0449206443308679,0.05113578310824606,0.786719385057977,0.778,51,0.10022798888651915,0.9091791546863127,0.041350530171537815,0.9069154113557358,0.042433218005612054
A0A438HAK2,cider_kappa,0.11052112001413332,0.09982928095209344,0.11262927887223588,0.26203648939235824,0.1333856089687826,0.23283049004695897,0.268,114,0.1367771924481937,0.48494300825515674,0.3143092977990863,0.5296817288801572,0.2759850075880613
A0A438HAK2,cider_omega,-0.14972685676941536,0.07207691469293277,-0.14962301403205572,-0.23456628575446298,0.17761849677226155,0.03988746293064389,0.044,189,0.12758031486713947,0.160507150832911,0.7945056143613246,0.16959386973180077,0.770589850132185
A0A438HAK2,cider_delta,0.15067250104796184,0.08992118928476187,0.15081714384400377,1.2696168994315153,0.6676233067746574,0.09317849725151564,0.094,125,0.13987351176289564,0.28991532136754,0.5377288325596258,0.2891865443425077,0.5388219183406787
A0A438HAK2,cider_mean_net_charge,0.18719903895384912,0.15545173236079626,0.19910955348781895,0.2505039605078599,0.7919631793123266,0.21201749754134694,0.24,41,0.2033706620983311,0.45455829057441643,0.3424104168389634,0.5050602248338012,0.2966568322704197
A0A438HAK2,cider_fraction_neutral,-0.23447062279848727,0.17995505288121186,-0.23507299804157836,-0.5696833368602756,0.393277371599747,0.17403844150506664,0.204,35,0.1979150343305799,0.4128622952902443,0.3841947773216847,0.4611775280898876,0.33613186283512425
A0A438HAK2,sparrow_SCD,0.04088047854372486,0.09398790865476439,0.0384978176231946,7.31033576019076e-05,0.009726721789632076,0.6674007059860196,0.66,127,0.14452122293998768,0.8522184963094451,0.06944904422855352,0.8523234916559693,0.06939554141078712
A0A438HAK2,sparrow_SHD,0.04837719436865251,0.13593625263082146,0.048663877742679065,0.013379917359564638,0.07630537020612155,0.7319048408868285,0.766,52,0.1327994537602978,0.8871039396772885,0.052025492024304926,0.9036350877192982,0.044006913976752056
A0A438HAK2,sparrow_complexity,-0.3608970271561534,0.08728857642168064,-0.3655608542400995,-2.1730913390226707,0.6572466089943861,0.00012574448221305156,0.001,105,0.12918871861787823,0.0020341294324503854,2.691621416206512,0.011054945054945055,1.956443411601185
A0A438HAK2,sparrow_scaled_rg,0.19613584222889643,0.13350734436429043,0.20489795918367346,0.03782939137091322,0.024014172625213197,0.15346556701536498,0.14,50,0.15468443973839183,0.3802619714715694,0.4199171045275561,0.36298969072164955,0.44010570919606057
A0A438HAK2,sparrow_scaled_re,0.22760316053672622,0.10124404638152529,0.23160878809355065,0.005441361702657112,0.004370053729591664,0.034019678203452745,0.038,84,0.13321525137868473,0.14501608590115875,0.8385838210020353,0.1560326530612245,0.8067845070278137
A0A438HAK2,sparrow_prefactor,-0.003616803096434117,0.18212298281176498,-0.009246088193456613,0.00433666525269939,0.005865828017481824,0.9566862023591787,0.998,37,0.1477489752981326,0.9830708065100446,0.007415200612279822,0.998,0.0008694587126288914
A0A438HAK2,sparrow_scaling_exponent,-0.013426899985993931,0.2449690388463315,-0.029870129870129873,-0.5737492543901133,1.0342161686990015,0.8977307350801784,0.974,21,0.14451576074625289,0.9593724508400886,0.018012756810202316,0.9898068410462777,0.004449548889803266
A0A438HAK2,sparrow_asphericity,0.006302498383519563,0.2881354197777527,0.004901960784313726,0.4652109789399202,1.1628052311831927,0.9851029592703198,0.978,17,0.07287683573852563,0.9955501672264074,0.0019368503521479967,0.9898068410462777,0.004449548889803266
A0A438HAK2,mpipi_epsilon_self,0.17861646385063012,0.07612113099674553,0.18065762248413753,0.008396169327967797,0.007869368195482588,0.013350343030100197,0.024,187,0.1412369815593909,0.07379365433121318,1.131980982451037,0.11388679245283019,0.9435266384972368
A0A438HAK2,calvados_epsilon_self,0.3144477675356532,0.059086876850674215,0.31550739374906916,0.01249489511981669,0.0025249975028130275,1.0387028013931338e-06,0.001,230,0.132033145958125,5.0388609061829196e-05,4.29766762983851,0.011054945054945055,1.956443411601185
A0A438HAK2,avg_helix_prob,-0.26314495745054717,0.06013979819667972,-0.26411693306995077,-0.7513286419961491,0.22202334712558378,2.0031659957152876e-05,0.001,254,0.13096712394046675,0.000491508534558434,3.308468936673243,0.011054945054945055,1.956443411601185
A0A438HAK2,avg_beta_prob,-0.423516087140901,0.05359160300842683,-0.42201699704080753,-5.555170589568855,0.8391774003628364,4.35759685516346e-12,0.001,247,0.12540238740116613,2.1918712181472203e-09,8.659184966105114,0.011054945054945055,1.956443411601185
A0A438HAK2,avg_coil_prob,0.3571825854696923,0.06716346936602544,0.3563258501440003,0.7841443837040769,0.2331220370636108,1.0518496921455398e-06,0.001,178,0.13248273551282994,5.0388609061829196e-05,4.29766762983851,0.011054945054945055,1.956443411601185
A0A438HAK2,avg_nes,-0.1310432395969422,0.0594043857126887,-0.13098067399394486,-1.8495695624907516,0.9208647189283253,0.040924658451780664,0.044,244,0.13239513361653704,0.16272808854739665,0.7885374768832543,0.16959386973180077,0.770589850132185
A0A438HAK2,avg_nis,0.22727842730281123,0.06416483091877113,0.22682052512840203,0.6955555347204667,0.2773461442069727,0.00029963956478826036,0.002,250,0.13142747007996483,0.004217637178893475,2.374930783055944,0.019346153846153846,1.7134053629148907
Os_LEA_or4,nardini_Frac A_raw,0.30664519297986426,0.1532661734162569,0.31344701321872825,2.6837424865599813,1.2312662788463171,0.03827954348131996,0.064,44,0.12337731645106001,0.15654154773255236,0.8053703766079713,0.22201379310344826,0.6536200431951603
Os_LEA_or4,nardini_Frac D_raw,-0.19430567430687432,0.14389749377484554,-0.1992573039607739,-1.9851970830193972,1.3019800223892075,0.13373189037764616,0.18,58,0.12101808639662433,0.3542931685752567,0.45063722158348246,0.42013921113689096,0.37660678433751693
Os_LEA_or4,nardini_Frac E_raw,-0.18721218734554954,0.13804162576205795,-0.19380871880695782,-3.9423098732401014,1.672843773479416,0.1485861944047211,0.184,57,0.11829140190847755,0.374475018027294,0.4265771496461761,0.4265069124423963,0.37007392578306564
Os_LEA_or4,nardini_Frac F_raw,-0.021455072122949424,0.16064487436909938,-0.01645454989548947,-3.0023137620131313,4.910335691721278,0.9176245606727031,0.892,42,0.1137965532542579,0.9675164310687541,0.014341650741198168,0.9526029723991508,0.02108806769684568
Os_LEA_or4,nardini_Frac G_raw,0.17234785677405204,0.19374791743998276,0.1770897549499014,0.948507886200002,1.7506420670742329,0.36732132502427683,0.368,28,0.12172545448756068,0.6338340531293696,0.19802443177731627,0.6371910499139415,0.19573033299690448
Os_LEA_or4,nardini_Frac H_raw,0.1284139326043929,0.12141553838316992,0.12601523284318866,5.968530346811693,9.338240640363058,0.5573805187701613,0.248868778280543,24,0.11256029152979712,0.7896581295704163,0.10256088918537525,0.5140903304932777,0.2889605646855926
Os_LEA_or4,nardini_Frac I_raw,-0.3308664845156661,0.17885298879816203,-0.34284875663655195,-3.633616603302753,2.677571097855984,0.13892030625155494,0.084,20,0.11475471972521496,0.36191086408437306,0.44139837975149615,0.2691210191082803,0.5700523812914247
Os_LEA_or4,nardini_Frac K_raw,-0.13286926261219956,0.13942411831152976,-0.1323822825977252,-0.8435716927957102,0.872951362841811,0.30503841692402794,0.338,62,0.11722619974488598,0.5735862568702282,0.24140126291369912,0.6115611510791368,0.2135601105844941
Os_LEA_or4,nardini_Frac L_raw,-0.0663199006258347,0.14436804772685302,-0.06674529649406331,-1.1438601382607778,1.7179834526609656,0.6594139578171418,0.636,46,0.11730362002109997,0.8482997973964765,0.07145063672296513,0.8372431729518856,0.07714838509763529
Os_LEA_or4,nardini_Frac M_raw,-0.09581881548204646,0.16258063659226654,-0.10675169078924356,-4.096816777196727,5.43840972500483,0.5479050488057078,0.548,34,0.12154795902709441,0.7818333036858752,0.10688583390512015,0.7819687943262412,0.1068105777871209
Os_LEA_or4,nardini_Frac N_raw,0.16605565054554017,0.14823045198222534,0.16861684922362083,3.0027741298306685,1.2390252420584678,0.20577257953918277,0.264,58,0.11549207811345881,0.44811600882452035,0.3486095407556455,0.526763779527559,0.2783840949329437
Os_LEA_or4,nardini_Frac P_raw,-0.08969478154104915,0.19438154679481537,-0.10076598431335651,-0.9225675582599889,2.266032044060013,0.60991461580545,0.636,28,0.12172545448756068,0.8235198370535918,0.0843259350259206,0.8372431729518856,0.07714838509763529
Os_LEA_or4,nardini_Frac Q_raw,0.20177952049117473,0.13911450784005205,0.21029610653602265,2.9128379373844253,0.94632852749997,0.11978634084223243,0.148,56,0.11425573275286395,0.32715505888087315,0.4852463597090053,0.37630922693266833,0.42445513284459246
Os_LEA_or4,nardini_Frac R_raw,0.07482886862913923,0.13037877166724426,0.07405757132749757,-0.2699871744976445,0.9063409393139986,0.5672887258361377,0.572,62,0.12032410515793521,0.7970565058535677,0.0985108890047488,0.8025550906555089,0.09552514615486742
Os_LEA_or4,nardini_Frac S_raw,-0.6019114572043613,0.10191319921975014,-0.6103450655590482,-3.387559229142149,0.7254426146001567,1.9809590293585542e-06,0.001,51,0.11771517915178982,6.871878563912777e-05,4.162924523724045,0.011054945054945055,1.956443411601185
Os_LEA_or4,nardini_Frac T_raw,0.3519034929108265,0.1496172333460474,0.35555087978425237,3.4180259506315784,1.1329640617186232,0.019292430022493343,0.028,43,0.11208068899688758,0.0980211343567086,1.00868027588982,0.12648254473827586,0.8979694052937992
Os_LEA_or4,nardini_Frac V_raw,-0.2752520395933268,0.1303960929389765,-0.27335487680726483,-3.422925804742926,1.805074480606101,0.05737295103220766,0.056,49,0.11538860771790013,0.20687164422365917,0.6842990337477244,0.2041159420289855,0.6901230743391087
Os_LEA_or4,nardini_Frac Y_raw,0.21892864847953544,0.07873115662103214,0.21291284975123395,14.91020742365301,5.570060930272064,0.20579482711424293,0.001,37,0.11826232763276369,0.44811600882452035,0.3486095407556455,0.011054945054945055,1.956443411601185
Os_LEA_or4,nardini_Frac K+R_raw,-0.09782409923298442,0.23381229626715158,-0.10951485472957008,-0.4101183353816846,0.9357694312597776,0.6188886551022017,0.674,23,0.13612647052837312,0.8271077549684527,0.08243790720718704,0.857615,0.06670763161555607
Os_LEA_or4,nardini_Frac D+E_raw,-0.38597936429226776,0.21443529486786722,-0.3967297462836392,-1.6171647683175334,0.7907669112025671,0.0608884157442545,0.106,23,0.13612647052837312,0.21492542539901763,0.6677122049956012,0.3127155425219941,0.5048505330078189
Os_LEA_or4,nardini_Frac Polar_raw,0.05023815173023925,0.21297479804307987,0.06012806110791454,1.2837503586378811,0.6863556026260142,0.7479737654564518,0.806,31,0.12995748006045724,0.8946265716799392,0.048358206808795996,0.9120764904386952,0.03996873844521444
Os_LEA_or4,nardini_Frac Aliphatic_raw,0.2833944134770913,0.18995269087664002,0.28986742828130185,0.4706978374983198,2.220976203804854,0.14247799893670984,0.136,27,0.12182048786413952,0.3637890023612439,0.43915043415109334,0.3581570680628272,0.4459264738215826
Os_LEA_or4,nardini_Frac Aromatic_raw,0.009703558844173697,0.21902888981471944,0.009214138136104652,8.196262927399758,17.976164051919923,0.9659160628088407,0.946,24,0.1261203129850819,0.9865091971428362,0.005898861501740454,0.9770800821355236,0.0100698397569142
Os_LEA_or4,nardini_R/K Ratio_raw,0.14229707651061838,0.10440267511178923,0.14351122021259785,0.11645320693852712,0.07259266905717324,0.14029306654937082,0.166,107,0.1213065610209119,0.36191086408437306,0.44139837975149615,0.40240000000000004,0.39534202795212897
Os_LEA_or4,nardini_E/D Ratio_raw,-0.2155583447529196,0.0925988122122185,-0.22286432034334783,-0.3277243876751543,0.18530775793610949,0.021035361528308306,0.018,107,0.1213065610209119,0.10373320439940271,0.9840822062027443,0.0943125,1.0254307428803349
Os_LEA_or4,nardini_Frac Chain Expanding_raw,-0.1823059413008018,0.16857782844346098,-0.18261753379896978,-1.2022108895724228,0.5550618621820244,0.25937623068837284,0.286,40,0.1230141685436092,0.5126134533840048,0.29021000007576,0.5501261950286807,0.25953767501832264
Os_LEA_or4,nardini_FCR_raw,-0.2881938695652234,0.2863098608427433,-0.30700624833000845,-0.7438419391061504,0.6261258097261686,0.2656962871541438,0.326,15,0.1318908687289053,0.5190106114117837,0.28482376270940085,0.601754128440367,0.22058092148879482
Os_LEA_or4,nardini_NCPR_raw,0.3653446382845182,0.22005355927184542,0.3639787349290058,0.6898759154034791,0.5103767294107752,0.18230645071998858,0.126,15,0.13542675887425118,0.4262001899358375,0.37038636107872025,0.339828418230563,0.46874030597121613
Os_LEA_or4,nardini_Hydrophobicity_raw,-0.5516838295670174,0.45094647098197005,-0.6,-0.12047869069334365,0.130640402223532,0.20799999999999982,0.202,6,0.1409656646990022,0.4499956989247308,0.3467916372072842,0.4597556561085973,0.3374729191825595
Os_LEA_or4,nardini_Disorder Promoting_raw,-0.12595915727231038,0.23164267381653605,-0.12683698030010793,-0.7124496878391084,1.9074803907720987,0.5641394156999051,0.606,23,0.11556527877177925,0.7949929117678096,0.09963674353705204,0.8260650406504064,0.0829857569368468
Os_LEA_or4,nardini_Iso point_raw,0.4659781743832827,0.21072970888843243,0.49170484185887253,0.06105117165199687,0.024834319113139776,0.044996448889179294,0.04,17,0.14069303863542704,0.1735701901904834,0.7605248606540058,0.16096,0.7932820366241666
Os_LEA_or4,nardini_PPII_raw,0.11645057145595317,0.25763141213887986,0.1357142857142857,0.6732093195865889,2.875120410233958,0.6296204418728145,0.592,15,0.12345392809573581,0.8323734237040844,0.07968179453792273,0.8202134062927496,0.08607313649771545
Os_LEA_or4,nardini_A Patch_raw,0.5087873128732798,0.08798412890495236,0.512803329126567,1.996384798709152,0.41140053102361585,1.8584865617701077e-06,0.001,77,0.11859918355514536,6.677276718359744e-05,4.17540062544894,0.011054945054945055,1.956443411601185
Os_LEA_or4,nardini_D Patch_raw,-0.07275255720447328,0.2601026922629054,-0.07418794437873642,0.21043147995667827,1.6368949777501203,0.7559191524031218,0.744,20,0.10525583469468873,0.8973063051870909,0.04705928054018162,0.8942222222222221,0.048554541727472735
Os_LEA_or4,nardini_K Patch_raw,0.24862815170209368,0.14954996574103283,0.2547956001707292,2.2838040245997027,1.2691605620355837,0.09508908505747282,0.108,44,0.12525930079595857,0.29014971464147754,0.5373778522222928,0.3158372093023256,0.5005367063646717
Os_LEA_or4,nardini_R Patch_raw,0.20870827259008704,0.5458634243053372,0.21251185925162072,1.6419402503173612,13.08573983564627,0.6860308660088958,0.474059003051882,6,0.09327218536519637,0.8637635184041917,0.0636051426019393,0.7160711067120019,0.14504384959252795
Os_LEA_or4,nardini_S Patch_raw,-0.3785912788093691,0.3219562551741309,-0.41123821318124654,-2.6892982756459607,3.752573189870126,0.18414222634293936,0.25,12,0.13221498025976638,0.4278223549676605,0.3687365260163812,0.5153688524590164,0.2878818326107644
Os_LEA_or4,nardini_T Patch_raw,0.3521254294516641,0.10192434431942857,0.35346671185322415,1.69823710960074,0.5940273328035734,0.0023210667134050886,0.001,72,0.11353618432821112,0.020929255169766178,1.6792462270562662,0.011054945054945055,1.956443411601185
Os_LEA_or4,nardini_Frac A_zscore,0.3011298613332843,0.15454527511878635,0.31344701321872825,0.11110503452067239,0.05173794089319015,0.03827954348131996,0.06,44,0.12337731645106001,0.15654154773255236,0.8053703766079713,0.21634408602150537,0.6648549721700453
Os_LEA_or4,nardini_Frac D_zscore,-0.06034857857230668,0.14141841772026686,-0.06571653389689674,-0.01898723191584522,0.06586608771305025,0.6335839871386122,0.674,55,0.11794470298570067,0.8353676160700444,0.07812236464030728,0.857615,0.06670763161555607
Os_LEA_or4,nardini_Frac E_zscore,-0.18428077420523883,0.09817923627509535,-0.1888651621955396,-0.1293684350730074,0.08476872103699432,0.057291135138972646,0.064,102,0.12020254776660944,0.20687164422365917,0.6842990337477244,0.22201379310344826,0.6536200431951603
Os_LEA_or4,nardini_Frac F_zscore,-0.3272706383771406,0.10329198609786448,-0.3328258682317576,-0.6269869371518464,0.17454796999540928,0.00224906288115439,0.001,82,0.1200944150009095,0.020761107986810193,1.6827494726098406,0.011054945054945055,1.956443411601185
Os_LEA_or4,nardini_Frac G_zscore,-0.21159509072427074,0.10076602231575982,-0.21615037764645018,-0.09866154438924482,0.050028062566338086,0.025343930606844603,0.044,107,0.1213065610209119,0.11804478858728207,0.9279531812895755,0.16959386973180077,0.770589850132185
Os_LEA_or4,nardini_Frac H_zscore,-0.09750899708997227,0.03319231945903321,-0.08004507510403161,-0.533927573345217,0.09824477415375468,0.4664776935977083,0.001,85,0.12298119224801903,0.705679037232022,0.1513927834439701,0.011054945054945055,1.956443411601185
Os_LEA_or4,nardini_Frac K_zscore,-0.0002574466110694438,0.13180592172554198,-0.004021240824072712,0.005949409862741751,0.05800229155724203,0.9761003112401327,0.984,58,0.11858577915776614,0.9938835152910663,0.0026645126154993246,0.9928826479438314,0.0031020791604056473
Os_LEA_or4,nardini_Frac L_zscore,0.09551414199790913,0.12563455840600854,0.09419372949173876,-0.03381980352177223,0.11533080724310578,0.37993605504016603,0.418,89,0.126606553301578,0.6378197683198755,0.19530202454242793,0.6749520766773163,0.17072706209262065
Os_LEA_or4,nardini_Frac M_zscore,-0.267372752553095,0.09130358783799226,-0.2705913698513458,-0.12998167173661826,0.05667384559383774,0.004818368141630084,0.006,107,0.1213065610209119,0.03413576303154835,1.4667903849849333,0.040783783783783785,1.389512484291405
Os_LEA_or4,nardini_Frac N_zscore,-0.06000435449971853,0.13091283855520594,-0.0673255609117209,0.11451168448116837,0.08691992358981067,0.5580983400840616,0.642,78,0.11805207997385136,0.7896581295704163,0.10256088918537525,0.8373389932788147,0.07709868405563916
Os_LEA_or4,nardini_Frac Q_zscore,0.15648259300521927,0.12645040088286294,0.1670451892802042,0.1793044679194486,0.06449048727490203,0.13860379016479157,0.224,80,0.126230640591457,0.36191086408437306,0.44139837975149615,0.4867041036717063,0.3127349919638817
Os_LEA_or4,nardini_Frac R_zscore,-0.08511454580538003,0.17306405326932714,-0.09117517998899731,-0.06938365590609386,0.07338724581064211,0.6080752627549075,0.626,34,0.11913290616960118,0.8235198370535918,0.0843259350259206,0.8352201591511936,0.07819903193943578
Os_LEA_or4,nardini_Frac S_zscore,-0.46696180557845557,0.08810426199261867,-0.46994958996018615,-0.23396110152516705,0.038229019888823844,1.049332629210077e-06,0.001,98,0.11962898504922657,5.0388609061829196e-05,4.29766762983851,0.011054945054945055,1.956443411601185
Os_LEA_or4,nardini_Frac T_zscore,0.4989600269740042,0.12859543468309825,0.5065389748610959,0.20121239478590416,0.050404385715622314,0.00023919221159481542,0.004,48,0.12229252833676636,0.003645869164611883,2.4381989204606977,0.032192,1.4922520409601854
Os_LEA_or4,nardini_Frac V_zscore,-0.40952090735667673,0.083738485624349,-0.4152421739315532,-0.13958401726558742,0.04841276463062297,1.4269325262947625e-05,0.001,102,0.1223329213123474,0.00039874836707014754,3.3993010824272423,0.011054945054945055,1.956443411601185
Os_LEA_or4,nardini_Frac Y_zscore,0.06599917444077298,0.03228521059233159,0.05424933882925451,-0.030238701351968416,0.07420158536917434,0.6508381285705789,0.01834862385321101,72,0.12241288736878175,0.846115184254284,0.07257051109699222,0.09564101345248847,1.0193558305645076
Os_LEA_or4,nardini_Frac K+R_zscore,0.21737749948297244,0.25957592630405685,0.22850782702304695,0.04180635036133296,0.08689324184103792,0.3325350982621341,0.42,20,0.14246100375282514,0.6016732173591852,0.220639320088856,0.6749520766773163,0.17072706209262065
Os_LEA_or4,nardini_Frac D+E_zscore,-0.08987865262092717,0.26217674433635024,-0.09437604962086964,-0.05866347578357277,0.09837150449508829,0.6922735853421083,0.732,20,0.12994092376809543,0.868122607489011,0.06141893381478401,0.8840240096038415,0.053535939628487135
Os_LEA_or4,nardini_Frac Polar_zscore,-0.052600377477205994,0.1106261916301124,-0.051206024549841925,0.15164177726352948,0.07295257585523719,0.6004164606178719,0.618,107,0.1213065610209119,0.8203707861138471,0.08598981351021923,0.8333887399463806,0.07915237166394441
Os_LEA_or4,nardini_Frac Aliphatic_zscore,0.32796143434010444,0.19445045250987877,0.33993282655489204,0.054583246857361926,0.1757451095932531,0.07674687042841508,0.124,28,0.12172545448756068,0.24986197945302774,0.6022998237854269,0.337145945945946,0.47218205818485126
Os_LEA_or4,nardini_Frac Aromatic_zscore,0.17181911329120036,0.1352265340951849,0.17284020763045088,0.49953850730753885,0.7530856020927971,0.10528899169143344,0.23612512613521694,89,0.1177416982426686,0.3061292648600637,0.514095151422837,0.5032666883305683,0.2982018149893117
Os_LEA_or4,nardini_R/K Ratio_zscore,0.10102672842748057,0.10266787463409426,0.10121414484370321,0.029026089359830778,0.0249985042291456,0.30662059961416,0.344,104,0.12209724309751437,0.5744140097054841,0.2407749763848594,0.6168698752228164,0.20980643796472268
Os_LEA_or4,nardini_E/D Ratio_zscore,-0.24248334763158838,0.09443893793402384,-0.24548884074771612,-0.12290984279467698,0.05961885010539311,0.01431883382077355,0.018,99,0.11546695868021274,0.07703073167753044,1.1133359769667233,0.0943125,1.0254307428803349
Os_LEA_or4,nardini_Frac Chain Expanding_zscore,-0.05009018947117641,0.1793179115488045,-0.055797992934798354,-0.0783324635238788,0.0853377609487391,0.7393371822227117,0.76,38,0.1237258070756958,0.8918143948633669,0.049725521940130094,0.9036350877192982,0.044006913976752056
Os_LEA_or4,nardini_FCR_zscore,0.03646949371219328,0.3423436479771077,0.033195814566713375,-0.01212459123393379,0.10070523236918691,0.9142675485581291,0.884,13,0.13533668908197316,0.9661272624469306,0.014965662675463957,0.9480852878464818,0.0231525926460828
Os_LEA_or4,nardini_NCPR_zscore,0.3211375530548625,0.33480946496162933,0.3272727272727273,0.08234646421607714,0.07973937613959343,0.32589494101284167,0.318,11,0.1471504369145375,0.5928577046273394,0.22704953178046142,0.5924222222222223,0.2273686591186272
Os_LEA_or4,nardini_Hydrophobicity_zscore,0.13602442429642742,0.10619501492417463,0.1430629177576237,0.002597508317745897,0.17661461301669043,0.14154935346118108,0.212,107,0.1213065610209119,0.3627633777281107,0.44037656299395805,0.4728869179600887,0.3252427002293005
Os_LEA_or4,nardini_Disorder Promoting_zscore,-0.06786142864054981,0.15345431544948918,-0.07441701720595391,-0.021933484743931912,0.06110908713233643,0.6190975541662473,0.688,47,0.11741527026483159,0.8271077549684527,0.08243790720718704,0.863002493765586,0.0639879493287436
Os_LEA_or4,nardini_Iso point_zscore,0.47041450157526626,0.19773811624944024,0.49252590089212495,0.1912381436444902,0.0812197929405586,0.03216536611143423,0.026,19,0.13536103639733227,0.14007947319525038,0.8536255001972117,0.11943378995433789,0.9228727861493918
Os_LEA_or4,nardini_PPII_zscore,-0.062136214954485736,0.10371028494622354,-0.06741700006530202,-0.051470504863154375,0.08063432899626584,0.49021839840159454,0.532,107,0.1213065610209119,0.7295261964378759,0.13695910848040524,0.7667507163323782,0.11534580960820431
Os_LEA_or4,nardini_A Patch_zscore,0.2585971390007158,0.14132384205510484,0.26700500866261806,0.051232091080415015,0.022405422945888136,0.07621749654344183,0.088,45,0.11922986787569649,0.24975505381987778,0.6024857150183811,0.27838993710691823,0.5553464671143554
Os_LEA_or4,nardini_T Patch_zscore,-0.21107534606840325,0.2523848066664675,-0.20866327021016245,-0.10297705202647196,0.10093214580538146,0.3773118938442731,0.412,20,0.1115197841185018,0.6378197683198755,0.19530202454242793,0.6717536466774716,0.17278996728019852
Os_LEA_or4,cider_kappa,-0.0344430071686729,0.1395293023321022,-0.037283130324026255,-0.3094092302096332,0.2503736198018251,0.7811233302779979,0.794,58,0.12941184944588385,0.9074019287063116,0.04220030196484657,0.9089398410896709,0.041464859954470266
Os_LEA_or4,cider_omega,0.11183647433469307,0.12794658339154005,0.11596798337921885,-0.0208115696732364,0.30106280215647097,0.3184728779056758,0.394,76,0.12415771215211135,0.5867833611229117,0.2315222095440864,0.6573200663349917,0.1822231095946686
Os_LEA_or4,cider_delta,0.04535440958962839,0.1562177853505407,0.04579327276276691,0.4809075211838087,0.693598131868592,0.7305457977371872,0.782,59,0.12651612515193944,0.8871039396772885,0.052025492024304926,0.907372549019608,0.04221436369645365
Os_LEA_or4,cider_mean_net_charge,0.03796937228833042,0.3202879830955907,0.028935410488104753,0.23890247473173687,0.9267398510695791,0.9184673873465806,0.938,15,0.13542675887425118,0.9675164310687541,0.014341650741198168,0.9738163054695561,0.011522957951792335
Os_LEA_or4,cider_fraction_neutral,0.2943146356549395,0.29214592773478376,0.30700624833000845,0.7526338913650074,0.6589581251343157,0.2656962871541438,0.314,15,0.1318908687289053,0.5190106114117837,0.28482376270940085,0.5871449814126395,0.23125464687326558
Os_LEA_or4,sparrow_SCD,-0.17699034365861818,0.09821512659421448,-0.17475948043736864,-0.001877631515700723,0.006542455970970579,0.07180144089492144,0.062,107,0.1213065610209119,0.24239009912849316,0.6154851237040964,0.2203957597173145,0.6567967653061277
Os_LEA_or4,sparrow_SHD,-0.0900218485875142,0.2116599042485778,-0.0776068376068376,-0.06674697114706306,0.09375444527442874,0.7063028899263866,0.642,26,0.12541242228842192,0.876129108835937,0.05743189026639308,0.8373389932788147,0.07709868405563916
Os_LEA_or4,sparrow_complexity,-0.6906844758758256,0.14903678728848144,-0.7210526315789473,-3.7204251252633234,0.9198012176756337,0.0004947294682852213,0.004,19,0.10897127355416271,0.006221223063686658,2.2061242266284826,0.032192,1.4922520409601854
Os_LEA_or4,sparrow_scaled_rg,-0.390683525151714,0.20194721187508244,-0.417278373800113,-0.040121294485353294,0.020995754307110173,0.05333987474748143,0.074,22,0.12589358508982545,0.1980070627157429,0.7033193186083174,0.24981208053691273,0.6023865636253705
Os_LEA_or4,sparrow_scaled_re,-0.35067300924993017,0.16891274038847826,-0.3612967914438503,-0.012443979670142461,0.004420863444613743,0.03884450133161955,0.064,33,0.13113856078888106,0.15693802546027819,0.8042718158347284,0.22201379310344826,0.6536200431951603
Os_LEA_or4,sparrow_prefactor,0.502880341634401,0.1442200513860898,0.512781954887218,0.01078932463660214,0.007519596797683713,0.0207797266670458,0.018,20,0.10504564999021664,0.10314342431262631,0.9865584543197331,0.0943125,1.0254307428803349
Os_LEA_or4,sparrow_scaling_exponent,-0.07237224309931943,0.29729374213727433,-0.0879120879120879,-0.003267633944299227,0.3602213343459123,0.7751954088891221,0.812,13,0.1141694630758835,0.9034469780515775,0.044097330447067706,0.9147502799552073,0.03869744892746246
Os_LEA_or4,sparrow_asphericity,0.029553316385299407,0.285609899610395,0.02417582417582418,0.7114616567760735,1.2429809124447226,0.9346189946036425,0.908,14,0.12421257496258807,0.9733195740903358,0.01174454259200988,0.9584973767051417,0.018409071397332697
Os_LEA_or4,mpipi_epsilon_self,-0.0877237641824982,0.11602532586685346,-0.08885816683250707,-0.0022831351086017087,0.009986946817067273,0.41035147911783765,0.46,88,0.11578894600639886,0.6597835278857974,0.18059853122414377,0.7054268292682927,0.1515480269741776
Os_LEA_or4,calvados_epsilon_self,-0.1355548311674568,0.11195363365457552,-0.13084064838157722,-0.000650612116369181,0.004551994961791235,0.23549838793246144,0.234,84,0.11293631678472324,0.4874719717285107,0.3120503499625344,0.5008595744680852,0.300284019805666
Os_LEA_or4,avg_helix_prob,0.06684594954330524,0.11103072833100704,0.06426953131020452,0.05624227636044151,0.16328769723170955,0.5427545265185453,0.526,92,0.1200651708546198,0.7766871318316594,0.1097538901857489,0.7635728715728717,0.11714950973815903
Os_LEA_or4,avg_beta_prob,-0.03911754066889357,0.10149397951895034,-0.03958566629339306,-3.3383491565354833,8.022195090586552,0.703296047744167,0.722,95,0.11996683862841202,0.8745560247597429,0.058212364041622375,0.8810084439083232,0.055019929130271275
Os_LEA_or4,avg_coil_prob,-0.15054066100634123,0.10174722220246264,-0.15118362246491845,-0.17680170288001307,0.14518767643036495,0.13728060114506574,0.13,98,0.12154022772492241,0.3605855998745069,0.44299162098553746,0.3441578947368421,0.4632422635900648
Os_LEA_or4,avg_nes,-0.0728417776094972,0.10989142172488665,-0.0702687471381776,1.3126095090653958,4.104832813658659,0.5153311802559295,0.532,88,0.12108715364727513,0.7513379236774856,0.12416468965325862,0.7667507163323782,0.11534580960820431
Os_LEA_or4,avg_nis,0.15250343984677023,0.09864711307164743,0.15313083143271822,1.0947151643120425,0.5456441290104673,0.11886530283068195,0.118,105,0.12064115776203255,0.3267171984908908,0.48582800353161254,0.3306629526462395,0.48061446055228524
CAHS_68135_tile4,nardini_Frac A_raw,0.20923142177505832,0.10115321645323702,0.21210555209668094,0.11642815557774014,0.44014591447466017,0.024110089291965512,0.046,113,0.11593024304365523,0.11387206491886058,0.9435828039242834,0.1733183520599251,0.7611554489630925
CAHS_68135_tile4,nardini_Frac C_raw,-0.26597656636605244,0.20486131396974602,-0.2846826900235931,-15.820236052250076,17.87227453770093,0.2522145847709453,0.18464730290456433,18,0.12430705053395709,0.5084913158523329,0.29371645967263643,0.42702341775170505,0.36954830782866555
CAHS_68135_tile4,nardini_Frac D_raw,-0.1038774708102052,0.08110457661923327,-0.10286995288161153,-0.7376625360165756,0.6000173660792621,0.2150210233404432,0.202,147,0.1237052259371572,0.45648081818180564,0.34057746727058424,0.4597556561085973,0.3374729191825595
CAHS_68135_tile4,nardini_Frac E_raw,-0.03581744346531015,0.08329568138270685,-0.03812903520915625,-0.20930295355343276,0.6035292498520232,0.6488745956651267,0.686,145,0.12307240722062314,0.846115184254284,0.07257051109699222,0.8615680399500625,0.06471041965757734
CAHS_68135_tile4,nardini_Frac F_raw,0.3279265577554106,0.08048228490996136,0.3302361362061769,5.649459319615024,1.9425805639744103,0.00026009808412646724,0.001,118,0.11255932992524044,0.00390082152981714,2.4088439190521305,0.011054945054945055,1.956443411601185
CAHS_68135_tile4,nardini_Frac G_raw,0.05297328820406865,0.11316191412033395,0.05605763269160549,0.5171607962793512,0.9873108911176904,0.6018227039284485,0.63,89,0.11502054155918273,0.8203707861138471,0.08598981351021923,0.837225891677675,0.07715734932658247
CAHS_68135_tile4,nardini_Frac H_raw,0.3068080264649287,0.10502829762664374,0.3120961133740874,6.5843388098092674,2.7362657668095167,0.004562194364663297,0.004,81,0.12104906345024777,0.033550391337644175,1.4743024097784996,0.032192,1.4922520409601854
CAHS_68135_tile4,nardini_Frac I_raw,0.019881847060604172,0.08908364587446757,0.02183637019363845,0.6643956149380131,0.8968883870276257,0.8059696209749002,0.798,129,0.11028660602959985,0.9203239939849598,0.03605925523147843,0.9101904761904762,0.0408677130611817
CAHS_68135_tile4,nardini_Frac K_raw,-0.22731464340218002,0.07668086479950799,-0.2273785029550768,-0.8202563676674064,0.28536976766979677,0.004568989675206016,0.004,154,0.11850885749519639,0.033550391337644175,1.4743024097784996,0.032192,1.4922520409601854
CAHS_68135_tile4,nardini_Frac L_raw,-0.04536709243320543,0.08534767266493613,-0.04818694124263575,0.07577103498956583,1.4826068096228142,0.5732218801500089,0.618,139,0.11499095409897263,0.7985033281769136,0.09772326937414431,0.8333887399463806,0.07915237166394441
CAHS_68135_tile4,nardini_Frac M_raw,0.041363007695413456,0.10879744348934547,0.04482124276078943,2.447332144724514,3.877219551210817,0.6612159484117335,0.706,98,0.12139664672784291,0.8484480154364846,0.07137476183269457,0.8725257985257985,0.059221723117488904
CAHS_68135_tile4,nardini_Frac N_raw,0.36797136431166544,0.07021909366206294,0.368402258037868,1.0939638854531946,0.4462681624522851,3.015152908949406e-06,0.001,152,0.11850818945021088,0.00010110812754677008,3.9952139323729856,0.011054945054945055,1.956443411601185
CAHS_68135_tile4,nardini_Frac P_raw,0.3855699745387118,0.09324497097935001,0.3872650308131913,3.203016883368781,1.0428276445795006,0.0002981974435783026,0.001,83,0.12131615833064326,0.004217637178893475,2.374930783055944,0.011054945054945055,1.956443411601185
CAHS_68135_tile4,nardini_Frac Q_raw,0.32734325196457315,0.07047066897164335,0.3297497405336331,0.8824970938710999,0.36427377596585514,1.941220257527445e-05,0.001,161,0.11982281922530842,0.0004882168947681524,3.3113871958782193,0.011054945054945055,1.956443411601185
CAHS_68135_tile4,nardini_Frac R_raw,0.3221098506537421,0.06884668958459514,0.32491862013066564,1.3958703760547664,0.3666925495137179,2.6072770840479518e-05,0.001,161,0.11938794178441997,0.0006099815689656371,3.21468328731292,0.011054945054945055,1.956443411601185
CAHS_68135_tile4,nardini_Frac S_raw,-0.5272330486789486,0.058462178459343477,-0.5266460849214961,-2.0257765864069377,0.2633120853059179,3.249817396762603e-11,0.001,138,0.12133144581037288,8.173290752857948e-09,8.08760305141574,0.011054945054945055,1.956443411601185
CAHS_68135_tile4,nardini_Frac T_raw,0.0635483619641694,0.10226182691465652,0.06527595952215218,2.3631967411554635,0.8562038799179308,0.46952790016159385,0.546,125,0.11110700218696574,0.7071064301307829,0.1505152134452803,0.7802215909090909,0.10778203571746638
CAHS_68135_tile4,nardini_Frac V_raw,-0.2699122929408743,0.08748839262539165,-0.2688779915033476,-1.9029945320009178,1.166358814425782,0.002747764464756853,0.01,122,0.11139115916291203,0.02284505001277185,1.6412078868423727,0.05988095238095238,1.2227113010059543
CAHS_68135_tile4,nardini_Frac W_raw,0.09254677229230468,0.09261741994032538,0.0908608679603168,17.4724010915493,13.388798791837464,0.3195805634517674,0.5284738041002278,122,0.11843968792118985,0.5877478004250054,0.23080898749450776,0.7638572513287776,0.11698779424187519
CAHS_68135_tile4,nardini_Frac Y_raw,0.5295253499173275,0.13732842023765873,0.5431252057026256,30.047715123938513,7.326014967636294,0.002330096002995837,0.006,29,0.15209436989122602,0.020929255169766178,1.6792462270562662,0.040783783783783785,1.389512484291405
CAHS_68135_tile4,nardini_Frac K+R_raw,0.030570751315069054,0.12519459001720123,0.033506026324642446,0.10266123443978958,0.27516951786170196,0.8135815682875547,0.796,52,0.13945450118530806,0.9248170143472091,0.03394418890501911,0.9089398410896709,0.041464859954470266
CAHS_68135_tile4,nardini_Frac D+E_raw,-0.025114759370268906,0.12015762191422497,-0.02441658906958725,-0.036135645211940966,0.3117546354748004,0.8543571496394895,0.826,59,0.14289081929440148,0.931248685428255,0.03093432730314913,0.9202170542635659,0.03610972227321497
CAHS_68135_tile4,nardini_Frac Polar_raw,0.03730528086673924,0.10204577282350476,0.03480504289251665,0.13374019352047703,0.24076330327620835,0.7219114588602554,0.714,107,0.1260339146059809,0.8835072112085365,0.05378990142004186,0.877025641025641,0.05698770926433552
CAHS_68135_tile4,nardini_Frac Aliphatic_raw,-0.023652000305017115,0.12542601013828383,-0.010131495981586509,-2.0838689271856543,0.9686933534821963,0.9266765152671667,0.844,85,0.1187029888129851,0.9720548053269049,0.012309248468723553,0.9259149400218102,0.033428908324457475
CAHS_68135_tile4,nardini_Frac Aromatic_raw,0.33869794441775797,0.10605163224070446,0.34593306207422025,12.536064441743344,2.7809225598026774,0.002058622353276488,0.004,77,0.11734723120122717,0.019913212378809105,1.700858674384695,0.032192,1.4922520409601854
CAHS_68135_tile4,nardini_R/K Ratio_raw,0.24432855508075677,0.05657127558783092,0.2400725192218911,0.15595841088151172,0.033136823102549395,5.770768653362969e-05,0.001,275,0.11869223393035978,0.0011847741357720709,2.9263644352549734,0.011054945054945055,1.956443411601185
CAHS_68135_tile4,nardini_E/D Ratio_raw,0.04711932309988834,0.06358859587896605,0.04493287829111188,0.04299099951033183,0.10547749766270345,0.4580216932997563,0.458,275,0.11869223393035978,0.7002580903640651,0.15474186489615008,0.7045076452599389,0.15211428960048945
CAHS_68135_tile4,nardini_Frac Chain Expanding_raw,0.07555541724591029,0.11016718728097556,0.0734356527573573,-0.13808005433207227,0.20021077486027286,0.48907405142727134,0.48,91,0.12872374778991413,0.7289014751642,0.13733117083736943,0.7175037147102525,0.14417584612848108
CAHS_68135_tile4,nardini_FCR_raw,0.06918713665757825,0.1447796533410915,0.06991402659220759,0.10062483392395923,0.21731732050236552,0.6723494441818063,0.622,39,0.14693938282773752,0.8561816972745533,0.0674340603812069,0.8343093333333333,0.07867289798097275
CAHS_68135_tile4,nardini_NCPR_raw,0.12339138342186738,0.15178453866171293,0.12744735685375289,0.18044461694531413,0.23383314383218906,0.4153982536259466,0.418,43,0.14713639517878632,0.6660665332673283,0.17648238706444985,0.6749520766773163,0.17072706209262065
CAHS_68135_tile4,nardini_Hydrophobicity_raw,-0.19059765955208816,0.2777866044017823,-0.2157894736842105,-0.1692170659627768,0.20548970470989783,0.3749350298393408,0.482,19,0.15047980389200968,0.6371362162472582,0.1957677079468253,0.7194243323442137,0.14301487757656164
CAHS_68135_tile4,nardini_Disorder Promoting_raw,0.034423059194563975,0.09758435907073088,0.03312104856814359,-0.3385330447181106,0.2933658325885186,0.7229569265506155,0.712,117,0.11036149956764617,0.883711625892976,0.05368943149746721,0.8767099143206855,0.057144082175650514
CAHS_68135_tile4,nardini_Iso point_raw,0.044092113815917246,0.18829842535575908,0.03435741712752279,-0.004226315568255738,0.00981252978232749,0.8544160404078324,0.822,31,0.13804321123191404,0.931248685428255,0.03093432730314913,0.9188133333333333,0.03677271117936592
CAHS_68135_tile4,nardini_PPII_raw,0.18174306976942403,0.1330382735378019,0.186039715537397,1.6289066394574117,1.1091410528027996,0.15831150591325224,0.16,59,0.12363572261482321,0.3903465072272837,0.40854970229571647,0.39354523227383864,0.40500534463150845
CAHS_68135_tile4,nardini_A Patch_raw,0.1356464227450537,0.0784293658532435,0.13443784248272336,0.28571599231400263,0.1849562566432249,0.09756050210924794,0.084,153,0.11852818031292879,0.2947323276934037,0.5305722259795426,0.2691210191082803,0.5700523812914247
CAHS_68135_tile4,nardini_D Patch_raw,0.002490236638793422,0.25267384390719927,0.013502080324512337,0.8044960415594427,3.329636181972489,0.9634605498448143,0.962,14,0.13528072254076232,0.9860033704413868,0.006121600513561548,0.9876348884381339,0.005403576912908962
CAHS_68135_tile4,nardini_E Patch_raw,0.2502088828639964,0.3472519870089648,0.2571104222523257,1.5279031903561162,3.571218233442089,0.44532446464350384,0.454,11,0.1253116840232387,0.6892252483559459,0.16163882144336814,0.7026523076923077,0.15325952306584306
CAHS_68135_tile4,nardini_G Patch_raw,0.3128595796692019,0.26484273655482676,0.3278060842714795,2.1858327428237616,2.183823376445908,0.2525592303781767,0.246,14,0.0918194988915059,0.5084913158523329,0.29371645967263643,0.5092098765432098,0.2931031814390057
CAHS_68135_tile4,nardini_K Patch_raw,0.07259634558323788,0.08650355733679324,0.07035874430362898,1.0944059940979096,0.4534735811996452,0.4087720118728154,0.386,140,0.11798139448858715,0.6597835278857974,0.18059853122414377,0.6526319327731093,0.185331680336886
CAHS_68135_tile4,nardini_N Patch_raw,0.47148501055350156,0.3689932592703317,0.5030030300035688,1.598334838887304,1.7235584343387913,0.20387668200843206,0.24,8,0.22351526453958162,0.44684083246292516,0.3498471477697942,0.5050602248338012,0.2966568322704197
CAHS_68135_tile4,nardini_Q Patch_raw,-0.07557118523714636,0.313721247001785,-0.08009498370813502,-0.6801963182360093,0.8574641857834011,0.7854808490755689,0.828,14,0.17552570874164886,0.9091791546863127,0.041350530171537815,0.9205953693495038,0.03593121396411278
CAHS_68135_tile4,nardini_R Patch_raw,0.5110092544658298,0.35220867837702335,0.5378528742004772,2.1726159726933236,1.3745655796257625,0.213036881534591,0.14227642276422764,7,0.09057268243123894,0.4550214497320564,0.34196813019849115,0.3679436537295964,0.4342186833589026
CAHS_68135_tile4,nardini_S Patch_raw,0.0471552774474159,0.17400851118290406,0.0504596177726269,-0.00675522602337033,0.6743307756610148,0.7571603205296205,0.774,40,0.11068369797524084,0.8973063051870909,0.04705928054018162,0.9054,0.04315950984076654
CAHS_68135_tile4,nardini_T Patch_raw,-0.053360961250110334,0.4781699571878998,-0.03592878785739777,1.5036850856755641,9.63167456548215,0.932691474909088,0.91,8,0.1547904884256518,0.9723187810969353,0.012191325429874257,0.9595564150537973,0.017929486768726438
CAHS_68135_tile4,nardini_Frac A_zscore,0.23563265074786052,0.08662775345910544,0.23259004995131996,0.005420956472800487,0.01895951885667319,0.005183472755782867,0.008,143,0.11403063709682473,0.03621231661331641,1.4411436911399638,0.05126114649681529,1.2902116846973815
CAHS_68135_tile4,nardini_Frac D_zscore,-0.06798052086707451,0.08275675096668648,-0.0738878039647187,-0.04106622792794626,0.0404598309569451,0.3838906323201553,0.402,141,0.12244327093967211,0.6379637081744236,0.1952040262755226,0.6662471169686985,0.1763646572708789
CAHS_68135_tile4,nardini_Frac E_zscore,0.009419756870851493,0.0623840938664582,0.011057372979686363,0.002754117861687761,0.04542532348939569,0.8572807252444268,0.906,267,0.11561239982587702,0.9331835644082567,0.030032918774189604,0.958397476340694,0.01845433854069225
CAHS_68135_tile4,nardini_Frac F_zscore,-0.06556282491005508,0.06357529339963001,-0.06440783701214696,-0.0744345320828082,0.0542539697833664,0.3600730756009717,0.302,204,0.12036430626182344,0.6269884252027165,0.20274047658075003,0.57215065913371,0.24248959740440984
CAHS_68135_tile4,nardini_Frac G_zscore,0.056243431869633424,0.11299255160528511,0.05605763269160549,0.021937094181458724,0.04125041800172227,0.6018227039284485,0.596,89,0.11502054155918273,0.8203707861138471,0.08598981351021923,0.8202134062927496,0.08607313649771545
CAHS_68135_tile4,nardini_Frac H_zscore,0.17078777566741604,0.07829311735963769,0.17015910421519517,0.15055147221295528,0.11429966219835712,0.01246403846183984,0.038,215,0.11921336655758659,0.07044282411579145,1.1521632411017162,0.1560326530612245,0.8067845070278137
CAHS_68135_tile4,nardini_Frac I_zscore,0.16026392774634582,0.07583481298288727,0.15935956912438956,0.023144003389018116,0.04430986096064588,0.03164891395389235,0.03,182,0.12742060183615345,0.13903409361404237,0.8568786900130265,0.13413333333333333,0.8724632826717915
CAHS_68135_tile4,nardini_Frac K_zscore,-0.20704926327635162,0.07645950234352747,-0.2089569357010984,-0.05719287621311756,0.02393608208840932,0.008210163155294626,0.006,159,0.11658815495711673,0.05072040118445892,1.294817319962529,0.040783783783783785,1.389512484291405
CAHS_68135_tile4,nardini_Frac L_zscore,0.17465615960296338,0.06398295303503294,0.17817030980946327,0.10406305225602136,0.05310598069183671,0.008223094181834686,0.008,219,0.12134782744797067,0.05072040118445892,1.294817319962529,0.05126114649681529,1.2902116846973815
CAHS_68135_tile4,nardini_Frac M_zscore,-0.1824946398671779,0.059772979033011125,-0.1861565731527669,-0.056755475977267676,0.04602605897996225,0.001934297305981671,0.004,275,0.11869223393035978,0.019077481272721186,1.7194789640955053,0.032192,1.4922520409601854
CAHS_68135_tile4,nardini_Frac N_zscore,-0.1394125800805607,0.06741554018773183,-0.13962782952483144,-0.03089406797270955,0.029445313555851466,0.0497718844132363,0.034,198,0.12085594160359087,0.18683028253625267,0.7285527294308926,0.14554893617021278,0.8369909645095726
CAHS_68135_tile4,nardini_Frac P_zscore,-0.21669826219720023,0.06344492310990613,-0.2142965413149124,-0.01570750593560368,0.02701030048928673,0.0003446636863097496,0.001,275,0.11869223393035978,0.004685563086859569,2.3292382103639846,0.011054945054945055,1.956443411601185
CAHS_68135_tile4,nardini_Frac Q_zscore,0.11602550584592991,0.10747600568267213,0.11468406445341739,0.0007703023006020577,0.022113684825003043,0.3206271010084897,0.266,77,0.13499787255973528,0.5885964664498917,0.2301823494499993,0.526763779527559,0.2783840949329437
CAHS_68135_tile4,nardini_Frac R_zscore,0.06140665969144038,0.06791078143275775,0.06363413959649546,0.005154991210052741,0.021762467532591628,0.3718998131800372,0.346,199,0.1179715632116125,0.6351973040052927,0.1970913538714346,0.6171560283687942,0.20960502447065715
CAHS_68135_tile4,nardini_Frac S_zscore,-0.3754194921509867,0.055279577458920516,-0.3793155215773335,-0.16305656036630706,0.017869391057071256,1.3428220389973918e-10,0.001,268,0.11932413599299148,2.7017579424627522e-08,7.5683535631458785,0.011054945054945055,1.956443411601185
CAHS_68135_tile4,nardini_Frac T_zscore,-0.23536325866493898,0.06396188053749809,-0.23450497446460503,0.014575939826489907,0.03826621233777019,0.00011310010721951934,0.001,266,0.11795676857591733,0.001929120849129987,2.714640565271441,0.011054945054945055,1.956443411601185
CAHS_68135_tile4,nardini_Frac V_zscore,-0.24158268394648924,0.08970200253628298,-0.24182837894293505,-0.03938225350293796,0.03240797216375969,0.010556384149672228,0.006,111,0.11044852539431949,0.0613856789281518,1.211932936479739,0.040783783783783785,1.389512484291405
CAHS_68135_tile4,nardini_Frac K+R_zscore,0.10525616247994622,0.129160799409914,0.11059746190571168,0.02025796971614887,0.03074951742299524,0.41710008941288346,0.408,56,0.13743372920313604,0.6660665332673283,0.17648238706444985,0.6717536466774716,0.17278996728019852
CAHS_68135_tile4,nardini_Frac D+E_zscore,0.009498836209077953,0.1273992028564303,0.016370466641548675,-0.015567066054166061,0.040872099559564695,0.9011997674392482,0.966,60,0.1396291948644849,0.9593724508400886,0.018012756810202316,0.9876348884381339,0.005403576912908962
CAHS_68135_tile4,nardini_Frac Polar_zscore,-0.19351547484692144,0.0636874773299355,-0.19337376540244822,-0.012062986040734979,0.026639073297713457,0.0012703055373451096,0.004,275,0.11869223393035978,0.013311743443428961,1.8757650611086998,0.032192,1.4922520409601854
CAHS_68135_tile4,nardini_Frac Aliphatic_zscore,0.07808882811944882,0.11979930007494026,0.0759761843733581,-0.07661477273867036,0.0506043109113608,0.47163858311904105,0.542,92,0.11709740723654441,0.7071064301307829,0.1505152134452803,0.7756073968705548,0.11035805776152842
CAHS_68135_tile4,nardini_Frac Aromatic_zscore,0.19037103913290734,0.06768582754388104,0.19142857657131804,0.43114106801413354,0.09793199153090372,0.004031924884097459,0.006,224,0.11963399403432538,0.030728154798500332,1.512463518002306,0.040783783783783785,1.389512484291405
CAHS_68135_tile4,nardini_R/K Ratio_zscore,0.24099455144286516,0.05647009242110267,0.24068956708586936,0.059283478641194605,0.012866248553032544,6.876655920636622e-05,0.001,268,0.11766549869698531,0.0013303684338770078,2.8760280683252692,0.011054945054945055,1.956443411601185
CAHS_68135_tile4,nardini_E/D Ratio_zscore,0.013794842594316981,0.06449388714381285,0.011750912195573227,0.0067868726722484125,0.03290156412825845,0.8504288250508163,0.83,260,0.11737490326383525,0.9310169202588074,0.031042426098939303,0.9205953693495038,0.03593121396411278
CAHS_68135_tile4,nardini_Frac Chain Expanding_zscore,-0.005223468963828664,0.09657605945556627,-0.002618443028904041,-0.01933366367643635,0.022513198599279936,0.9780410049152639,0.998,113,0.12573632844343802,0.9948526298733625,0.0022412476693060884,0.998,0.0008694587126288914
CAHS_68135_tile4,nardini_FCR_zscore,0.10931695176912049,0.14813458044042724,0.11569723806167273,0.01075359235830883,0.03767792319924538,0.4713168900721023,0.438,41,0.14250569699271182,0.7071064301307829,0.1505152134452803,0.6895586854460094,0.16142876693439204
CAHS_68135_tile4,nardini_NCPR_zscore,0.09851207034927323,0.14677896444771132,0.10141849177017427,0.023108008245624662,0.031138127178749805,0.5389913430692153,0.502,39,0.1426817235602353,0.7753178937539298,0.11052019272478472,0.7404868035190616,0.13048267679155098
CAHS_68135_tile4,nardini_Hydrophobicity_zscore,-0.12880148027846194,0.08104824377680551,-0.12919784915278168,-0.15596110833201715,0.08598100504286749,0.09509840913971603,0.108,168,0.11555053437737281,0.29014971464147754,0.5373778522222928,0.3158372093023256,0.5005367063646717
CAHS_68135_tile4,nardini_Disorder Promoting_zscore,-0.12840505332837485,0.07849775999404689,-0.12754743826575912,-0.03885043556400865,0.01947307826179025,0.10361713489775107,0.102,164,0.11491327763397681,0.3039033169304302,0.5172645598189666,0.3090722891566265,0.5099399312222102
CAHS_68135_tile4,nardini_Iso point_zscore,0.1685868800408706,0.08009368872908353,0.17025987577503002,-0.007485028646036591,0.03728640002612349,0.035983513828947156,0.03,152,0.12075125498020048,0.15016158974069133,0.8234411425447068,0.13413333333333333,0.8724632826717915
CAHS_68135_tile4,nardini_PPII_zscore,-0.06542936550700114,0.07270046018157575,-0.06756973478764709,0.017670081029719367,0.03345017589975712,0.3621076292671752,0.378,184,0.11813747706469944,0.6269884252027165,0.20274047658075003,0.6467142857142857,0.1892875455190046
CAHS_68135_tile4,cider_kappa,0.11568166830629999,0.08107773323822469,0.12274951407313466,0.20777801010334412,0.09901420141542015,0.14998714616480913,0.144,139,0.13164846786755147,0.374475018027294,0.4265771496461761,0.36955102040816323,0.43232559420529904
CAHS_68135_tile4,cider_omega,0.30445573469286263,0.0681347760292696,0.30444778204081635,0.40033855056018647,0.14014543015765413,1.6722659009652214e-05,0.001,193,0.12683689385753444,0.00044271039378184553,3.353880281705108,0.011054945054945055,1.956443411601185
CAHS_68135_tile4,cider_delta,0.07519750955789692,0.08273800735578249,0.07624333315858309,1.0465513295895763,0.45230632326610043,0.3706056583534997,0.398,140,0.134012915222231,0.6351547944625304,0.1971204192933425,0.6628940397350994,0.17855588582753534
CAHS_68135_tile4,cider_mean_net_charge,0.1082665741083722,0.14880750971570902,0.106861789115202,0.18742125367435597,0.3462778412463515,0.5005807242350102,0.464,42,0.14351305254647212,0.7380619911120179,0.13190715949509502,0.7083216995447649,0.14976945331922034
CAHS_68135_tile4,cider_fraction_neutral,0.002814170748580602,0.14658716344526787,-0.0009543313720222424,0.01610587302686166,0.19410977216931996,0.995527303525026,0.98,37,0.1431448189782311,1.0,-0.0,0.9898393574297188,0.004435282011295295
CAHS_68135_tile4,sparrow_SCD,-0.005614680220393623,0.08131949171017024,-0.005802280609043927,-0.0014664881649006434,0.003211389227605495,0.9421345302282066,0.918,159,0.13044012670033772,0.9781087073370235,0.00961287489236653,0.9639958246346556,0.015924847157393354
CAHS_68135_tile4,sparrow_SHD,0.049381185359041006,0.1689752950188961,0.05522648083623695,0.022509138956204662,0.08645876238109652,0.7316375508577164,0.77,41,0.13162519347097135,0.8871039396772885,0.052025492024304926,0.9038739789964993,0.04389211603080773
CAHS_68135_tile4,sparrow_complexity,0.03652562754070055,0.09196059884338421,0.04179967561549784,-0.03196239056854444,0.7700371627743846,0.65172652732462,0.726,119,0.11031740040531467,0.846115184254284,0.07257051109699222,0.8810084439083232,0.055019929130271275
CAHS_68135_tile4,sparrow_scaled_rg,-0.06247063617508658,0.11747025768859191,-0.06011946947453681,-0.021671082156982227,0.009895495322118232,0.5869648217413718,0.62,84,0.13620874908923478,0.8133424389419008,0.08972656629886026,0.8338502673796792,0.07891192764629888
CAHS_68135_tile4,sparrow_scaled_re,-0.1071683760118055,0.10789670597402001,-0.11504695598951858,-0.0076496752335054275,0.0023330769259181624,0.2593012670576959,0.33,98,0.13246764420880852,0.5126134533840048,0.29021000007576,0.6046994535519126,0.21846042385229583
CAHS_68135_tile4,sparrow_prefactor,0.42366290590770156,0.1453004982562466,0.4285714285714286,0.016468238184165353,0.00506275683195845,0.004630139784156135,0.01,42,0.12530301882873957,0.033753047991746894,1.4716870030929048,0.05988095238095238,1.2227113010059543
CAHS_68135_tile4,sparrow_scaling_exponent,-0.3302744225757086,0.19955999903441807,-0.3321123321123321,-0.564590798766849,0.22014016329538896,0.09055587324566132,0.122,27,0.14646964608892213,0.28468502651604777,0.5456353746952219,0.33508979812486006,0.4748387941448036
CAHS_68135_tile4,sparrow_asphericity,-0.22047099391158098,0.208360173112392,-0.23145299145299145,-0.8259561546987019,0.6740664704116008,0.25525699744153757,0.3,26,0.13994542723382433,0.5102532333294368,0.292214234602713,0.5705103969754253,0.24373643659561478
CAHS_68135_tile4,mpipi_epsilon_self,-0.2750052800161044,0.06452960176516416,-0.27665056184088577,-0.007074084412297623,0.0043531788430648255,2.9072070352983634e-05,0.001,222,0.1199492298907369,0.0006646932448886712,3.1773787348297136,0.011054945054945055,1.956443411601185
CAHS_68135_tile4,calvados_epsilon_self,-0.30300839068090213,0.06576760521595727,-0.30228410667573363,-0.008743381917551127,0.003019547957676798,4.5127356218816795e-06,0.001,222,0.12151277232906167,0.0001418691261129053,3.8481121064288777,0.011054945054945055,1.956443411601185
CAHS_68135_tile4,avg_helix_prob,0.23713361389799445,0.05860718041666802,0.24160062371251997,0.16668580470110772,0.06366870607794407,9.434504536750086e-05,0.001,256,0.11960215248927407,0.001694841350709033,2.770870948632766,0.011054945054945055,1.956443411601185
CAHS_68135_tile4,avg_beta_prob,0.1952762464130434,0.06568545047224282,0.1962844209732177,9.006670387194582,4.763667643118777,0.0022049273398184327,0.002,241,0.1188464628377255,0.020761107986810193,1.6827494726098406,0.019346153846153846,1.7134053629148907
CAHS_68135_tile4,avg_coil_prob,-0.22936170457465271,0.06112051610212294,-0.2310834929910637,-0.13747780433133858,0.06138439911177097,0.00012738583920911956,0.001,270,0.11909606105696924,0.0020341294324503854,2.691621416206512,0.011054945054945055,1.956443411601185
CAHS_68135_tile4,avg_nes,0.07081612439746943,0.06466698753372983,0.07234887116692726,1.1249423915592027,1.2632075232360154,0.26223387909941165,0.27,242,0.12064585876125875,0.5152485983867346,0.287983180943674,0.5315459882583171,0.27445915525581677
CAHS_68135_tile4,avg_nis,0.16541370934456914,0.05871603534731716,0.16821771050035514,0.7857028959594995,0.26914272677025014,0.006448979428815745,0.006,261,0.12000628026479128,0.04212774873628986,1.3754317485050085,0.040783783783783785,1.389512484291405
Os_LEA_or3__Kappa_up_2_,nardini_Frac A_raw,0.1668861482225021,0.11199556518072554,0.17151052553231266,1.6518030897616598,0.7575218877762601,0.11219600980545835,0.162,87,0.19410622712799758,0.31527705548684665,0.501307634193538,0.3936521739130435,0.40488734585835934
Os_LEA_or3__Kappa_up_2_,nardini_Frac C_raw,-0.09282760269119701,0.27699700462945764,-0.08247860988423225,-10.723087793980048,14.631600175213773,0.8460525238666443,0.6616314199395771,8,0.2505628113795614,0.9310169202588074,0.031042426098939303,0.8527170294494238,0.06919506371769178
Os_LEA_or3__Kappa_up_2_,nardini_Frac D_raw,-0.15283762706680687,0.09653271361145496,-0.15600239066029142,-0.8401652684415999,1.3047414061525404,0.09161780669871598,0.118,118,0.18921123811763926,0.2871262104015834,0.5419271609928407,0.3306629526462395,0.48061446055228524
Os_LEA_or3__Kappa_up_2_,nardini_Frac E_raw,-0.2519722381895857,0.09076806408649156,-0.2534717662871426,-2.7002361190466555,0.96041239703574,0.00627080546090268,0.012,115,0.18489376427159457,0.04150283087939537,1.3819222793512826,0.06978034682080925,1.156266876361262
Os_LEA_or3__Kappa_up_2_,nardini_Frac F_raw,-0.03147106088303222,0.15405389239505207,-0.037776369712773525,-0.7329877525709316,1.944810426248925,0.8053970476151716,0.852,45,0.15039906692147395,0.9203239939849598,0.03605925523147843,0.9286153846153846,0.03216412553930335
Os_LEA_or3__Kappa_up_2_,nardini_Frac G_raw,0.2492895140784884,0.1350723735187221,0.25250534164308214,3.133958232428058,1.8403652865328297,0.060448446492045164,0.08,56,0.22885700079261098,0.21412372243308955,0.6693352152321059,0.2638688524590164,0.5786118716349337
Os_LEA_or3__Kappa_up_2_,nardini_Frac H_raw,-0.14720875442380954,0.3718137449921087,-0.13638618139749523,-11.94530504916216,24.597077583593,0.7474293952265143,0.6584615384615384,8,0.23160163275527962,0.8946265716799392,0.048358206808795996,0.8514297014039944,0.06985120389946389
Os_LEA_or3__Kappa_up_2_,nardini_Frac I_raw,-0.10320275396247497,0.21528858545570864,-0.11577375999658061,-2.3684294364912613,2.9420981642952766,0.5900851660811175,0.634,24,0.2281754619380758,0.8149857611951358,0.0888499788531531,0.8372431729518856,0.07714838509763529
Os_LEA_or3__Kappa_up_2_,nardini_Frac K_raw,-0.05284850767206413,0.09934589607853121,-0.056564556013299204,-1.054327045917556,0.6223935776164986,0.527613332544379,0.57,127,0.20117554374737798,0.7659148810095893,0.11581949245863477,0.8008659217877094,0.0964401859154556
Os_LEA_or3__Kappa_up_2_,nardini_Frac L_raw,-0.045097392923047874,0.1013085757745271,-0.048757551347993824,-1.3783869287910462,2.1152464484753954,0.6048333653264464,0.638,115,0.19202573864643585,0.8233590873050136,0.08441071688567237,0.8372431729518856,0.07714838509763529
Os_LEA_or3__Kappa_up_2_,nardini_Frac M_raw,-0.16171966587107375,0.1257909329411919,-0.16481170868055495,-5.63644660707456,5.866786592495792,0.18953208472529873,0.204,65,0.22097144583685477,0.43040468901501244,0.366123005923794,0.4611775280898876,0.33613186283512425
Os_LEA_or3__Kappa_up_2_,nardini_Frac N_raw,0.24604944135110202,0.09754317407428842,0.25421217583370087,2.9373948034316735,0.4825216068175826,0.006115357855640623,0.016,115,0.19609358032265187,0.040742052998506396,1.3899570906167034,0.08795628415300547,1.0557331263545962
Os_LEA_or3__Kappa_up_2_,nardini_Frac P_raw,0.08319062963500194,0.13079117088275416,0.08395552828215383,0.5237863166130977,3.079536222914419,0.5346619007785063,0.516,57,0.23015888271260626,0.771692786489494,0.11255555936187726,0.7545000000000001,0.12234075588839133
Os_LEA_or3__Kappa_up_2_,nardini_Frac Q_raw,0.19380922704233536,0.10623366745769745,0.19108402404640643,3.3661192169707537,0.6456967804805471,0.045535020451633476,0.078,110,0.19415402227572606,0.17484057471123388,0.7573577746285796,0.2581184210526316,0.5881810001983647
Os_LEA_or3__Kappa_up_2_,nardini_Frac R_raw,-0.03441816355149632,0.08913451649989286,-0.0356645825592147,-0.3475190333652278,0.5949710818741192,0.6929447851030576,0.68,125,0.20109774473326517,0.868122607489011,0.06141893381478401,0.857615,0.06670763161555607
Os_LEA_or3__Kappa_up_2_,nardini_Frac S_raw,-0.3094868346564954,0.10298938921907369,-0.30872956131062157,-2.668131521986006,0.9014346453798473,0.0018763892190255867,0.004,99,0.17552415877641467,0.01880572116412205,1.7257100075437142,0.032192,1.4922520409601854
Os_LEA_or3__Kappa_up_2_,nardini_Frac T_raw,0.12900055488747206,0.10625228655881438,0.13106757594104648,0.8562793976422598,1.4806911118270614,0.17431208754581504,0.23,109,0.18418798760561916,0.4128622952902443,0.3841947773216847,0.4954603854389722,0.3049910638286107
Os_LEA_or3__Kappa_up_2_,nardini_Frac V_raw,-0.14248748521977586,0.0983138933147897,-0.14836437880669268,-2.8352819491972276,1.1750551661190787,0.15131902585840762,0.148,95,0.1992027889624849,0.3767993564692031,0.42388984760451237,0.37630922693266833,0.42445513284459246
Os_LEA_or3__Kappa_up_2_,nardini_Frac W_raw,0.44914272586186815,0.2569179247360682,0.4844813951249545,27.06478125017432,21.138078287072734,0.18626944002523113,0.07607607607607608,9,0.19295361010040388,0.4288033333303948,0.36774184728597176,0.2551084417751085,0.5932751699449447
Os_LEA_or3__Kappa_up_2_,nardini_Frac Y_raw,0.16646404850051685,0.09537623930611319,0.16873205794898424,5.609153609301875,3.517449136556564,0.10592125982607059,0.084,93,0.19316098218604053,0.3070800789193862,0.512748356451768,0.2691210191082803,0.5700523812914247
Os_LEA_or3__Kappa_up_2_,nardini_Frac K+R_raw,-0.15565056947144057,0.16774790511568086,-0.16753391384734215,-0.8326623410530608,0.5606860708974439,0.28891922089912037,0.354,42,0.1951779951933111,0.5542570915217437,0.25628874153497355,0.6269788732394366,0.20274709296532248
Os_LEA_or3__Kappa_up_2_,nardini_Frac D+E_raw,-0.3400331381234817,0.15833063791090274,-0.33913079179283245,-0.7123484264824776,0.8614537592282344,0.022670588649372315,0.038,45,0.1978528894747389,0.1091225463218591,0.9620855085175983,0.1560326530612245,0.8067845070278137
Os_LEA_or3__Kappa_up_2_,nardini_Frac Polar_raw,0.16322670447252138,0.14249383298884577,0.1613504101678334,1.451078768093087,0.39259330581950636,0.21026145044944128,0.266,62,0.20841183650333417,0.4539120582663904,0.34302827998243124,0.526763779527559,0.2783840949329437
Os_LEA_or3__Kappa_up_2_,nardini_Frac Aliphatic_raw,-0.03898318829968537,0.15713893786887353,-0.04242888352535485,-0.7838017763665975,1.3822303617362715,0.7698577536872612,0.796,50,0.21067827803418124,0.9029740822816138,0.04432471489536941,0.9089398410896709,0.041464859954470266
Os_LEA_or3__Kappa_up_2_,nardini_Frac Aromatic_raw,0.024600428378348815,0.1314708546723246,0.019892542117851606,3.0668012674470235,6.986900598352723,0.893244517356776,0.856,48,0.23222373127508608,0.9576787954196765,0.018780128466160204,0.9299524838012959,0.0315392412848725
Os_LEA_or3__Kappa_up_2_,nardini_R/K Ratio_raw,0.05261416451890153,0.06898074894595281,0.053407778527005546,0.08841300428878884,0.06101245986524762,0.4171192007538935,0.478,233,0.19214837442487964,0.6660665332673283,0.17648238706444985,0.7175037147102525,0.14417584612848108
Os_LEA_or3__Kappa_up_2_,nardini_E/D Ratio_raw,-0.07276540842392829,0.0642188042326117,-0.07250909961897244,-0.1997921235612543,0.1405879231317232,0.2703301934575096,0.266,233,0.19214837442487964,0.5250041981047386,0.2798372238198852,0.526763779527559,0.2783840949329437
Os_LEA_or3__Kappa_up_2_,nardini_Frac Chain Expanding_raw,-0.24569897967795248,0.12118106128202014,-0.2549418771013958,-1.0908128899118477,0.3589348223478925,0.027286697692111565,0.056,75,0.2130238593185849,0.12477462671938289,0.9038737207121281,0.2041159420289855,0.6901230743391087
Os_LEA_or3__Kappa_up_2_,nardini_FCR_raw,-0.4749593379896188,0.21002695374848449,-0.49778539535519367,-1.070794476966279,0.5221787130493172,0.011337696548703858,0.046,25,0.16285699389664723,0.064805242772705,1.188389858093114,0.1733183520599251,0.7611554489630925
Os_LEA_or3__Kappa_up_2_,nardini_NCPR_raw,0.21843289082427508,0.18952579295535485,0.22718574355904406,-0.09298167879204444,0.5190796446124332,0.2449814340203177,0.254,28,0.23259528525830317,0.4999012629298978,0.30111576606238716,0.516210101010101,0.28717350159372207
Os_LEA_or3__Kappa_up_2_,nardini_Hydrophobicity_raw,-0.3283954566488788,0.28946202915117597,-0.3681318681318681,-0.18906460304190637,0.1035287762467367,0.21585718064938147,0.262,13,0.23242681507387172,0.4565479967242823,0.34051355850916015,0.526763779527559,0.2783840949329437
Os_LEA_or3__Kappa_up_2_,nardini_Disorder Promoting_raw,-0.06579346126881819,0.1486991630353027,-0.0590073906288881,-0.9835971871265397,0.6082900585589736,0.6405648205710823,0.68,65,0.20455134278097492,0.8421210765264818,0.07462546302874805,0.857615,0.06670763161555607
Os_LEA_or3__Kappa_up_2_,nardini_Iso point_raw,0.24486391955098125,0.20451089039788437,0.2507707137101557,0.003062060622451836,0.030157724220194786,0.2266252767620948,0.24,25,0.23227055035953226,0.47596039336673773,0.32242918521634195,0.5050602248338012,0.2966568322704197
Os_LEA_or3__Kappa_up_2_,nardini_PPII_raw,-0.07852135229796553,0.1275211364454793,-0.07568998286559522,-5.401169642846835,4.989307396201698,0.593821633157092,0.508,52,0.22159724910839224,0.8149857611951358,0.0888499788531531,0.7482401171303076,0.12595901067770465
Os_LEA_or3__Kappa_up_2_,nardini_A Patch_raw,0.20379700866334854,0.07363265574204529,0.20379487278905575,1.3626272777718058,0.46271203404913724,0.006828770910287392,0.008,175,0.19369160996421197,0.04432092603709108,1.3533911740784266,0.05126114649681529,1.2902116846973815
Os_LEA_or3__Kappa_up_2_,nardini_D Patch_raw,0.22154026739907123,0.1483932570369626,0.2289381519824135,3.3674827995506287,1.5335333702691463,0.20753826632304934,0.162,32,0.17752052029465357,0.44996443086419746,0.34682181531341444,0.3936521739130435,0.40488734585835934
Os_LEA_or3__Kappa_up_2_,nardini_E Patch_raw,0.333064613416481,0.39810116231469705,0.37352108685170693,2.226885102013858,3.1394109569579656,0.36206259826316517,0.412,8,0.20527070327213365,0.6269884252027165,0.20274047658075003,0.6717536466774716,0.17278996728019852
Os_LEA_or3__Kappa_up_2_,nardini_K Patch_raw,0.36902610323816076,0.08406200435335066,0.37006092956520764,1.8823684971453567,1.5305030279336975,0.0003578079151923339,0.001,89,0.20755386975479648,0.004799396835779839,2.3188133391561103,0.011054945054945055,1.956443411601185
Os_LEA_or3__Kappa_up_2_,nardini_N Patch_raw,0.6661300551234061,0.2815886808980399,0.6707441766510145,3.3849237222257917,1.254536188716771,0.03375813699265283,0.044,10,0.16552664647558782,0.14501608590115875,0.8385838210020353,0.16959386973180077,0.770589850132185
Os_LEA_or3__Kappa_up_2_,nardini_Q Patch_raw,0.3049481032949485,0.3089328708503422,0.31579691522112047,2.2245283879378923,2.64872040686834,0.34413050523108746,0.326,11,0.16251960101240523,0.6090064911009021,0.2153780784110002,0.601754128440367,0.22058092148879482
Os_LEA_or3__Kappa_up_2_,nardini_R Patch_raw,0.10604096627038487,0.25762696774259963,0.10658555565629002,1.767700208481802,3.568834282142855,0.7416323499479267,0.68,12,0.183317409001141,0.8934077182340879,0.04895029993671736,0.857615,0.06670763161555607
Os_LEA_or3__Kappa_up_2_,nardini_S Patch_raw,0.28080262874729367,0.290133458427101,0.30521089015264,5.102926011259331,4.119804788609242,0.26864551666692,0.336,15,0.23596475518649793,0.523186227409474,0.2813436970973868,0.611240506329114,0.21378787319494558
Os_LEA_or3__Kappa_up_2_,nardini_T Patch_raw,-0.028386901980549467,0.23270185492759293,-0.02372206368097948,-0.7412177205734952,2.185544816042813,0.9305104988476879,0.894,16,0.16892831068413539,0.9720548053269049,0.012309248468723553,0.9527161016949153,0.0210364947822427
Os_LEA_or3__Kappa_up_2_,nardini_Frac A_zscore,0.14948820307163715,0.09257053985309767,0.15366336465704128,0.07099658738048402,0.031539733740300176,0.10735504580075174,0.12,111,0.1944596075623681,0.30856907450158927,0.510647602078181,0.33348066298342544,0.4769293437656323
Os_LEA_or3__Kappa_up_2_,nardini_Frac D_zscore,-0.05668167431692194,0.09954477714194963,-0.057086958910033056,0.027420747186355517,0.08136958457537931,0.549932141286714,0.578,112,0.1935930375027912,0.7836143542980656,0.10589761717022647,0.8081440443213297,0.09251122328679322
Os_LEA_or3__Kappa_up_2_,nardini_Frac E_zscore,-0.12158466336989018,0.06618628239271095,-0.12155438911098838,-0.09095710877870562,0.061203253373786536,0.06753820936994727,0.06,227,0.1943879530547495,0.23031674110565067,0.6376744931883545,0.21634408602150537,0.6648549721700453
Os_LEA_or3__Kappa_up_2_,nardini_Frac G_zscore,-0.07652632447982036,0.07098620404704463,-0.08074004788254749,-0.06582469828588915,0.05886364614999016,0.21951428239347906,0.262,233,0.19214837442487964,0.4629588429514464,0.334457616052385,0.526763779527559,0.2783840949329437
Os_LEA_or3__Kappa_up_2_,nardini_Frac K_zscore,0.03599244748664125,0.09538380950827201,0.03202514978765906,-0.03313862648999005,0.043020868080052684,0.729527358318973,0.704,119,0.2076728200309628,0.8871039396772885,0.052025492024304926,0.8725257985257985,0.059221723117488904
Os_LEA_or3__Kappa_up_2_,nardini_Frac L_zscore,0.11997518877424793,0.07790990807678831,0.12041512255829807,0.007018143179444629,0.0751995663590699,0.11038100745597226,0.13,177,0.19707597868332571,0.3136816200584975,0.5035109277192978,0.3441578947368421,0.4632422635900648
Os_LEA_or3__Kappa_up_2_,nardini_Frac M_zscore,-0.07408103449221115,0.06763692050972053,-0.0748078481241909,-0.07792227961669189,0.06105803765749217,0.25539391649550974,0.272,233,0.19214837442487964,0.5102532333294368,0.292214234602713,0.5323579766536966,0.2737962342411684
Os_LEA_or3__Kappa_up_2_,nardini_Frac N_zscore,0.14126653089597033,0.08052701473869889,0.14470996674705297,0.17800753374362563,0.03272751903868664,0.053951438399225185,0.084,178,0.17898782962532442,0.19954098172654608,0.6999678954164212,0.2691210191082803,0.5700523812914247
Os_LEA_or3__Kappa_up_2_,nardini_Frac Q_zscore,0.04147414466337125,0.07807496728064046,0.03727671036795192,0.14188332005271567,0.03824118109111407,0.6163789853587636,0.58,183,0.17908367990355173,0.8256687873114729,0.08319413269197481,0.8081440443213297,0.09251122328679322
Os_LEA_or3__Kappa_up_2_,nardini_Frac R_zscore,-0.06028920662381769,0.12289902553149416,-0.05379934474647286,-0.052571763105800716,0.05334025049225583,0.6466487621583314,0.63,75,0.18953078820211716,0.845941033460704,0.07265990851552485,0.837225891677675,0.07715734932658247
Os_LEA_or3__Kappa_up_2_,nardini_Frac S_zscore,-0.24010103860895673,0.06319923647601107,-0.23789516465068902,-0.22564786138404166,0.05419472434798077,0.00026367382110095976,0.001,231,0.19254604528870603,0.00390082152981714,2.4088439190521305,0.011054945054945055,1.956443411601185
Os_LEA_or3__Kappa_up_2_,nardini_Frac T_zscore,0.15342647494182293,0.10697131703916186,0.1549539075475477,0.05273556807514797,0.0799365726756471,0.11100975056787589,0.152,107,0.18543546062010646,0.31369609289686273,0.5034908904316773,0.37849504950495044,0.4219397964459239
Os_LEA_or3__Kappa_up_2_,nardini_Frac V_zscore,-0.06609667265192763,0.07162197427730276,-0.07000574541636527,-0.11100486253362081,0.033002266176832815,0.3080373383107797,0.382,214,0.19286330317534564,0.575995469034655,0.23958093286322296,0.649141891891892,0.1876603630913024
Os_LEA_or3__Kappa_up_2_,nardini_Frac Y_zscore,0.015507820420741546,0.2590065121950265,0.023843791217505964,0.06996327378030406,0.10389546567598791,0.9301547283800644,0.958,16,0.21272379928112556,0.9720548053269049,0.012309248468723553,0.9874467213114754,0.005486327868238824
Os_LEA_or3__Kappa_up_2_,nardini_Frac K+R_zscore,0.01447696620623807,0.1766544039341661,0.01307986849966703,-0.0309659449873581,0.055580363912272404,0.9370092226477976,0.966,39,0.2128730235074849,0.974799666994503,0.011084627848489414,0.9876348884381339,0.005403576912908962
Os_LEA_or3__Kappa_up_2_,nardini_Frac D+E_zscore,-0.16868317921260564,0.17215659815541454,-0.17187373673617232,0.01061233631315352,0.0994591312562011,0.29545030026198665,0.304,39,0.2117660033024213,0.5618582269632487,0.2503732556319911,0.5737786116322701,0.24125564469791
Os_LEA_or3__Kappa_up_2_,nardini_Frac Polar_zscore,0.027654518846664478,0.07758684235552049,0.027184761977309527,0.14391109155939016,0.04428900512649642,0.6797516799946358,0.722,233,0.19214837442487964,0.8592354447421158,0.0658878159806375,0.8810084439083232,0.055019929130271275
Os_LEA_or3__Kappa_up_2_,nardini_Frac Aliphatic_zscore,-0.12500599574062454,0.14208146679246106,-0.12571068428500007,-0.04833235562805882,0.05901308664625785,0.3604453998931869,0.392,55,0.23081354346497793,0.6269884252027165,0.20274047658075003,0.6561597337770383,0.18299042426237366
Os_LEA_or3__Kappa_up_2_,nardini_Frac Aromatic_zscore,0.08138675293927052,0.2513363921870865,0.06919990614769093,0.16209540056275812,0.2635971259461237,0.8493480024065823,0.6629086809470124,10,0.1717434132802635,0.9310169202588074,0.031042426098939303,0.8527955665379724,0.06915506609552735
Os_LEA_or3__Kappa_up_2_,nardini_R/K Ratio_zscore,0.025688293617264144,0.06936067641262007,0.02764204099224059,0.02131865071311163,0.02121708934850672,0.680726291709211,0.7,224,0.1943708992957691,0.8592354447421158,0.0658878159806375,0.8725257985257985,0.059221723117488904
Os_LEA_or3__Kappa_up_2_,nardini_E/D Ratio_zscore,-0.10202748513244662,0.06542045711302145,-0.10621691522865541,-0.08829961308830415,0.043282482901033106,0.11208803919162591,0.116,225,0.19530189990844743,0.31527705548684665,0.501307634193538,0.32779775280898876,0.4843940280260481
Os_LEA_or3__Kappa_up_2_,nardini_Frac Chain Expanding_zscore,-0.08429598206832914,0.12041415890663953,-0.07734061404458703,-0.06632205462215802,0.05396965402406114,0.5124906022879563,0.494,74,0.21409209410945645,0.7493685260198896,0.12530455151835448,0.730829411764706,0.13618398306268076
Os_LEA_or3__Kappa_up_2_,nardini_FCR_zscore,-0.16191737110526186,0.2699397909114287,-0.17491676510135262,-0.018307550459789015,0.0700724780425086,0.448234173934303,0.542,21,0.17334306145130224,0.6905414685726016,0.1608102359391012,0.7756073968705548,0.11035805776152842
Os_LEA_or3__Kappa_up_2_,nardini_Hydrophobicity_zscore,0.04785748840151349,0.06767285952410097,0.04226473417732526,-0.06636427188032844,0.05556133207950939,0.5208988576666336,0.44,233,0.19214837442487964,0.7572604780529384,0.12075470871271705,0.6905460218408737,0.16080737231272138
Os_LEA_or3__Kappa_up_2_,nardini_Disorder Promoting_zscore,-0.19363219811247254,0.09327257778810306,-0.1917239817472533,-0.0794003958169477,0.03928316620598516,0.027646792125365804,0.04,132,0.1929670798250281,0.1252823102617928,0.9021102466279475,0.16096,0.7932820366241666
Os_LEA_or3__Kappa_up_2_,nardini_Iso point_zscore,0.07690221806335831,0.06957574340234401,0.07694143660456865,0.01044611924805942,0.10237906306754818,0.2420497745903711,0.278,233,0.19214837442487964,0.49492291308518965,0.3054624395084841,0.537823076923077,0.26936056699681427
Os_LEA_or3__Kappa_up_2_,nardini_PPII_zscore,-0.07312707228362815,0.06946940566726112,-0.0727293226199005,-0.1113049160482345,0.059993788760626825,0.26887403535854676,0.314,233,0.19214837442487964,0.523186227409474,0.2813436970973868,0.5871449814126395,0.23125464687326558
Os_LEA_or3__Kappa_up_2_,nardini_A Patch_zscore,0.007722504730031545,0.10502553423640291,0.005290822600526744,-0.01478064376129716,0.03393706982195766,0.9589801752297604,0.916,97,0.1756692193285143,0.9830810538965952,0.00741067361360542,0.963907949790795,0.015964437888341104
Os_LEA_or3__Kappa_up_2_,cider_kappa,-0.01412651594384185,0.09411752414178148,-0.00854711358663234,-0.3356571576509203,0.2254046004803405,0.9246314892850762,0.904,125,0.17230244859894403,0.9718768452850597,0.01238876470517583,0.9582971548998946,0.01849980123202076
Os_LEA_or3__Kappa_up_2_,cider_omega,0.15903412423268345,0.07797555672131908,0.15866837868689151,-0.004601765889697355,0.2188685160064989,0.03338479029167657,0.046,180,0.18644336773392653,0.14476335790270098,0.8393413516366468,0.1733183520599251,0.7611554489630925
Os_LEA_or3__Kappa_up_2_,cider_delta,-0.023259161383670034,0.09981995654553234,-0.017101162888413183,0.549241496032701,0.6789894480582512,0.8516938260492972,0.792,122,0.1745608321151044,0.9310169202588074,0.031042426098939303,0.9089398410896709,0.041464859954470266
Os_LEA_or3__Kappa_up_2_,cider_mean_net_charge,0.2832850173712026,0.17844214014746623,0.29232528005339636,0.9510537548038248,0.6511740185578058,0.13116827265988434,0.122,28,0.23259528525830317,0.34908804840170277,0.45706501971072017,0.33508979812486006,0.4748387941448036
Os_LEA_or3__Kappa_up_2_,cider_fraction_neutral,0.5556601866260525,0.18110875979177546,0.5756880401476294,1.3482194434261938,0.740019115768554,0.005054333766969831,0.018,22,0.15297820996236358,0.03555706132567587,1.4490741392310862,0.0943125,1.0254307428803349
Os_LEA_or3__Kappa_up_2_,sparrow_SCD,-0.06438107405559478,0.07108431901505644,-0.06401781317311085,-0.001265629011344148,0.004519646361310329,0.33058686480962074,0.362,233,0.19214837442487964,0.5992259207179792,0.2224094086241692,0.63463431542461,0.19747644878676687
Os_LEA_or3__Kappa_up_2_,sparrow_SHD,-0.10894829988313792,0.1318982543319035,-0.104631217838765,-0.10359025910168114,0.09542663576341427,0.4514747399456741,0.41,54,0.2185791749488548,0.6924629687725723,0.1596034466501529,0.6717536466774716,0.17278996728019852
Os_LEA_or3__Kappa_up_2_,sparrow_complexity,-0.44084161733643007,0.12326977915940514,-0.44331559425899053,-10.419142433881548,2.320472680830588,0.0008856131765343861,0.001,53,0.20718916487340436,0.010010414107793172,1.9995479563858607,0.011054945054945055,1.956443411601185
Os_LEA_or3__Kappa_up_2_,sparrow_scaled_rg,-0.3755465400880827,0.11959444062520984,-0.3832892649391855,-0.040862439178273105,0.01487572505296092,0.0022959026303019255,0.002,61,0.1806080487690106,0.020929255169766178,1.6792462270562662,0.019346153846153846,1.7134053629148907
Os_LEA_or3__Kappa_up_2_,sparrow_scaled_re,-0.32726575959272236,0.10104295624308858,-0.3305103884372177,-0.010161475315781465,0.0035859257482563187,0.0025822413257649214,0.004,81,0.20002404483015143,0.02220658241663294,1.6535182740406147,0.032192,1.4922520409601854
Os_LEA_or3__Kappa_up_2_,sparrow_prefactor,0.21804326290773896,0.17850916019278873,0.23391902215431626,0.00024152361584052639,0.009318877308187765,0.18302035989292426,0.244,34,0.18162886879145493,0.4262001899358375,0.37038636107872025,0.5092098765432098,0.2931031814390057
Os_LEA_or3__Kappa_up_2_,sparrow_scaling_exponent,-0.29634131510562495,0.1599406049964803,-0.31626363205310565,-0.07064894722668145,0.36875468760597513,0.05652050244176516,0.084,37,0.1706082959494172,0.20624766855720572,0.6856109520554351,0.2691210191082803,0.5700523812914247
Os_LEA_or3__Kappa_up_2_,sparrow_asphericity,-0.408808319226177,0.1336856341436284,-0.4225309574146784,-2.082710709717499,0.8819026732378417,0.004763624513442408,0.002,43,0.15966906506048864,0.03413576303154835,1.4667903849849333,0.019346153846153846,1.7134053629148907
Os_LEA_or3__Kappa_up_2_,mpipi_epsilon_self,-0.10839084844088628,0.07732475237069378,-0.1081056107289243,-0.004369397923164904,0.005766534637704334,0.13555468376220875,0.156,192,0.1926366115955753,0.3579212909836798,0.44621246679103843,0.38749629629629634,0.4117324441402983
Os_LEA_or3__Kappa_up_2_,calvados_epsilon_self,-0.15388444506335222,0.07681824294737699,-0.15343823713833568,-0.004146417865898926,0.0033492161286519818,0.038640492550717664,0.046,182,0.1948611565229233,0.15674328833073375,0.804811046371771,0.1733183520599251,0.7611554489630925
Os_LEA_or3__Kappa_up_2_,avg_helix_prob,0.017597490588413423,0.06636333549458935,0.014007073196870645,0.06682054496643733,0.13908260123460237,0.8378247849784461,0.766,216,0.19074632072433825,0.9310169202588074,0.031042426098939303,0.9036350877192982,0.044006913976752056
Os_LEA_or3__Kappa_up_2_,avg_beta_prob,0.13902604027251056,0.069379853522898,0.13554077644514492,-0.9270067776161962,5.692689956876537,0.05324320587070808,0.04,204,0.1902512499682057,0.1980070627157429,0.7033193186083174,0.16096,0.7932820366241666
Os_LEA_or3__Kappa_up_2_,avg_coil_prob,0.015337424927905534,0.06965585746669176,0.016966719945941032,-0.01909385929965269,0.134210897449481,0.7997508014209582,0.822,226,0.19119633362623148,0.9169166521170223,0.0376701399796914,0.9188133333333333,0.03677271117936592
Os_LEA_or3__Kappa_up_2_,avg_nes,0.012237708804453452,0.07205472476746229,0.011117844432136816,6.025669538609932,4.138267247383672,0.8718494257850542,0.836,213,0.19460508780559235,0.942084341933152,0.02591021440833256,0.923178924259056,0.03471411881407325
Os_LEA_or3__Kappa_up_2_,avg_nis,0.10621383303022111,0.06820731788038469,0.10777568738457288,0.5622633229793678,0.3660807629807405,0.10302838825034119,0.126,230,0.18941921891452684,0.30306011280655915,0.5184712194487008,0.339828418230563,0.46874030597121613
